[debug] [2026-08-13T02:18:23.294Z] ----------------------------------------------------------------------
[debug] [2026-08-13T02:18:23.336Z] Command:       C:\Program Files\nodejs\node.exe C:\Users\Manuel Lagos\AppData\Roaming\npm\node_modules\firebase-tools\lib\bin\firebase.js deploy --only functions:prepareDraftPreviewRender
[debug] [2026-08-13T02:18:23.339Z] CLI Version:   14.4.0
[debug] [2026-08-13T02:18:23.339Z] Platform:      win32
[debug] [2026-08-13T02:18:23.340Z] Node Version:  v22.13.1
[debug] [2026-08-13T02:18:23.344Z] Time:          Wed Aug 12 2026 23:18:23 GMT-0300 (hora estándar de Argentina)
[debug] [2026-08-13T02:18:23.346Z] ----------------------------------------------------------------------
[debug] 
[debug] [2026-08-13T02:18:24.280Z] > command requires scopes: ["email","openid","https://www.googleapis.com/auth/cloudplatformprojects.readonly","https://www.googleapis.com/auth/firebase","https://www.googleapis.com/auth/cloud-platform"]
[debug] [2026-08-13T02:18:24.282Z] > authorizing via signed-in user (reservaeldia.invitaciones@gmail.com)
[debug] [2026-08-13T02:18:24.283Z] [iam] checking project reservaeldia-7a440 for permissions ["cloudfunctions.functions.create","cloudfunctions.functions.delete","cloudfunctions.functions.get","cloudfunctions.functions.list","cloudfunctions.functions.update","cloudfunctions.operations.get","firebase.projects.get"]
[debug] [2026-08-13T02:18:24.290Z] Checked if tokens are valid: false, expires at: 1786586598361
[debug] [2026-08-13T02:18:24.291Z] Checked if tokens are valid: false, expires at: 1786586598361
[debug] [2026-08-13T02:18:24.292Z] > refreshing access token with scopes: []
[debug] [2026-08-13T02:18:24.298Z] >>> [apiv2][query] POST https://www.googleapis.com/oauth2/v3/token [none]
[debug] [2026-08-13T02:18:24.298Z] >>> [apiv2][body] POST https://www.googleapis.com/oauth2/v3/token [omitted]
[debug] [2026-08-13T02:18:24.747Z] <<< [apiv2][status] POST https://www.googleapis.com/oauth2/v3/token 200
[debug] [2026-08-13T02:18:24.747Z] <<< [apiv2][body] POST https://www.googleapis.com/oauth2/v3/token [omitted]
[debug] [2026-08-13T02:18:24.791Z] >>> [apiv2][query] POST https://cloudresourcemanager.googleapis.com/v1/projects/reservaeldia-7a440:testIamPermissions [none]
[debug] [2026-08-13T02:18:24.791Z] >>> [apiv2][(partial)header] POST https://cloudresourcemanager.googleapis.com/v1/projects/reservaeldia-7a440:testIamPermissions x-goog-quota-user=projects/reservaeldia-7a440
[debug] [2026-08-13T02:18:24.792Z] >>> [apiv2][body] POST https://cloudresourcemanager.googleapis.com/v1/projects/reservaeldia-7a440:testIamPermissions {"permissions":["cloudfunctions.functions.create","cloudfunctions.functions.delete","cloudfunctions.functions.get","cloudfunctions.functions.list","cloudfunctions.functions.update","cloudfunctions.operations.get","firebase.projects.get"]}
[debug] [2026-08-13T02:18:25.691Z] <<< [apiv2][status] POST https://cloudresourcemanager.googleapis.com/v1/projects/reservaeldia-7a440:testIamPermissions 200
[debug] [2026-08-13T02:18:25.691Z] <<< [apiv2][body] POST https://cloudresourcemanager.googleapis.com/v1/projects/reservaeldia-7a440:testIamPermissions {"permissions":["cloudfunctions.functions.create","cloudfunctions.functions.delete","cloudfunctions.functions.get","cloudfunctions.functions.list","cloudfunctions.functions.update","cloudfunctions.operations.get","firebase.projects.get"]}
[debug] [2026-08-13T02:18:25.693Z] Checked if tokens are valid: true, expires at: 1786591103748
[debug] [2026-08-13T02:18:25.693Z] Checked if tokens are valid: true, expires at: 1786591103748
[debug] [2026-08-13T02:18:25.694Z] >>> [apiv2][query] POST https://iam.googleapis.com/v1/projects/reservaeldia-7a440/serviceAccounts/reservaeldia-7a440@appspot.gserviceaccount.com:testIamPermissions [none]
[debug] [2026-08-13T02:18:25.694Z] >>> [apiv2][body] POST https://iam.googleapis.com/v1/projects/reservaeldia-7a440/serviceAccounts/reservaeldia-7a440@appspot.gserviceaccount.com:testIamPermissions {"permissions":["iam.serviceAccounts.actAs"]}
[debug] [2026-08-13T02:18:26.659Z] <<< [apiv2][status] POST https://iam.googleapis.com/v1/projects/reservaeldia-7a440/serviceAccounts/reservaeldia-7a440@appspot.gserviceaccount.com:testIamPermissions 200
[debug] [2026-08-13T02:18:26.666Z] <<< [apiv2][body] POST https://iam.googleapis.com/v1/projects/reservaeldia-7a440/serviceAccounts/reservaeldia-7a440@appspot.gserviceaccount.com:testIamPermissions {"permissions":["iam.serviceAccounts.actAs"]}
[info] 
[info] === Deploying to 'reservaeldia-7a440'...
[info] 
[info] i  deploying functions 
[info] Running command: npm --prefix functions run build
[info] +  functions: Finished running predeploy script. 
[debug] [2026-08-13T02:19:01.145Z] Checked if tokens are valid: true, expires at: 1786591103748
[debug] [2026-08-13T02:19:01.145Z] Checked if tokens are valid: true, expires at: 1786591103748
[debug] [2026-08-13T02:19:01.146Z] >>> [apiv2][query] GET https://serviceusage.googleapis.com/v1/projects/reservaeldia-7a440/services/cloudresourcemanager.googleapis.com [none]
[debug] [2026-08-13T02:19:01.146Z] >>> [apiv2][(partial)header] GET https://serviceusage.googleapis.com/v1/projects/reservaeldia-7a440/services/cloudresourcemanager.googleapis.com x-goog-quota-user=projects/reservaeldia-7a440
[debug] [2026-08-13T02:19:02.284Z] <<< [apiv2][status] GET https://serviceusage.googleapis.com/v1/projects/reservaeldia-7a440/services/cloudresourcemanager.googleapis.com 200
[debug] [2026-08-13T02:19:02.285Z] <<< [apiv2][body] GET https://serviceusage.googleapis.com/v1/projects/reservaeldia-7a440/services/cloudresourcemanager.googleapis.com [omitted]
[debug] [2026-08-13T02:19:02.286Z] Checked if tokens are valid: true, expires at: 1786591103748
[debug] [2026-08-13T02:19:02.287Z] Checked if tokens are valid: true, expires at: 1786591103748
[debug] [2026-08-13T02:19:02.288Z] >>> [apiv2][query] GET https://cloudresourcemanager.googleapis.com/v1/projects/reservaeldia-7a440 [none]
[debug] [2026-08-13T02:19:03.290Z] <<< [apiv2][status] GET https://cloudresourcemanager.googleapis.com/v1/projects/reservaeldia-7a440 200
[debug] [2026-08-13T02:19:03.292Z] <<< [apiv2][body] GET https://cloudresourcemanager.googleapis.com/v1/projects/reservaeldia-7a440 {"projectNumber":"860495975406","projectId":"reservaeldia-7a440","lifecycleState":"ACTIVE","name":"reservaeldia","labels":{"firebase":"enabled","firebase-core":"disabled"},"createTime":"2025-05-13T16:59:45.366548Z"}
[info] i  functions: preparing codebase default for deployment 
[info] i  functions: ensuring required API cloudfunctions.googleapis.com is enabled... 
[debug] [2026-08-13T02:19:03.304Z] Checked if tokens are valid: true, expires at: 1786591103748
[debug] [2026-08-13T02:19:03.305Z] Checked if tokens are valid: true, expires at: 1786591103748
[debug] [2026-08-13T02:19:03.307Z] Checked if tokens are valid: true, expires at: 1786591103748
[debug] [2026-08-13T02:19:03.307Z] Checked if tokens are valid: true, expires at: 1786591103748
[info] i  functions: ensuring required API cloudbuild.googleapis.com is enabled... 
[debug] [2026-08-13T02:19:03.311Z] Checked if tokens are valid: true, expires at: 1786591103748
[debug] [2026-08-13T02:19:03.312Z] Checked if tokens are valid: true, expires at: 1786591103748
[info] i  artifactregistry: ensuring required API artifactregistry.googleapis.com is enabled... 
[debug] [2026-08-13T02:19:03.314Z] Checked if tokens are valid: true, expires at: 1786591103748
[debug] [2026-08-13T02:19:03.314Z] Checked if tokens are valid: true, expires at: 1786591103748
[debug] [2026-08-13T02:19:03.316Z] >>> [apiv2][query] GET https://serviceusage.googleapis.com/v1/projects/reservaeldia-7a440/services/cloudfunctions.googleapis.com [none]
[debug] [2026-08-13T02:19:03.317Z] >>> [apiv2][(partial)header] GET https://serviceusage.googleapis.com/v1/projects/reservaeldia-7a440/services/cloudfunctions.googleapis.com x-goog-quota-user=projects/reservaeldia-7a440
[debug] [2026-08-13T02:19:03.326Z] >>> [apiv2][query] GET https://serviceusage.googleapis.com/v1/projects/reservaeldia-7a440/services/runtimeconfig.googleapis.com [none]
[debug] [2026-08-13T02:19:03.327Z] >>> [apiv2][(partial)header] GET https://serviceusage.googleapis.com/v1/projects/reservaeldia-7a440/services/runtimeconfig.googleapis.com x-goog-quota-user=projects/reservaeldia-7a440
[debug] [2026-08-13T02:19:03.342Z] >>> [apiv2][query] GET https://serviceusage.googleapis.com/v1/projects/reservaeldia-7a440/services/cloudbuild.googleapis.com [none]
[debug] [2026-08-13T02:19:03.347Z] >>> [apiv2][(partial)header] GET https://serviceusage.googleapis.com/v1/projects/reservaeldia-7a440/services/cloudbuild.googleapis.com x-goog-quota-user=projects/reservaeldia-7a440
[debug] [2026-08-13T02:19:03.363Z] >>> [apiv2][query] GET https://serviceusage.googleapis.com/v1/projects/reservaeldia-7a440/services/artifactregistry.googleapis.com [none]
[debug] [2026-08-13T02:19:03.364Z] >>> [apiv2][(partial)header] GET https://serviceusage.googleapis.com/v1/projects/reservaeldia-7a440/services/artifactregistry.googleapis.com x-goog-quota-user=projects/reservaeldia-7a440
[debug] [2026-08-13T02:19:04.393Z] <<< [apiv2][status] GET https://serviceusage.googleapis.com/v1/projects/reservaeldia-7a440/services/runtimeconfig.googleapis.com 200
[debug] [2026-08-13T02:19:04.394Z] <<< [apiv2][body] GET https://serviceusage.googleapis.com/v1/projects/reservaeldia-7a440/services/runtimeconfig.googleapis.com [omitted]
[debug] [2026-08-13T02:19:04.401Z] <<< [apiv2][status] GET https://serviceusage.googleapis.com/v1/projects/reservaeldia-7a440/services/cloudfunctions.googleapis.com 200
[debug] [2026-08-13T02:19:04.404Z] <<< [apiv2][body] GET https://serviceusage.googleapis.com/v1/projects/reservaeldia-7a440/services/cloudfunctions.googleapis.com [omitted]
[info] +  functions: required API cloudfunctions.googleapis.com is enabled 
[debug] [2026-08-13T02:19:04.429Z] <<< [apiv2][status] GET https://serviceusage.googleapis.com/v1/projects/reservaeldia-7a440/services/artifactregistry.googleapis.com 200
[debug] [2026-08-13T02:19:04.430Z] <<< [apiv2][body] GET https://serviceusage.googleapis.com/v1/projects/reservaeldia-7a440/services/artifactregistry.googleapis.com [omitted]
[info] +  artifactregistry: required API artifactregistry.googleapis.com is enabled 
[debug] [2026-08-13T02:19:04.447Z] <<< [apiv2][status] GET https://serviceusage.googleapis.com/v1/projects/reservaeldia-7a440/services/cloudbuild.googleapis.com 200
[debug] [2026-08-13T02:19:04.449Z] <<< [apiv2][body] GET https://serviceusage.googleapis.com/v1/projects/reservaeldia-7a440/services/cloudbuild.googleapis.com [omitted]
[info] +  functions: required API cloudbuild.googleapis.com is enabled 
[debug] [2026-08-13T02:19:04.452Z] Checked if tokens are valid: true, expires at: 1786591103748
[debug] [2026-08-13T02:19:04.454Z] Checked if tokens are valid: true, expires at: 1786591103748
[debug] [2026-08-13T02:19:04.456Z] >>> [apiv2][query] GET https://firebase.googleapis.com/v1beta1/projects/reservaeldia-7a440/adminSdkConfig [none]
[debug] [2026-08-13T02:19:05.017Z] <<< [apiv2][status] GET https://firebase.googleapis.com/v1beta1/projects/reservaeldia-7a440/adminSdkConfig 200
[debug] [2026-08-13T02:19:05.018Z] <<< [apiv2][body] GET https://firebase.googleapis.com/v1beta1/projects/reservaeldia-7a440/adminSdkConfig {"projectId":"reservaeldia-7a440","storageBucket":"reservaeldia-7a440.firebasestorage.app"}
[debug] [2026-08-13T02:19:05.020Z] Checked if tokens are valid: true, expires at: 1786591103748
[debug] [2026-08-13T02:19:05.021Z] Checked if tokens are valid: true, expires at: 1786591103748
[debug] [2026-08-13T02:19:05.023Z] >>> [apiv2][query] GET https://runtimeconfig.googleapis.com/v1beta1/projects/reservaeldia-7a440/configs [none]
[debug] [2026-08-13T02:19:05.639Z] <<< [apiv2][status] GET https://runtimeconfig.googleapis.com/v1beta1/projects/reservaeldia-7a440/configs 200
[debug] [2026-08-13T02:19:05.640Z] <<< [apiv2][body] GET https://runtimeconfig.googleapis.com/v1beta1/projects/reservaeldia-7a440/configs {"configs":[{"name":"projects/reservaeldia-7a440/configs/superadmins"}]}
[debug] [2026-08-13T02:19:05.643Z] Checked if tokens are valid: true, expires at: 1786591103748
[debug] [2026-08-13T02:19:05.645Z] Checked if tokens are valid: true, expires at: 1786591103748
[debug] [2026-08-13T02:19:05.647Z] >>> [apiv2][query] GET https://runtimeconfig.googleapis.com/v1beta1/projects/reservaeldia-7a440/configs/superadmins/variables [none]
[debug] [2026-08-13T02:19:06.626Z] <<< [apiv2][status] GET https://runtimeconfig.googleapis.com/v1beta1/projects/reservaeldia-7a440/configs/superadmins/variables 200
[debug] [2026-08-13T02:19:06.628Z] <<< [apiv2][body] GET https://runtimeconfig.googleapis.com/v1beta1/projects/reservaeldia-7a440/configs/superadmins/variables {"variables":[{"name":"projects/reservaeldia-7a440/configs/superadmins/variables/uids","updateTime":"2026-02-17T19:50:58.266558105Z"}]}
[debug] [2026-08-13T02:19:06.631Z] Checked if tokens are valid: true, expires at: 1786591103748
[debug] [2026-08-13T02:19:06.634Z] Checked if tokens are valid: true, expires at: 1786591103748
[debug] [2026-08-13T02:19:06.635Z] >>> [apiv2][query] GET https://runtimeconfig.googleapis.com/v1beta1/projects/reservaeldia-7a440/configs/superadmins/variables/uids [none]
[debug] [2026-08-13T02:19:07.661Z] <<< [apiv2][status] GET https://runtimeconfig.googleapis.com/v1beta1/projects/reservaeldia-7a440/configs/superadmins/variables/uids 200
[debug] [2026-08-13T02:19:07.662Z] <<< [apiv2][body] GET https://runtimeconfig.googleapis.com/v1beta1/projects/reservaeldia-7a440/configs/superadmins/variables/uids {"name":"projects/reservaeldia-7a440/configs/superadmins/variables/uids","updateTime":"2026-02-17T19:50:58.266558105Z","text":"8mvF9cwdbtYo2leAjO11cNxhaLV2"}
[debug] [2026-08-13T02:19:07.675Z] Validating nodejs source
[warn] !  functions: Runtime Node.js 20 was deprecated on 2026-04-30 and will be decommissioned on 2026-10-30, after which you will not be able to deploy without upgrading. Consider upgrading now to avoid disruption. See https://cloud.google.com/functions/docs/runtime-support for full details on the lifecycle policy 
[warn] !  functions: package.json indicates an outdated version of firebase-functions. Please upgrade using npm install --save firebase-functions@latest in your functions directory. 
[warn] !  functions: Please note that there will be breaking changes when you upgrade. 
[debug] [2026-08-13T02:19:17.212Z] > [functions] package.json contents: {
  "name": "functions",
  "scripts": {
    "lint": "eslint .",
    "build": "node scripts/syncTemplateContract.cjs && tsc",
    "build:watch": "tsc --watch",
    "serve": "npm run build && firebase emulators:start --only functions",
    "shell": "npm run build && firebase functions:shell",
    "start": "npm run shell",
    "deploy": "firebase deploy --only functions",
    "logs": "firebase functions:log",
    "dev": "npm run build && concurrently -k \"npm:build:watch\" \"firebase emulators:start --only functions\""
  },
  "engines": {
    "node": "20"
  },
  "main": "lib/index.js",
  "dependencies": {
    "@sparticuz/chromium": "^147.0.0",
    "express": "^5.1.0",
    "firebase-admin": "^13.4.0",
    "firebase-functions": "^6.4.0",
    "jsdom": "^26.1.0",
    "mercadopago": "^2.12.0",
    "puppeteer-core": "^24.42.0",
    "sharp": "^0.34.4"
  },
  "devDependencies": {
    "@types/jsdom": "^21.1.7",
    "@typescript-eslint/eslint-plugin": "^6.21.0",
    "@typescript-eslint/parser": "^6.21.0",
    "concurrently": "^9.2.1",
    "eslint": "^8.57.1",
    "eslint-plugin-import": "^2.25.4",
    "firebase-functions-test": "^3.1.0",
    "typescript": "^5.3.3"
  },
  "private": true
}
[debug] [2026-08-13T02:19:17.214Z] Building nodejs source
[info] i  functions: Loading and analyzing source code for codebase default to determine what to deploy 
[debug] [2026-08-13T02:19:17.228Z] Could not find functions.yaml. Must use http discovery
[debug] [2026-08-13T02:19:17.308Z] Found firebase-functions binary at 'C:\Reservaeldia\functions\node_modules\.bin\firebase-functions'
[info] Serving at port 8022

[error] (node:14488) [DEP0040] DeprecationWarning: The `punycode` module is deprecated. Please use a userland alternative instead.
(Use `node --trace-deprecation ...` to show where the warning was created)

[error] 
[error] Error: User code failed to load. Cannot determine backend specification. Timeout after 10000. See https://firebase.google.com/docs/functions/tips#avoid_deployment_timeouts_during_initialization'
[debug] [2026-08-13T02:20:52.171Z] ----------------------------------------------------------------------
[debug] [2026-08-13T02:20:52.208Z] Command:       C:\Program Files\nodejs\node.exe C:\Users\Manuel Lagos\AppData\Roaming\npm\node_modules\firebase-tools\lib\bin\firebase.js deploy --only functions:prepareDraftPreviewRender
[debug] [2026-08-13T02:20:52.212Z] CLI Version:   14.4.0
[debug] [2026-08-13T02:20:52.213Z] Platform:      win32
[debug] [2026-08-13T02:20:52.213Z] Node Version:  v22.13.1
[debug] [2026-08-13T02:20:52.216Z] Time:          Wed Aug 12 2026 23:20:52 GMT-0300 (hora estándar de Argentina)
[debug] [2026-08-13T02:20:52.216Z] ----------------------------------------------------------------------
[debug] 
[debug] [2026-08-13T02:20:53.547Z] > command requires scopes: ["email","openid","https://www.googleapis.com/auth/cloudplatformprojects.readonly","https://www.googleapis.com/auth/firebase","https://www.googleapis.com/auth/cloud-platform"]
[debug] [2026-08-13T02:20:53.548Z] > authorizing via signed-in user (reservaeldia.invitaciones@gmail.com)
[debug] [2026-08-13T02:20:53.549Z] [iam] checking project reservaeldia-7a440 for permissions ["cloudfunctions.functions.create","cloudfunctions.functions.delete","cloudfunctions.functions.get","cloudfunctions.functions.list","cloudfunctions.functions.update","cloudfunctions.operations.get","firebase.projects.get"]
[debug] [2026-08-13T02:20:53.557Z] Checked if tokens are valid: true, expires at: 1786591103748
[debug] [2026-08-13T02:20:53.558Z] Checked if tokens are valid: true, expires at: 1786591103748
[debug] [2026-08-13T02:20:53.562Z] >>> [apiv2][query] POST https://cloudresourcemanager.googleapis.com/v1/projects/reservaeldia-7a440:testIamPermissions [none]
[debug] [2026-08-13T02:20:53.563Z] >>> [apiv2][(partial)header] POST https://cloudresourcemanager.googleapis.com/v1/projects/reservaeldia-7a440:testIamPermissions x-goog-quota-user=projects/reservaeldia-7a440
[debug] [2026-08-13T02:20:53.563Z] >>> [apiv2][body] POST https://cloudresourcemanager.googleapis.com/v1/projects/reservaeldia-7a440:testIamPermissions {"permissions":["cloudfunctions.functions.create","cloudfunctions.functions.delete","cloudfunctions.functions.get","cloudfunctions.functions.list","cloudfunctions.functions.update","cloudfunctions.operations.get","firebase.projects.get"]}
[debug] [2026-08-13T02:20:54.815Z] <<< [apiv2][status] POST https://cloudresourcemanager.googleapis.com/v1/projects/reservaeldia-7a440:testIamPermissions 200
[debug] [2026-08-13T02:20:54.817Z] <<< [apiv2][body] POST https://cloudresourcemanager.googleapis.com/v1/projects/reservaeldia-7a440:testIamPermissions {"permissions":["cloudfunctions.functions.create","cloudfunctions.functions.delete","cloudfunctions.functions.get","cloudfunctions.functions.list","cloudfunctions.functions.update","cloudfunctions.operations.get","firebase.projects.get"]}
[debug] [2026-08-13T02:20:54.819Z] Checked if tokens are valid: true, expires at: 1786591103748
[debug] [2026-08-13T02:20:54.820Z] Checked if tokens are valid: true, expires at: 1786591103748
[debug] [2026-08-13T02:20:54.822Z] >>> [apiv2][query] POST https://iam.googleapis.com/v1/projects/reservaeldia-7a440/serviceAccounts/reservaeldia-7a440@appspot.gserviceaccount.com:testIamPermissions [none]
[debug] [2026-08-13T02:20:54.824Z] >>> [apiv2][body] POST https://iam.googleapis.com/v1/projects/reservaeldia-7a440/serviceAccounts/reservaeldia-7a440@appspot.gserviceaccount.com:testIamPermissions {"permissions":["iam.serviceAccounts.actAs"]}
[debug] [2026-08-13T02:20:55.733Z] <<< [apiv2][status] POST https://iam.googleapis.com/v1/projects/reservaeldia-7a440/serviceAccounts/reservaeldia-7a440@appspot.gserviceaccount.com:testIamPermissions 200
[debug] [2026-08-13T02:20:55.733Z] <<< [apiv2][body] POST https://iam.googleapis.com/v1/projects/reservaeldia-7a440/serviceAccounts/reservaeldia-7a440@appspot.gserviceaccount.com:testIamPermissions {"permissions":["iam.serviceAccounts.actAs"]}
[info] 
[info] === Deploying to 'reservaeldia-7a440'...
[info] 
[info] i  deploying functions 
[info] Running command: npm --prefix functions run build
[info] +  functions: Finished running predeploy script. 
[debug] [2026-08-13T02:21:22.882Z] Checked if tokens are valid: true, expires at: 1786591103748
[debug] [2026-08-13T02:21:22.882Z] Checked if tokens are valid: true, expires at: 1786591103748
[debug] [2026-08-13T02:21:22.883Z] >>> [apiv2][query] GET https://serviceusage.googleapis.com/v1/projects/reservaeldia-7a440/services/cloudresourcemanager.googleapis.com [none]
[debug] [2026-08-13T02:21:22.884Z] >>> [apiv2][(partial)header] GET https://serviceusage.googleapis.com/v1/projects/reservaeldia-7a440/services/cloudresourcemanager.googleapis.com x-goog-quota-user=projects/reservaeldia-7a440
[debug] [2026-08-13T02:21:23.960Z] <<< [apiv2][status] GET https://serviceusage.googleapis.com/v1/projects/reservaeldia-7a440/services/cloudresourcemanager.googleapis.com 200
[debug] [2026-08-13T02:21:23.961Z] <<< [apiv2][body] GET https://serviceusage.googleapis.com/v1/projects/reservaeldia-7a440/services/cloudresourcemanager.googleapis.com [omitted]
[debug] [2026-08-13T02:21:23.961Z] Checked if tokens are valid: true, expires at: 1786591103748
[debug] [2026-08-13T02:21:23.962Z] Checked if tokens are valid: true, expires at: 1786591103748
[debug] [2026-08-13T02:21:23.962Z] >>> [apiv2][query] GET https://cloudresourcemanager.googleapis.com/v1/projects/reservaeldia-7a440 [none]
[debug] [2026-08-13T02:21:24.970Z] <<< [apiv2][status] GET https://cloudresourcemanager.googleapis.com/v1/projects/reservaeldia-7a440 200
[debug] [2026-08-13T02:21:24.971Z] <<< [apiv2][body] GET https://cloudresourcemanager.googleapis.com/v1/projects/reservaeldia-7a440 {"projectNumber":"860495975406","projectId":"reservaeldia-7a440","lifecycleState":"ACTIVE","name":"reservaeldia","labels":{"firebase":"enabled","firebase-core":"disabled"},"createTime":"2025-05-13T16:59:45.366548Z"}
[info] i  functions: preparing codebase default for deployment 
[info] i  functions: ensuring required API cloudfunctions.googleapis.com is enabled... 
[debug] [2026-08-13T02:21:24.981Z] Checked if tokens are valid: true, expires at: 1786591103748
[debug] [2026-08-13T02:21:24.982Z] Checked if tokens are valid: true, expires at: 1786591103748
[debug] [2026-08-13T02:21:24.984Z] Checked if tokens are valid: true, expires at: 1786591103748
[debug] [2026-08-13T02:21:24.985Z] Checked if tokens are valid: true, expires at: 1786591103748
[info] i  functions: ensuring required API cloudbuild.googleapis.com is enabled... 
[debug] [2026-08-13T02:21:24.989Z] Checked if tokens are valid: true, expires at: 1786591103748
[debug] [2026-08-13T02:21:24.990Z] Checked if tokens are valid: true, expires at: 1786591103748
[info] i  artifactregistry: ensuring required API artifactregistry.googleapis.com is enabled... 
[debug] [2026-08-13T02:21:24.993Z] Checked if tokens are valid: true, expires at: 1786591103748
[debug] [2026-08-13T02:21:24.994Z] Checked if tokens are valid: true, expires at: 1786591103748
[debug] [2026-08-13T02:21:24.996Z] >>> [apiv2][query] GET https://serviceusage.googleapis.com/v1/projects/reservaeldia-7a440/services/cloudfunctions.googleapis.com [none]
[debug] [2026-08-13T02:21:24.998Z] >>> [apiv2][(partial)header] GET https://serviceusage.googleapis.com/v1/projects/reservaeldia-7a440/services/cloudfunctions.googleapis.com x-goog-quota-user=projects/reservaeldia-7a440
[debug] [2026-08-13T02:21:25.006Z] >>> [apiv2][query] GET https://serviceusage.googleapis.com/v1/projects/reservaeldia-7a440/services/runtimeconfig.googleapis.com [none]
[debug] [2026-08-13T02:21:25.007Z] >>> [apiv2][(partial)header] GET https://serviceusage.googleapis.com/v1/projects/reservaeldia-7a440/services/runtimeconfig.googleapis.com x-goog-quota-user=projects/reservaeldia-7a440
[debug] [2026-08-13T02:21:25.021Z] >>> [apiv2][query] GET https://serviceusage.googleapis.com/v1/projects/reservaeldia-7a440/services/cloudbuild.googleapis.com [none]
[debug] [2026-08-13T02:21:25.025Z] >>> [apiv2][(partial)header] GET https://serviceusage.googleapis.com/v1/projects/reservaeldia-7a440/services/cloudbuild.googleapis.com x-goog-quota-user=projects/reservaeldia-7a440
[debug] [2026-08-13T02:21:25.039Z] >>> [apiv2][query] GET https://serviceusage.googleapis.com/v1/projects/reservaeldia-7a440/services/artifactregistry.googleapis.com [none]
[debug] [2026-08-13T02:21:25.039Z] >>> [apiv2][(partial)header] GET https://serviceusage.googleapis.com/v1/projects/reservaeldia-7a440/services/artifactregistry.googleapis.com x-goog-quota-user=projects/reservaeldia-7a440
[debug] [2026-08-13T02:21:25.422Z] <<< [apiv2][status] GET https://serviceusage.googleapis.com/v1/projects/reservaeldia-7a440/services/cloudfunctions.googleapis.com 200
[debug] [2026-08-13T02:21:25.423Z] <<< [apiv2][body] GET https://serviceusage.googleapis.com/v1/projects/reservaeldia-7a440/services/cloudfunctions.googleapis.com [omitted]
[info] +  functions: required API cloudfunctions.googleapis.com is enabled 
[debug] [2026-08-13T02:21:26.034Z] <<< [apiv2][status] GET https://serviceusage.googleapis.com/v1/projects/reservaeldia-7a440/services/runtimeconfig.googleapis.com 200
[debug] [2026-08-13T02:21:26.034Z] <<< [apiv2][body] GET https://serviceusage.googleapis.com/v1/projects/reservaeldia-7a440/services/runtimeconfig.googleapis.com [omitted]
[debug] [2026-08-13T02:21:26.040Z] <<< [apiv2][status] GET https://serviceusage.googleapis.com/v1/projects/reservaeldia-7a440/services/cloudbuild.googleapis.com 200
[debug] [2026-08-13T02:21:26.040Z] <<< [apiv2][body] GET https://serviceusage.googleapis.com/v1/projects/reservaeldia-7a440/services/cloudbuild.googleapis.com [omitted]
[info] +  functions: required API cloudbuild.googleapis.com is enabled 
[debug] [2026-08-13T02:21:26.049Z] <<< [apiv2][status] GET https://serviceusage.googleapis.com/v1/projects/reservaeldia-7a440/services/artifactregistry.googleapis.com 200
[debug] [2026-08-13T02:21:26.049Z] <<< [apiv2][body] GET https://serviceusage.googleapis.com/v1/projects/reservaeldia-7a440/services/artifactregistry.googleapis.com [omitted]
[info] +  artifactregistry: required API artifactregistry.googleapis.com is enabled 
[debug] [2026-08-13T02:21:26.050Z] Checked if tokens are valid: true, expires at: 1786591103748
[debug] [2026-08-13T02:21:26.050Z] Checked if tokens are valid: true, expires at: 1786591103748
[debug] [2026-08-13T02:21:26.051Z] >>> [apiv2][query] GET https://firebase.googleapis.com/v1beta1/projects/reservaeldia-7a440/adminSdkConfig [none]
[debug] [2026-08-13T02:21:26.507Z] <<< [apiv2][status] GET https://firebase.googleapis.com/v1beta1/projects/reservaeldia-7a440/adminSdkConfig 200
[debug] [2026-08-13T02:21:26.508Z] <<< [apiv2][body] GET https://firebase.googleapis.com/v1beta1/projects/reservaeldia-7a440/adminSdkConfig {"projectId":"reservaeldia-7a440","storageBucket":"reservaeldia-7a440.firebasestorage.app"}
[debug] [2026-08-13T02:21:26.512Z] Checked if tokens are valid: true, expires at: 1786591103748
[debug] [2026-08-13T02:21:26.514Z] Checked if tokens are valid: true, expires at: 1786591103748
[debug] [2026-08-13T02:21:26.516Z] >>> [apiv2][query] GET https://runtimeconfig.googleapis.com/v1beta1/projects/reservaeldia-7a440/configs [none]
[debug] [2026-08-13T02:21:27.604Z] <<< [apiv2][status] GET https://runtimeconfig.googleapis.com/v1beta1/projects/reservaeldia-7a440/configs 200
[debug] [2026-08-13T02:21:27.605Z] <<< [apiv2][body] GET https://runtimeconfig.googleapis.com/v1beta1/projects/reservaeldia-7a440/configs {"configs":[{"name":"projects/reservaeldia-7a440/configs/superadmins"}]}
[debug] [2026-08-13T02:21:27.608Z] Checked if tokens are valid: true, expires at: 1786591103748
[debug] [2026-08-13T02:21:27.609Z] Checked if tokens are valid: true, expires at: 1786591103748
[debug] [2026-08-13T02:21:27.611Z] >>> [apiv2][query] GET https://runtimeconfig.googleapis.com/v1beta1/projects/reservaeldia-7a440/configs/superadmins/variables [none]
[debug] [2026-08-13T02:21:27.913Z] <<< [apiv2][status] GET https://runtimeconfig.googleapis.com/v1beta1/projects/reservaeldia-7a440/configs/superadmins/variables 200
[debug] [2026-08-13T02:21:27.914Z] <<< [apiv2][body] GET https://runtimeconfig.googleapis.com/v1beta1/projects/reservaeldia-7a440/configs/superadmins/variables {"variables":[{"name":"projects/reservaeldia-7a440/configs/superadmins/variables/uids","updateTime":"2026-02-17T19:50:58.266558105Z"}]}
[debug] [2026-08-13T02:21:27.917Z] Checked if tokens are valid: true, expires at: 1786591103748
[debug] [2026-08-13T02:21:27.918Z] Checked if tokens are valid: true, expires at: 1786591103748
[debug] [2026-08-13T02:21:27.920Z] >>> [apiv2][query] GET https://runtimeconfig.googleapis.com/v1beta1/projects/reservaeldia-7a440/configs/superadmins/variables/uids [none]
[debug] [2026-08-13T02:21:28.895Z] <<< [apiv2][status] GET https://runtimeconfig.googleapis.com/v1beta1/projects/reservaeldia-7a440/configs/superadmins/variables/uids 200
[debug] [2026-08-13T02:21:28.895Z] <<< [apiv2][body] GET https://runtimeconfig.googleapis.com/v1beta1/projects/reservaeldia-7a440/configs/superadmins/variables/uids {"name":"projects/reservaeldia-7a440/configs/superadmins/variables/uids","updateTime":"2026-02-17T19:50:58.266558105Z","text":"8mvF9cwdbtYo2leAjO11cNxhaLV2"}
[debug] [2026-08-13T02:21:28.906Z] Validating nodejs source
[warn] !  functions: Runtime Node.js 20 was deprecated on 2026-04-30 and will be decommissioned on 2026-10-30, after which you will not be able to deploy without upgrading. Consider upgrading now to avoid disruption. See https://cloud.google.com/functions/docs/runtime-support for full details on the lifecycle policy 
[warn] !  functions: package.json indicates an outdated version of firebase-functions. Please upgrade using npm install --save firebase-functions@latest in your functions directory. 
[warn] !  functions: Please note that there will be breaking changes when you upgrade. 
[debug] [2026-08-13T02:21:34.946Z] > [functions] package.json contents: {
  "name": "functions",
  "scripts": {
    "lint": "eslint .",
    "build": "node scripts/syncTemplateContract.cjs && tsc",
    "build:watch": "tsc --watch",
    "serve": "npm run build && firebase emulators:start --only functions",
    "shell": "npm run build && firebase functions:shell",
    "start": "npm run shell",
    "deploy": "firebase deploy --only functions",
    "logs": "firebase functions:log",
    "dev": "npm run build && concurrently -k \"npm:build:watch\" \"firebase emulators:start --only functions\""
  },
  "engines": {
    "node": "20"
  },
  "main": "lib/index.js",
  "dependencies": {
    "@sparticuz/chromium": "^147.0.0",
    "express": "^5.1.0",
    "firebase-admin": "^13.4.0",
    "firebase-functions": "^6.4.0",
    "jsdom": "^26.1.0",
    "mercadopago": "^2.12.0",
    "puppeteer-core": "^24.42.0",
    "sharp": "^0.34.4"
  },
  "devDependencies": {
    "@types/jsdom": "^21.1.7",
    "@typescript-eslint/eslint-plugin": "^6.21.0",
    "@typescript-eslint/parser": "^6.21.0",
    "concurrently": "^9.2.1",
    "eslint": "^8.57.1",
    "eslint-plugin-import": "^2.25.4",
    "firebase-functions-test": "^3.1.0",
    "typescript": "^5.3.3"
  },
  "private": true
}
[debug] [2026-08-13T02:21:34.947Z] Building nodejs source
[info] i  functions: Loading and analyzing source code for codebase default to determine what to deploy 
[debug] [2026-08-13T02:21:34.955Z] Could not find functions.yaml. Must use http discovery
[debug] [2026-08-13T02:21:34.991Z] Found firebase-functions binary at 'C:\Reservaeldia\functions\node_modules\.bin\firebase-functions'
[info] Serving at port 8761

[error] (node:9640) [DEP0040] DeprecationWarning: The `punycode` module is deprecated. Please use a userland alternative instead.
(Use `node --trace-deprecation ...` to show where the warning was created)

[debug] [2026-08-13T02:21:40.632Z] Got response from /__/functions.yaml {"endpoints":{"saveCountdownPresetDraft":{"availableMemoryMb":null,"timeoutSeconds":null,"minInstances":null,"maxInstances":null,"ingressSettings":null,"concurrency":null,"serviceAccountEmail":null,"vpc":null,"platform":"gcfv2","cpu":"gcf_gen1","region":["us-central1"],"labels":{},"callableTrigger":{},"entryPoint":"saveCountdownPresetDraft"},"publishCountdownPresetDraft":{"availableMemoryMb":null,"timeoutSeconds":null,"minInstances":null,"maxInstances":null,"ingressSettings":null,"concurrency":null,"serviceAccountEmail":null,"vpc":null,"platform":"gcfv2","cpu":"gcf_gen1","region":["us-central1"],"labels":{},"callableTrigger":{},"entryPoint":"publishCountdownPresetDraft"},"archiveCountdownPreset":{"availableMemoryMb":null,"timeoutSeconds":null,"minInstances":null,"maxInstances":null,"ingressSettings":null,"concurrency":null,"serviceAccountEmail":null,"vpc":null,"platform":"gcfv2","cpu":"gcf_gen1","region":["us-central1"],"labels":{},"callableTrigger":{},"entryPoint":"archiveCountdownPreset"},"deleteCountdownPreset":{"availableMemoryMb":null,"timeoutSeconds":null,"minInstances":null,"maxInstances":null,"ingressSettings":null,"concurrency":null,"serviceAccountEmail":null,"vpc":null,"platform":"gcfv2","cpu":"gcf_gen1","region":["us-central1"],"labels":{},"callableTrigger":{},"entryPoint":"deleteCountdownPreset"},"duplicateCountdownPreset":{"availableMemoryMb":null,"timeoutSeconds":null,"minInstances":null,"maxInstances":null,"ingressSettings":null,"concurrency":null,"serviceAccountEmail":null,"vpc":null,"platform":"gcfv2","cpu":"gcf_gen1","region":["us-central1"],"labels":{},"callableTrigger":{},"entryPoint":"duplicateCountdownPreset"},"listCountdownPresetVersionsAdmin":{"availableMemoryMb":null,"timeoutSeconds":null,"minInstances":null,"maxInstances":null,"ingressSettings":null,"concurrency":null,"serviceAccountEmail":null,"vpc":null,"platform":"gcfv2","cpu":"gcf_gen1","region":["us-central1"],"labels":{},"callableTrigger":{},"entryPoint":"listCountdownPresetVersionsAdmin"},"listCountdownPresetsAdmin":{"availableMemoryMb":null,"timeoutSeconds":null,"minInstances":null,"maxInstances":null,"ingressSettings":null,"concurrency":null,"serviceAccountEmail":null,"vpc":null,"platform":"gcfv2","cpu":"gcf_gen1","region":["us-central1"],"labels":{},"callableTrigger":{},"entryPoint":"listCountdownPresetsAdmin"},"listCountdownPresetsPublic":{"availableMemoryMb":null,"timeoutSeconds":null,"minInstances":null,"maxInstances":null,"ingressSettings":null,"concurrency":null,"serviceAccountEmail":null,"vpc":null,"platform":"gcfv2","cpu":"gcf_gen1","region":["us-central1"],"labels":{},"callableTrigger":{},"entryPoint":"listCountdownPresetsPublic"},"syncLegacyCountdownPresets":{"availableMemoryMb":null,"timeoutSeconds":null,"minInstances":null,"maxInstances":null,"ingressSettings":null,"concurrency":null,"serviceAccountEmail":null,"vpc":null,"platform":"gcfv2","cpu":"gcf_gen1","region":["us-central1"],"labels":{},"callableTrigger":{},"entryPoint":"syncLegacyCountdownPresets"},"adminListIconCatalogV2":{"availableMemoryMb":null,"timeoutSeconds":null,"minInstances":null,"maxInstances":null,"ingressSettings":null,"concurrency":null,"serviceAccountEmail":null,"vpc":null,"platform":"gcfv2","cpu":"gcf_gen1","region":["us-central1"],"labels":{},"callableTrigger":{},"entryPoint":"adminListIconCatalogV2"},"adminPatchIconMetadataV2":{"availableMemoryMb":null,"timeoutSeconds":null,"minInstances":null,"maxInstances":null,"ingressSettings":null,"concurrency":null,"serviceAccountEmail":null,"vpc":null,"platform":"gcfv2","cpu":"gcf_gen1","region":["us-central1"],"labels":{},"callableTrigger":{},"entryPoint":"adminPatchIconMetadataV2"},"adminSetIconActivationV2":{"availableMemoryMb":null,"timeoutSeconds":null,"minInstances":null,"maxInstances":null,"ingressSettings":null,"concurrency":null,"serviceAccountEmail":null,"vpc":null,"platform":"gcfv2","cpu":"gcf_gen1","region":["us-central1"],"labels":{},"callableTrigger":{},"entryPoint":"adminSetIconActivationV2"},"adminSetIconPriorityV2":{"availableMemoryMb":null,"timeoutSeconds":null,"minInstances":null,"maxInstances":null,"ingressSettings":null,"concurrency":null,"serviceAccountEmail":null,"vpc":null,"platform":"gcfv2","cpu":"gcf_gen1","region":["us-central1"],"labels":{},"callableTrigger":{},"entryPoint":"adminSetIconPriorityV2"},"adminRevalidateIconV2":{"availableMemoryMb":null,"timeoutSeconds":null,"minInstances":null,"maxInstances":null,"ingressSettings":null,"concurrency":null,"serviceAccountEmail":null,"vpc":null,"platform":"gcfv2","cpu":"gcf_gen1","region":["us-central1"],"labels":{},"callableTrigger":{},"entryPoint":"adminRevalidateIconV2"},"adminGetIconUsageStatsV2":{"availableMemoryMb":null,"timeoutSeconds":null,"minInstances":null,"maxInstances":null,"ingressSettings":null,"concurrency":null,"serviceAccountEmail":null,"vpc":null,"platform":"gcfv2","cpu":"gcf_gen1","region":["us-central1"],"labels":{},"callableTrigger":{},"entryPoint":"adminGetIconUsageStatsV2"},"onIconCatalogDocWriteV2":{"availableMemoryMb":null,"timeoutSeconds":null,"minInstances":null,"maxInstances":null,"ingressSettings":null,"concurrency":null,"serviceAccountEmail":null,"vpc":null,"platform":"gcfv2","cpu":"gcf_gen1","region":["us-central1"],"labels":{},"eventTrigger":{"eventType":"google.cloud.firestore.document.v1.written","eventFilters":{"database":"(default)","namespace":"(default)"},"eventFilterPathPatterns":{"document":"iconos/{iconId}"},"retry":false},"entryPoint":"onIconCatalogDocWriteV2"},"dailyIconCatalogReconcileV2":{"availableMemoryMb":null,"timeoutSeconds":null,"minInstances":null,"maxInstances":null,"ingressSettings":null,"concurrency":null,"serviceAccountEmail":null,"vpc":null,"platform":"gcfv2","cpu":"gcf_gen1","region":["us-central1"],"labels":{},"scheduleTrigger":{"schedule":"45 3 * * *","retryConfig":{},"timeZone":"UTC"},"entryPoint":"dailyIconCatalogReconcileV2"},"dailyIconUsageScanV2":{"availableMemoryMb":null,"timeoutSeconds":null,"minInstances":null,"maxInstances":null,"ingressSettings":null,"concurrency":null,"serviceAccountEmail":null,"vpc":null,"platform":"gcfv2","cpu":"gcf_gen1","region":["us-central1"],"labels":{},"scheduleTrigger":{"schedule":"15 3 * * *","retryConfig":{},"timeZone":"UTC"},"entryPoint":"dailyIconUsageScanV2"},"adminListDecorCatalogV1":{"availableMemoryMb":null,"timeoutSeconds":null,"minInstances":null,"maxInstances":null,"ingressSettings":null,"concurrency":null,"serviceAccountEmail":null,"vpc":null,"platform":"gcfv2","cpu":"gcf_gen1","region":["us-central1"],"labels":{},"callableTrigger":{},"entryPoint":"adminListDecorCatalogV1"},"adminPatchDecorMetadataV1":{"availableMemoryMb":null,"timeoutSeconds":null,"minInstances":null,"maxInstances":null,"ingressSettings":null,"concurrency":null,"serviceAccountEmail":null,"vpc":null,"platform":"gcfv2","cpu":"gcf_gen1","region":["us-central1"],"labels":{},"callableTrigger":{},"entryPoint":"adminPatchDecorMetadataV1"},"adminSetDecorActivationV1":{"availableMemoryMb":null,"timeoutSeconds":null,"minInstances":null,"maxInstances":null,"ingressSettings":null,"concurrency":null,"serviceAccountEmail":null,"vpc":null,"platform":"gcfv2","cpu":"gcf_gen1","region":["us-central1"],"labels":{},"callableTrigger":{},"entryPoint":"adminSetDecorActivationV1"},"adminSetDecorPriorityV1":{"availableMemoryMb":null,"timeoutSeconds":null,"minInstances":null,"maxInstances":null,"ingressSettings":null,"concurrency":null,"serviceAccountEmail":null,"vpc":null,"platform":"gcfv2","cpu":"gcf_gen1","region":["us-central1"],"labels":{},"callableTrigger":{},"entryPoint":"adminSetDecorPriorityV1"},"adminRevalidateDecorV1":{"availableMemoryMb":null,"timeoutSeconds":null,"minInstances":null,"maxInstances":null,"ingressSettings":null,"concurrency":null,"serviceAccountEmail":null,"vpc":null,"platform":"gcfv2","cpu":"gcf_gen1","region":["us-central1"],"labels":{},"callableTrigger":{},"entryPoint":"adminRevalidateDecorV1"},"adminGetDecorUsageStatsV1":{"availableMemoryMb":null,"timeoutSeconds":null,"minInstances":null,"maxInstances":null,"ingressSettings":null,"concurrency":null,"serviceAccountEmail":null,"vpc":null,"platform":"gcfv2","cpu":"gcf_gen1","region":["us-central1"],"labels":{},"callableTrigger":{},"entryPoint":"adminGetDecorUsageStatsV1"},"onDecorCatalogDocWriteV1":{"availableMemoryMb":null,"timeoutSeconds":null,"minInstances":null,"maxInstances":null,"ingressSettings":null,"concurrency":null,"serviceAccountEmail":null,"vpc":null,"platform":"gcfv2","cpu":"gcf_gen1","region":["us-central1"],"labels":{},"eventTrigger":{"eventType":"google.cloud.firestore.document.v1.written","eventFilters":{"database":"(default)","namespace":"(default)"},"eventFilterPathPatterns":{"document":"decoraciones/{decorId}"},"retry":false},"entryPoint":"onDecorCatalogDocWriteV1"},"adminListTextPresetsV1":{"availableMemoryMb":null,"timeoutSeconds":null,"minInstances":null,"maxInstances":null,"ingressSettings":null,"concurrency":null,"serviceAccountEmail":null,"vpc":null,"platform":"gcfv2","cpu":"gcf_gen1","region":["us-central1"],"labels":{},"callableTrigger":{},"entryPoint":"adminListTextPresetsV1"},"adminUpsertTextPresetV1":{"availableMemoryMb":null,"timeoutSeconds":null,"minInstances":null,"maxInstances":null,"ingressSettings":null,"concurrency":null,"serviceAccountEmail":null,"vpc":null,"platform":"gcfv2","cpu":"gcf_gen1","region":["us-central1"],"labels":{},"callableTrigger":{},"entryPoint":"adminUpsertTextPresetV1"},"adminDuplicateTextPresetV1":{"availableMemoryMb":null,"timeoutSeconds":null,"minInstances":null,"maxInstances":null,"ingressSettings":null,"concurrency":null,"serviceAccountEmail":null,"vpc":null,"platform":"gcfv2","cpu":"gcf_gen1","region":["us-central1"],"labels":{},"callableTrigger":{},"entryPoint":"adminDuplicateTextPresetV1"},"adminSetTextPresetActivationV1":{"availableMemoryMb":null,"timeoutSeconds":null,"minInstances":null,"maxInstances":null,"ingressSettings":null,"concurrency":null,"serviceAccountEmail":null,"vpc":null,"platform":"gcfv2","cpu":"gcf_gen1","region":["us-central1"],"labels":{},"callableTrigger":{},"entryPoint":"adminSetTextPresetActivationV1"},"adminSetTextPresetVisibilityV1":{"availableMemoryMb":null,"timeoutSeconds":null,"minInstances":null,"maxInstances":null,"ingressSettings":null,"concurrency":null,"serviceAccountEmail":null,"vpc":null,"platform":"gcfv2","cpu":"gcf_gen1","region":["us-central1"],"labels":{},"callableTrigger":{},"entryPoint":"adminSetTextPresetVisibilityV1"},"adminDeleteTextPresetV1":{"availableMemoryMb":null,"timeoutSeconds":null,"minInstances":null,"maxInstances":null,"ingressSettings":null,"concurrency":null,"serviceAccountEmail":null,"vpc":null,"platform":"gcfv2","cpu":"gcf_gen1","region":["us-central1"],"labels":{},"callableTrigger":{},"entryPoint":"adminDeleteTextPresetV1"},"adminSyncLegacyTextPresetsV1":{"availableMemoryMb":null,"timeoutSeconds":null,"minInstances":null,"maxInstances":null,"ingressSettings":null,"concurrency":null,"serviceAccountEmail":null,"vpc":null,"platform":"gcfv2","cpu":"gcf_gen1","region":["us-central1"],"labels":{},"callableTrigger":{},"entryPoint":"adminSyncLegacyTextPresetsV1"},"listTextPresetsPublicV1":{"availableMemoryMb":null,"timeoutSeconds":null,"minInstances":null,"maxInstances":null,"ingressSettings":null,"concurrency":null,"serviceAccountEmail":null,"vpc":null,"platform":"gcfv2","cpu":"gcf_gen1","region":["us-central1"],"labels":{},"callableTrigger":{},"entryPoint":"listTextPresetsPublicV1"},"adminListTemplatesV1":{"availableMemoryMb":null,"timeoutSeconds":null,"minInstances":null,"maxInstances":null,"ingressSettings":null,"concurrency":null,"serviceAccountEmail":null,"vpc":null,"platform":"gcfv2","cpu":"gcf_gen1","region":["us-central1"],"labels":{},"callableTrigger":{},"entryPoint":"adminListTemplatesV1"},"adminListTemplateTrashV1":{"availableMemoryMb":null,"timeoutSeconds":null,"minInstances":null,"maxInstances":null,"ingressSettings":null,"concurrency":null,"serviceAccountEmail":null,"vpc":null,"platform":"gcfv2","cpu":"gcf_gen1","region":["us-central1"],"labels":{},"callableTrigger":{},"entryPoint":"adminListTemplateTrashV1"},"adminListTemplateTagsV1":{"availableMemoryMb":null,"timeoutSeconds":null,"minInstances":null,"maxInstances":null,"ingressSettings":null,"concurrency":null,"serviceAccountEmail":null,"vpc":null,"platform":"gcfv2","cpu":"gcf_gen1","region":["us-central1"],"labels":{},"callableTrigger":{},"entryPoint":"adminListTemplateTagsV1"},"adminUpsertTemplateTagV1":{"availableMemoryMb":null,"timeoutSeconds":null,"minInstances":null,"maxInstances":null,"ingressSettings":null,"concurrency":null,"serviceAccountEmail":null,"vpc":null,"platform":"gcfv2","cpu":"gcf_gen1","region":["us-central1"],"labels":{},"callableTrigger":{},"entryPoint":"adminUpsertTemplateTagV1"},"adminUpsertTemplateEditorialV1":{"availableMemoryMb":null,"timeoutSeconds":null,"minInstances":null,"maxInstances":null,"ingressSettings":null,"concurrency":null,"serviceAccountEmail":null,"vpc":null,"platform":"gcfv2","cpu":"gcf_gen1","region":["us-central1"],"labels":{},"callableTrigger":{},"entryPoint":"adminUpsertTemplateEditorialV1"},"adminGetTemplateEditorDocumentV1":{"availableMemoryMb":null,"timeoutSeconds":null,"minInstances":null,"maxInstances":null,"ingressSettings":null,"concurrency":null,"serviceAccountEmail":null,"vpc":null,"platform":"gcfv2","cpu":"gcf_gen1","region":["us-central1"],"labels":{},"callableTrigger":{},"entryPoint":"adminGetTemplateEditorDocumentV1"},"adminSaveTemplateEditorDocumentV1":{"availableMemoryMb":null,"timeoutSeconds":null,"minInstances":null,"maxInstances":null,"ingressSettings":null,"concurrency":null,"serviceAccountEmail":null,"vpc":null,"platform":"gcfv2","cpu":"gcf_gen1","region":["us-central1"],"labels":{},"callableTrigger":{},"entryPoint":"adminSaveTemplateEditorDocumentV1"},"adminConvertDraftToTemplateV1":{"availableMemoryMb":null,"timeoutSeconds":null,"minInstances":null,"maxInstances":null,"ingressSettings":null,"concurrency":null,"serviceAccountEmail":null,"vpc":null,"platform":"gcfv2","cpu":"gcf_gen1","region":["us-central1"],"labels":{},"callableTrigger":{},"entryPoint":"adminConvertDraftToTemplateV1"},"adminMoveTemplateToTrashV1":{"availableMemoryMb":null,"timeoutSeconds":null,"minInstances":null,"maxInstances":null,"ingressSettings":null,"concurrency":null,"serviceAccountEmail":null,"vpc":null,"platform":"gcfv2","cpu":"gcf_gen1","region":["us-central1"],"labels":{},"callableTrigger":{},"entryPoint":"adminMoveTemplateToTrashV1"},"adminRestoreTemplateFromTrashV1":{"availableMemoryMb":null,"timeoutSeconds":null,"minInstances":null,"maxInstances":null,"ingressSettings":null,"concurrency":null,"serviceAccountEmail":null,"vpc":null,"platform":"gcfv2","cpu":"gcf_gen1","region":["us-central1"],"labels":{},"callableTrigger":{},"entryPoint":"adminRestoreTemplateFromTrashV1"},"adminHardDeleteTemplateFromTrashV1":{"availableMemoryMb":null,"timeoutSeconds":null,"minInstances":null,"maxInstances":null,"ingressSettings":null,"concurrency":null,"serviceAccountEmail":null,"vpc":null,"platform":"gcfv2","cpu":"gcf_gen1","region":["us-central1"],"labels":{},"callableTrigger":{},"entryPoint":"adminHardDeleteTemplateFromTrashV1"},"adminOpenTemplateWorkspaceV1":{"availableMemoryMb":null,"timeoutSeconds":null,"minInstances":null,"maxInstances":null,"ingressSettings":null,"concurrency":null,"serviceAccountEmail":null,"vpc":null,"platform":"gcfv2","cpu":"gcf_gen1","region":["us-central1"],"labels":{},"callableTrigger":{},"entryPoint":"adminOpenTemplateWorkspaceV1"},"adminCommitTemplateWorkspaceV1":{"availableMemoryMb":null,"timeoutSeconds":null,"minInstances":null,"maxInstances":null,"ingressSettings":null,"concurrency":null,"serviceAccountEmail":null,"vpc":null,"platform":"gcfv2","cpu":"gcf_gen1","region":["us-central1"],"labels":{},"callableTrigger":{},"entryPoint":"adminCommitTemplateWorkspaceV1"},"adminCreateTemplateFromDraftV1":{"availableMemoryMb":null,"timeoutSeconds":null,"minInstances":null,"maxInstances":null,"ingressSettings":null,"concurrency":null,"serviceAccountEmail":null,"vpc":null,"platform":"gcfv2","cpu":"gcf_gen1","region":["us-central1"],"labels":{},"callableTrigger":{},"entryPoint":"adminCreateTemplateFromDraftV1"},"getBusinessAnalyticsOverviewV1":{"availableMemoryMb":512,"timeoutSeconds":null,"minInstances":null,"maxInstances":null,"ingressSettings":null,"concurrency":null,"serviceAccountEmail":null,"vpc":null,"platform":"gcfv2","cpu":"gcf_gen1","region":["us-central1"],"labels":{},"callableTrigger":{},"entryPoint":"getBusinessAnalyticsOverviewV1"},"requestBusinessAnalyticsRawExportV1":{"availableMemoryMb":512,"timeoutSeconds":null,"minInstances":null,"maxInstances":null,"ingressSettings":null,"concurrency":null,"serviceAccountEmail":null,"vpc":null,"platform":"gcfv2","cpu":"gcf_gen1","region":["us-central1"],"labels":{},"callableTrigger":{},"entryPoint":"requestBusinessAnalyticsRawExportV1"},"getBusinessAnalyticsRawExportStatusV1":{"availableMemoryMb":512,"timeoutSeconds":null,"minInstances":null,"maxInstances":null,"ingressSettings":null,"concurrency":null,"serviceAccountEmail":null,"vpc":null,"platform":"gcfv2","cpu":"gcf_gen1","region":["us-central1"],"labels":{},"callableTrigger":{},"entryPoint":"getBusinessAnalyticsRawExportStatusV1"},"adminRebuildBusinessAnalyticsV1":{"availableMemoryMb":512,"timeoutSeconds":null,"minInstances":null,"maxInstances":null,"ingressSettings":null,"concurrency":null,"serviceAccountEmail":null,"vpc":null,"platform":"gcfv2","cpu":"gcf_gen1","region":["us-central1"],"labels":{},"callableTrigger":{},"entryPoint":"adminRebuildBusinessAnalyticsV1"},"processPendingAnalyticsEventsV1":{"availableMemoryMb":512,"timeoutSeconds":null,"minInstances":null,"maxInstances":null,"ingressSettings":null,"concurrency":null,"serviceAccountEmail":null,"vpc":null,"platform":"gcfv2","cpu":"gcf_gen1","region":["us-central1"],"labels":{},"scheduleTrigger":{"schedule":"every 15 minutes","retryConfig":{}},"entryPoint":"processPendingAnalyticsEventsV1"},"runBusinessAnalyticsExportJobsV1":{"availableMemoryMb":1024,"timeoutSeconds":540,"minInstances":null,"maxInstances":null,"ingressSettings":null,"concurrency":null,"serviceAccountEmail":null,"vpc":null,"platform":"gcfv2","cpu":"gcf_gen1","region":["us-central1"],"labels":{},"scheduleTrigger":{"schedule":"every 1 minutes","retryConfig":{}},"entryPoint":"runBusinessAnalyticsExportJobsV1"},"runBusinessAnalyticsRebuildJobsV1":{"availableMemoryMb":1024,"timeoutSeconds":540,"minInstances":null,"maxInstances":null,"ingressSettings":null,"concurrency":null,"serviceAccountEmail":null,"vpc":null,"platform":"gcfv2","cpu":"gcf_gen1","region":["us-central1"],"labels":{},"scheduleTrigger":{"schedule":"every 1 minutes","retryConfig":{}},"entryPoint":"runBusinessAnalyticsRebuildJobsV1"},"getDashboardHomeConfigV1":{"availableMemoryMb":null,"timeoutSeconds":null,"minInstances":null,"maxInstances":null,"ingressSettings":null,"concurrency":null,"serviceAccountEmail":null,"vpc":null,"platform":"gcfv2","cpu":"gcf_gen1","region":["us-central1"],"labels":{},"callableTrigger":{},"entryPoint":"getDashboardHomeConfigV1"},"adminUpsertDashboardHomeConfigV1":{"availableMemoryMb":null,"timeoutSeconds":null,"minInstances":null,"maxInstances":null,"ingressSettings":null,"concurrency":null,"serviceAccountEmail":null,"vpc":null,"platform":"gcfv2","cpu":"gcf_gen1","region":["us-central1"],"labels":{},"callableTrigger":{},"entryPoint":"adminUpsertDashboardHomeConfigV1"},"getPricingConfigV1":{"availableMemoryMb":null,"timeoutSeconds":null,"minInstances":null,"maxInstances":null,"ingressSettings":null,"concurrency":null,"serviceAccountEmail":null,"vpc":null,"platform":"gcfv2","cpu":"gcf_gen1","region":["us-central1"],"labels":{},"callableTrigger":{},"entryPoint":"getPricingConfigV1"},"adminGetPricingConfigV1":{"availableMemoryMb":null,"timeoutSeconds":null,"minInstances":null,"maxInstances":null,"ingressSettings":null,"concurrency":null,"serviceAccountEmail":null,"vpc":null,"platform":"gcfv2","cpu":"gcf_gen1","region":["us-central1"],"labels":{},"callableTrigger":{},"entryPoint":"adminGetPricingConfigV1"},"adminListPricingHistoryV1":{"availableMemoryMb":null,"timeoutSeconds":null,"minInstances":null,"maxInstances":null,"ingressSettings":null,"concurrency":null,"serviceAccountEmail":null,"vpc":null,"platform":"gcfv2","cpu":"gcf_gen1","region":["us-central1"],"labels":{},"callableTrigger":{},"entryPoint":"adminListPricingHistoryV1"},"adminUpdatePricingConfigV1":{"availableMemoryMb":null,"timeoutSeconds":null,"minInstances":null,"maxInstances":null,"ingressSettings":null,"concurrency":null,"serviceAccountEmail":null,"vpc":null,"platform":"gcfv2","cpu":"gcf_gen1","region":["us-central1"],"labels":{},"callableTrigger":{},"entryPoint":"adminUpdatePricingConfigV1"},"verInvitacionPublicada":{"availableMemoryMb":null,"timeoutSeconds":null,"minInstances":null,"maxInstances":null,"ingressSettings":null,"concurrency":null,"serviceAccountEmail":null,"vpc":null,"platform":"gcfv2","cpu":"gcf_gen1","region":["us-central1"],"labels":{},"httpsTrigger":{},"entryPoint":"verInvitacionPublicada"},"verInvitacion":{"availableMemoryMb":null,"timeoutSeconds":null,"minInstances":null,"maxInstances":null,"ingressSettings":null,"concurrency":null,"serviceAccountEmail":null,"vpc":null,"platform":"gcfv2","cpu":"gcf_gen1","region":["us-central1"],"labels":{},"httpsTrigger":{},"entryPoint":"verInvitacion"},"copiarPlantillaHTML":{"availableMemoryMb":null,"timeoutSeconds":null,"minInstances":null,"maxInstances":null,"ingressSettings":null,"concurrency":null,"serviceAccountEmail":null,"vpc":null,"platform":"gcfv2","cpu":"gcf_gen1","region":["us-central1"],"labels":{},"callableTrigger":{},"entryPoint":"copiarPlantillaHTML"},"borrarBorrador":{"availableMemoryMb":null,"timeoutSeconds":null,"minInstances":null,"maxInstances":null,"ingressSettings":null,"concurrency":null,"serviceAccountEmail":null,"vpc":null,"platform":"gcfv2","cpu":"gcf_gen1","region":["us-central1"],"labels":{},"callableTrigger":{},"entryPoint":"borrarBorrador"},"moveDraftToTrash":{"availableMemoryMb":256,"timeoutSeconds":null,"minInstances":null,"maxInstances":null,"ingressSettings":null,"concurrency":null,"serviceAccountEmail":null,"vpc":null,"platform":"gcfv2","cpu":"gcf_gen1","region":["us-central1"],"labels":{},"callableTrigger":{},"entryPoint":"moveDraftToTrash"},"restoreDraftFromTrash":{"availableMemoryMb":256,"timeoutSeconds":null,"minInstances":null,"maxInstances":null,"ingressSettings":null,"concurrency":null,"serviceAccountEmail":null,"vpc":null,"platform":"gcfv2","cpu":"gcf_gen1","region":["us-central1"],"labels":{},"callableTrigger":{},"entryPoint":"restoreDraftFromTrash"},"checkPublicSlugAvailability":{"availableMemoryMb":256,"timeoutSeconds":null,"minInstances":null,"maxInstances":null,"ingressSettings":null,"concurrency":null,"serviceAccountEmail":null,"vpc":null,"platform":"gcfv2","cpu":"gcf_gen1","region":["us-central1"],"labels":{},"callableTrigger":{},"entryPoint":"checkPublicSlugAvailability"},"validateDraftForPublication":{"availableMemoryMb":256,"timeoutSeconds":null,"minInstances":null,"maxInstances":null,"ingressSettings":null,"concurrency":null,"serviceAccountEmail":null,"vpc":null,"platform":"gcfv2","cpu":"gcf_gen1","region":["us-central1"],"labels":{},"callableTrigger":{},"entryPoint":"validateDraftForPublication"},"prepareDraftPreviewRender":{"availableMemoryMb":512,"timeoutSeconds":null,"minInstances":null,"maxInstances":null,"ingressSettings":null,"concurrency":null,"serviceAccountEmail":null,"vpc":null,"platform":"gcfv2","cpu":"gcf_gen1","region":["us-central1"],"labels":{},"callableTrigger":{},"entryPoint":"prepareDraftPreviewRender"},"preparePublicTemplatePreview":{"availableMemoryMb":512,"timeoutSeconds":null,"minInstances":null,"maxInstances":null,"ingressSettings":null,"concurrency":null,"serviceAccountEmail":null,"vpc":null,"platform":"gcfv2","cpu":"gcf_gen1","region":["us-central1"],"labels":{},"callableTrigger":{},"entryPoint":"preparePublicTemplatePreview"},"createPublicationCheckoutSession":{"availableMemoryMb":256,"timeoutSeconds":null,"minInstances":null,"maxInstances":null,"ingressSettings":null,"concurrency":null,"serviceAccountEmail":null,"vpc":null,"platform":"gcfv2","cpu":"gcf_gen1","region":["us-central1"],"labels":{},"callableTrigger":{},"entryPoint":"createPublicationCheckoutSession"},"createPublicationPayment":{"availableMemoryMb":1024,"timeoutSeconds":60,"minInstances":null,"maxInstances":null,"ingressSettings":null,"concurrency":1,"serviceAccountEmail":null,"vpc":null,"platform":"gcfv2","cpu":1,"region":["us-central1"],"labels":{},"callableTrigger":{},"entryPoint":"createPublicationPayment"},"getPublicationCheckoutStatus":{"availableMemoryMb":256,"timeoutSeconds":null,"minInstances":null,"maxInstances":null,"ingressSettings":null,"concurrency":null,"serviceAccountEmail":null,"vpc":null,"platform":"gcfv2","cpu":"gcf_gen1","region":["us-central1"],"labels":{},"callableTrigger":{},"entryPoint":"getPublicationCheckoutStatus"},"retryPaidPublicationWithNewSlug":{"availableMemoryMb":1024,"timeoutSeconds":60,"minInstances":null,"maxInstances":null,"ingressSettings":null,"concurrency":1,"serviceAccountEmail":null,"vpc":null,"platform":"gcfv2","cpu":1,"region":["us-central1"],"labels":{},"callableTrigger":{},"entryPoint":"retryPaidPublicationWithNewSlug"},"hardDeleteLegacyPublication":{"availableMemoryMb":256,"timeoutSeconds":null,"minInstances":null,"maxInstances":null,"ingressSettings":null,"concurrency":null,"serviceAccountEmail":null,"vpc":null,"platform":"gcfv2","cpu":"gcf_gen1","region":["us-central1"],"labels":{},"callableTrigger":{},"entryPoint":"hardDeleteLegacyPublication"},"transitionPublishedInvitationState":{"availableMemoryMb":256,"timeoutSeconds":null,"minInstances":null,"maxInstances":null,"ingressSettings":null,"concurrency":null,"serviceAccountEmail":null,"vpc":null,"platform":"gcfv2","cpu":"gcf_gen1","region":["us-central1"],"labels":{},"callableTrigger":{},"entryPoint":"transitionPublishedInvitationState"},"upsertPublicationDiscountCode":{"availableMemoryMb":256,"timeoutSeconds":null,"minInstances":null,"maxInstances":null,"ingressSettings":null,"concurrency":null,"serviceAccountEmail":null,"vpc":null,"platform":"gcfv2","cpu":"gcf_gen1","region":["us-central1"],"labels":{},"callableTrigger":{},"entryPoint":"upsertPublicationDiscountCode"},"listPublicationDiscountCodes":{"availableMemoryMb":256,"timeoutSeconds":null,"minInstances":null,"maxInstances":null,"ingressSettings":null,"concurrency":null,"serviceAccountEmail":null,"vpc":null,"platform":"gcfv2","cpu":"gcf_gen1","region":["us-central1"],"labels":{},"callableTrigger":{},"entryPoint":"listPublicationDiscountCodes"},"listPublicationDiscountCodeUsage":{"availableMemoryMb":256,"timeoutSeconds":null,"minInstances":null,"maxInstances":null,"ingressSettings":null,"concurrency":null,"serviceAccountEmail":null,"vpc":null,"platform":"gcfv2","cpu":"gcf_gen1","region":["us-central1"],"labels":{},"callableTrigger":{},"entryPoint":"listPublicationDiscountCodeUsage"},"mercadoPagoWebhook":{"availableMemoryMb":1024,"timeoutSeconds":60,"minInstances":null,"maxInstances":null,"ingressSettings":null,"concurrency":1,"serviceAccountEmail":null,"vpc":null,"platform":"gcfv2","cpu":1,"region":["us-central1"],"labels":{},"httpsTrigger":{},"entryPoint":"mercadoPagoWebhook"},"finalizeExpiredPublications":{"availableMemoryMb":256,"timeoutSeconds":null,"minInstances":null,"maxInstances":null,"ingressSettings":null,"concurrency":null,"serviceAccountEmail":null,"vpc":null,"platform":"gcfv2","cpu":"gcf_gen1","region":["us-central1"],"labels":{},"scheduleTrigger":{"schedule":"every 15 minutes","retryConfig":{},"timeZone":"Etc/UTC"},"entryPoint":"finalizeExpiredPublications"},"purgeTrashedPublications":{"availableMemoryMb":256,"timeoutSeconds":null,"minInstances":null,"maxInstances":null,"ingressSettings":null,"concurrency":null,"serviceAccountEmail":null,"vpc":null,"platform":"gcfv2","cpu":"gcf_gen1","region":["us-central1"],"labels":{},"scheduleTrigger":{"schedule":"every 24 hours","retryConfig":{},"timeZone":"Etc/UTC"},"entryPoint":"purgeTrashedPublications"},"purgeTrashedDrafts":{"availableMemoryMb":256,"timeoutSeconds":null,"minInstances":null,"maxInstances":null,"ingressSettings":null,"concurrency":null,"serviceAccountEmail":null,"vpc":null,"platform":"gcfv2","cpu":"gcf_gen1","region":["us-central1"],"labels":{},"scheduleTrigger":{"schedule":"every 24 hours","retryConfig":{},"timeZone":"Etc/UTC"},"entryPoint":"purgeTrashedDrafts"},"publicRsvpSubmit":{"availableMemoryMb":256,"timeoutSeconds":null,"minInstances":null,"maxInstances":null,"ingressSettings":null,"concurrency":null,"serviceAccountEmail":null,"vpc":null,"platform":"gcfv2","cpu":"gcf_gen1","region":["us-central1"],"labels":{},"httpsTrigger":{},"entryPoint":"publicRsvpSubmit"},"publicarInvitacion":{"availableMemoryMb":1024,"timeoutSeconds":60,"minInstances":null,"maxInstances":null,"ingressSettings":null,"concurrency":1,"serviceAccountEmail":null,"vpc":null,"platform":"gcfv2","cpu":1,"region":["us-central1"],"labels":{},"callableTrigger":{},"entryPoint":"publicarInvitacion"},"borrarTodosLosBorradores":{"availableMemoryMb":null,"timeoutSeconds":null,"minInstances":null,"maxInstances":null,"ingressSettings":null,"concurrency":null,"serviceAccountEmail":null,"vpc":null,"platform":"gcfv2","cpu":"gcf_gen1","region":["us-central1"],"labels":{},"callableTrigger":{},"entryPoint":"borrarTodosLosBorradores"},"copiarPlantilla":{"availableMemoryMb":null,"timeoutSeconds":null,"minInstances":null,"maxInstances":null,"ingressSettings":null,"concurrency":null,"serviceAccountEmail":null,"vpc":null,"platform":"gcfv2","cpu":"gcf_gen1","region":["us-central1"],"labels":{},"callableTrigger":{},"entryPoint":"copiarPlantilla"},"crearPlantilla":{"availableMemoryMb":null,"timeoutSeconds":null,"minInstances":null,"maxInstances":null,"ingressSettings":null,"concurrency":null,"serviceAccountEmail":null,"vpc":null,"platform":"gcfv2","cpu":"gcf_gen1","region":["us-central1"],"labels":{},"callableTrigger":{},"entryPoint":"crearPlantilla"},"borrarPlantilla":{"availableMemoryMb":null,"timeoutSeconds":null,"minInstances":null,"maxInstances":null,"ingressSettings":null,"concurrency":null,"serviceAccountEmail":null,"vpc":null,"platform":"gcfv2","cpu":"gcf_gen1","region":["us-central1"],"labels":{},"callableTrigger":{},"entryPoint":"borrarPlantilla"},"getAdminAccess":{"availableMemoryMb":null,"timeoutSeconds":null,"minInstances":null,"maxInstances":null,"ingressSettings":null,"concurrency":null,"serviceAccountEmail":null,"vpc":null,"platform":"gcfv2","cpu":"gcf_gen1","region":["us-central1"],"labels":{},"callableTrigger":{},"entryPoint":"getAdminAccess"},"listAdminUsers":{"availableMemoryMb":null,"timeoutSeconds":null,"minInstances":null,"maxInstances":null,"ingressSettings":null,"concurrency":null,"serviceAccountEmail":null,"vpc":null,"platform":"gcfv2","cpu":"gcf_gen1","region":["us-central1"],"labels":{},"callableTrigger":{},"entryPoint":"listAdminUsers"},"getAdminUserByEmail":{"availableMemoryMb":null,"timeoutSeconds":null,"minInstances":null,"maxInstances":null,"ingressSettings":null,"concurrency":null,"serviceAccountEmail":null,"vpc":null,"platform":"gcfv2","cpu":"gcf_gen1","region":["us-central1"],"labels":{},"callableTrigger":{},"entryPoint":"getAdminUserByEmail"},"getUsersStats":{"availableMemoryMb":null,"timeoutSeconds":null,"minInstances":null,"maxInstances":null,"ingressSettings":null,"concurrency":null,"serviceAccountEmail":null,"vpc":null,"platform":"gcfv2","cpu":"gcf_gen1","region":["us-central1"],"labels":{},"callableTrigger":{},"entryPoint":"getUsersStats"},"upsertUserProfile":{"availableMemoryMb":null,"timeoutSeconds":null,"minInstances":null,"maxInstances":null,"ingressSettings":null,"concurrency":null,"serviceAccountEmail":null,"vpc":null,"platform":"gcfv2","cpu":"gcf_gen1","region":["us-central1"],"labels":{},"callableTrigger":{},"entryPoint":"upsertUserProfile"},"getMyProfileStatus":{"availableMemoryMb":null,"timeoutSeconds":null,"minInstances":null,"maxInstances":null,"ingressSettings":null,"concurrency":null,"serviceAccountEmail":null,"vpc":null,"platform":"gcfv2","cpu":"gcf_gen1","region":["us-central1"],"labels":{},"callableTrigger":{},"entryPoint":"getMyProfileStatus"},"getMyUiPreferences":{"availableMemoryMb":null,"timeoutSeconds":null,"minInstances":null,"maxInstances":null,"ingressSettings":null,"concurrency":null,"serviceAccountEmail":null,"vpc":null,"platform":"gcfv2","cpu":"gcf_gen1","region":["us-central1"],"labels":{},"callableTrigger":{},"entryPoint":"getMyUiPreferences"},"updateMyUiPreferences":{"availableMemoryMb":null,"timeoutSeconds":null,"minInstances":null,"maxInstances":null,"ingressSettings":null,"concurrency":null,"serviceAccountEmail":null,"vpc":null,"platform":"gcfv2","cpu":"gcf_gen1","region":["us-central1"],"labels":{},"callableTrigger":{},"entryPoint":"updateMyUiPreferences"},"reportClientIssue":{"availableMemoryMb":null,"timeoutSeconds":null,"minInstances":null,"maxInstances":null,"ingressSettings":null,"concurrency":null,"serviceAccountEmail":null,"vpc":null,"platform":"gcfv2","cpu":"gcf_gen1","region":["us-central1"],"labels":{},"callableTrigger":{},"entryPoint":"reportClientIssue"},"listUsersDirectory":{"availableMemoryMb":null,"timeoutSeconds":null,"minInstances":null,"maxInstances":null,"ingressSettings":null,"concurrency":null,"serviceAccountEmail":null,"vpc":null,"platform":"gcfv2","cpu":"gcf_gen1","region":["us-central1"],"labels":{},"callableTrigger":{},"entryPoint":"listUsersDirectory"},"getUserDirectoryDetail":{"availableMemoryMb":null,"timeoutSeconds":null,"minInstances":null,"maxInstances":null,"ingressSettings":null,"concurrency":null,"serviceAccountEmail":null,"vpc":null,"platform":"gcfv2","cpu":"gcf_gen1","region":["us-central1"],"labels":{},"callableTrigger":{},"entryPoint":"getUserDirectoryDetail"},"getAdminDraftSnapshot":{"availableMemoryMb":null,"timeoutSeconds":null,"minInstances":null,"maxInstances":null,"ingressSettings":null,"concurrency":null,"serviceAccountEmail":null,"vpc":null,"platform":"gcfv2","cpu":"gcf_gen1","region":["us-central1"],"labels":{},"callableTrigger":{},"entryPoint":"getAdminDraftSnapshot"},"setAdminClaim":{"availableMemoryMb":null,"timeoutSeconds":null,"minInstances":null,"maxInstances":null,"ingressSettings":null,"concurrency":null,"serviceAccountEmail":null,"vpc":null,"platform":"gcfv2","cpu":"gcf_gen1","region":["us-central1"],"labels":{},"callableTrigger":{},"entryPoint":"setAdminClaim"}},"specVersion":"v1alpha1","requiredAPIs":[{"api":"cloudscheduler.googleapis.com","reason":"Needed for scheduled functions."}],"extensions":{}}
[info] i  extensions: ensuring required API firebaseextensions.googleapis.com is enabled... 
[debug] [2026-08-13T02:21:44.955Z] Checked if tokens are valid: true, expires at: 1786591103748
[debug] [2026-08-13T02:21:44.956Z] Checked if tokens are valid: true, expires at: 1786591103748
[debug] [2026-08-13T02:21:44.957Z] >>> [apiv2][query] GET https://serviceusage.googleapis.com/v1/projects/reservaeldia-7a440/services/firebaseextensions.googleapis.com [none]
[debug] [2026-08-13T02:21:44.957Z] >>> [apiv2][(partial)header] GET https://serviceusage.googleapis.com/v1/projects/reservaeldia-7a440/services/firebaseextensions.googleapis.com x-goog-quota-user=projects/reservaeldia-7a440
[debug] [2026-08-13T02:21:45.980Z] <<< [apiv2][status] GET https://serviceusage.googleapis.com/v1/projects/reservaeldia-7a440/services/firebaseextensions.googleapis.com 200
[debug] [2026-08-13T02:21:45.981Z] <<< [apiv2][body] GET https://serviceusage.googleapis.com/v1/projects/reservaeldia-7a440/services/firebaseextensions.googleapis.com [omitted]
[info] +  extensions: required API firebaseextensions.googleapis.com is enabled 
[debug] [2026-08-13T02:21:45.982Z] > command requires scopes: ["email","openid","https://www.googleapis.com/auth/cloudplatformprojects.readonly","https://www.googleapis.com/auth/firebase","https://www.googleapis.com/auth/cloud-platform"]
[debug] [2026-08-13T02:21:45.983Z] > authorizing via signed-in user (reservaeldia.invitaciones@gmail.com)
[debug] [2026-08-13T02:21:45.983Z] [iam] checking project reservaeldia-7a440 for permissions ["firebase.projects.get","firebaseextensions.instances.list"]
[debug] [2026-08-13T02:21:45.985Z] Checked if tokens are valid: true, expires at: 1786591103748
[debug] [2026-08-13T02:21:45.985Z] Checked if tokens are valid: true, expires at: 1786591103748
[debug] [2026-08-13T02:21:45.986Z] >>> [apiv2][query] POST https://cloudresourcemanager.googleapis.com/v1/projects/reservaeldia-7a440:testIamPermissions [none]
[debug] [2026-08-13T02:21:45.986Z] >>> [apiv2][(partial)header] POST https://cloudresourcemanager.googleapis.com/v1/projects/reservaeldia-7a440:testIamPermissions x-goog-quota-user=projects/reservaeldia-7a440
[debug] [2026-08-13T02:21:45.987Z] >>> [apiv2][body] POST https://cloudresourcemanager.googleapis.com/v1/projects/reservaeldia-7a440:testIamPermissions {"permissions":["firebase.projects.get","firebaseextensions.instances.list"]}
[debug] [2026-08-13T02:21:46.917Z] <<< [apiv2][status] POST https://cloudresourcemanager.googleapis.com/v1/projects/reservaeldia-7a440:testIamPermissions 200
[debug] [2026-08-13T02:21:46.918Z] <<< [apiv2][body] POST https://cloudresourcemanager.googleapis.com/v1/projects/reservaeldia-7a440:testIamPermissions {"permissions":["firebase.projects.get","firebaseextensions.instances.list"]}
[debug] [2026-08-13T02:21:46.920Z] Checked if tokens are valid: true, expires at: 1786591103748
[debug] [2026-08-13T02:21:46.921Z] Checked if tokens are valid: true, expires at: 1786591103748
[debug] [2026-08-13T02:21:46.922Z] >>> [apiv2][query] GET https://firebaseextensions.googleapis.com/v1beta/projects/reservaeldia-7a440/instances pageSize=100&pageToken=
[debug] [2026-08-13T02:21:48.013Z] <<< [apiv2][status] GET https://firebaseextensions.googleapis.com/v1beta/projects/reservaeldia-7a440/instances 200
[debug] [2026-08-13T02:21:48.014Z] <<< [apiv2][body] GET https://firebaseextensions.googleapis.com/v1beta/projects/reservaeldia-7a440/instances {}
[info] i  functions: Loaded environment variables from .env.reservaeldia-7a440. 
[info] i  functions: preparing functions directory for uploading... 
[info] i  functions: packaged C:\Reservaeldia\functions (1.09 MB) for uploading 
[debug] [2026-08-13T02:21:50.333Z] Checked if tokens are valid: true, expires at: 1786591103748
[debug] [2026-08-13T02:21:50.333Z] Checked if tokens are valid: true, expires at: 1786591103748
[debug] [2026-08-13T02:21:50.333Z] >>> [apiv2][query] GET https://cloudfunctions.googleapis.com/v1/projects/reservaeldia-7a440/locations/-/functions [none]
[debug] [2026-08-13T02:21:51.446Z] <<< [apiv2][status] GET https://cloudfunctions.googleapis.com/v1/projects/reservaeldia-7a440/locations/-/functions 200
[debug] [2026-08-13T02:21:51.447Z] <<< [apiv2][body] GET https://cloudfunctions.googleapis.com/v1/projects/reservaeldia-7a440/locations/-/functions {}
[debug] [2026-08-13T02:21:51.448Z] Checked if tokens are valid: true, expires at: 1786591103748
[debug] [2026-08-13T02:21:51.448Z] Checked if tokens are valid: true, expires at: 1786591103748
[debug] [2026-08-13T02:21:51.449Z] >>> [apiv2][query] GET https://cloudfunctions.googleapis.com/v2/projects/reservaeldia-7a440/locations/-/functions filter=environment%3D%22GEN_2%22
[debug] [2026-08-13T02:21:53.585Z] <<< [apiv2][status] GET https://cloudfunctions.googleapis.com/v2/projects/reservaeldia-7a440/locations/-/functions 200
[debug] [2026-08-13T02:21:53.588Z] <<< [apiv2][body] GET https://cloudfunctions.googleapis.com/v2/projects/reservaeldia-7a440/locations/-/functions {"functions":[{"name":"projects/reservaeldia-7a440/locations/us-central1/functions/upsertUserProfile","buildConfig":{"build":"projects/860495975406/locations/us-central1/builds/449a8d66-dac3-45d6-b03c-c0736506979a","runtime":"nodejs20","entryPoint":"upsertUserProfile","source":{"storageSource":{"bucket":"gcf-v2-sources-860495975406-us-central1","object":"upsertUserProfile/function-source.zip","generation":"1785243147919931"}},"environmentVariables":{"GOOGLE_NODE_RUN_SCRIPTS":""},"dockerRepository":"projects/reservaeldia-7a440/locations/us-central1/repositories/gcf-artifacts","sourceProvenance":{"resolvedStorageSource":{"bucket":"gcf-v2-sources-860495975406-us-central1","object":"upsertUserProfile/function-source.zip","generation":"1785243147919931"}},"dockerRegistry":"ARTIFACT_REGISTRY","serviceAccount":"projects/reservaeldia-7a440/serviceAccounts/860495975406-compute@developer.gserviceaccount.com","automaticUpdatePolicy":{}},"serviceConfig":{"service":"projects/reservaeldia-7a440/locations/us-central1/services/upsertuserprofile","timeoutSeconds":60,"environmentVariables":{"SUPERADMINS_UIDS":"8mvF9cwdbtYo2leAjO11cNxhaLV2","MERCADO_PAGO_PUBLIC_KEY":"APP_USR-a0795dce-baf8-48f6-98af-4defd053ad42","MERCADO_PAGO_ACCESS_TOKEN":"APP_USR-6752615657925923-021923-055cfbc93701d8acfdd153d25b9c4ac8-3215101753","MERCADO_PAGO_CLIENT_ID":"6752615657925923","MERCADO_PAGO_CLIENT_SECRET":"37OPj64uyGyNK2db7e3GBeqizFIF3fuL","MERCADO_PAGO_WEBHOOK_URL":"https://us-central1-reservaeldia-7a440.cloudfunctions.net/mercadoPagoWebhook","MP_WEBHOOK_SECRET":"27104730db6cc9a5f93bc49e4e3f9c70b22f6090845bf7e56d47f3aa2c1589c5","GOOGLE_MAPS_EMBED_API_KEY":"AIzaSyArR56EXHhdSZ1GmpPXwOELlDkoSK-FYrk","FIREBASE_CONFIG":"{\"projectId\":\"reservaeldia-7a440\",\"storageBucket\":\"reservaeldia-7a440.firebasestorage.app\"}","GCLOUD_PROJECT":"reservaeldia-7a440","EVENTARC_CLOUD_EVENT_SOURCE":"projects/reservaeldia-7a440/locations/us-central1/services/upsertUserProfile","FUNCTION_TARGET":"upsertUserProfile","LOG_EXECUTION_ID":"true","FUNCTION_SIGNATURE_TYPE":"http"},"maxInstanceCount":100,"ingressSettings":"ALLOW_ALL","uri":"https://upsertuserprofile-vntxuytzsa-uc.a.run.app","serviceAccountEmail":"860495975406-compute@developer.gserviceaccount.com","availableMemory":"256Mi","allTrafficOnLatestRevision":true,"revision":"upsertuserprofile-00243-kaj","maxInstanceRequestConcurrency":1,"availableCpu":"0.1666"},"state":"ACTIVE","updateTime":"2026-07-28T12:53:16.891112074Z","labels":{"deployment-tool":"cli-firebase","deployment-callable":"true","firebase-functions-hash":"d122378e98f45effe92711c767be8035f097d07d"},"environment":"GEN_2","url":"https://us-central1-reservaeldia-7a440.cloudfunctions.net/upsertUserProfile","createTime":"2026-02-17T21:24:22.098380757Z","satisfiesPzi":true},{"name":"projects/reservaeldia-7a440/locations/us-central1/functions/dailyIconCatalogReconcileV2","buildConfig":{"build":"projects/860495975406/locations/us-central1/builds/8ce2ba43-ac9e-4f0f-b576-ddda1866a519","runtime":"nodejs20","entryPoint":"dailyIconCatalogReconcileV2","source":{"storageSource":{"bucket":"gcf-v2-sources-860495975406-us-central1","object":"dailyIconCatalogReconcileV2/function-source.zip","generation":"1786034678065147"}},"environmentVariables":{"GOOGLE_NODE_RUN_SCRIPTS":""},"dockerRepository":"projects/reservaeldia-7a440/locations/us-central1/repositories/gcf-artifacts","sourceProvenance":{"resolvedStorageSource":{"bucket":"gcf-v2-sources-860495975406-us-central1","object":"dailyIconCatalogReconcileV2/function-source.zip","generation":"1786034678065147"}},"dockerRegistry":"ARTIFACT_REGISTRY","serviceAccount":"projects/reservaeldia-7a440/serviceAccounts/860495975406-compute@developer.gserviceaccount.com","automaticUpdatePolicy":{}},"serviceConfig":{"service":"projects/reservaeldia-7a440/locations/us-central1/services/dailyiconcatalogreconcilev2","timeoutSeconds":60,"environmentVariables":{"SUPERADMINS_UIDS":"8mvF9cwdbtYo2leAjO11cNxhaLV2","MERCADO_PAGO_PUBLIC_KEY":"APP_USR-a0795dce-baf8-48f6-98af-4defd053ad42","MERCADO_PAGO_ACCESS_TOKEN":"APP_USR-6752615657925923-021923-055cfbc93701d8acfdd153d25b9c4ac8-3215101753","MERCADO_PAGO_CLIENT_ID":"6752615657925923","MERCADO_PAGO_CLIENT_SECRET":"37OPj64uyGyNK2db7e3GBeqizFIF3fuL","MERCADO_PAGO_WEBHOOK_URL":"https://us-central1-reservaeldia-7a440.cloudfunctions.net/mercadoPagoWebhook","MP_WEBHOOK_SECRET":"27104730db6cc9a5f93bc49e4e3f9c70b22f6090845bf7e56d47f3aa2c1589c5","GOOGLE_MAPS_EMBED_API_KEY":"AIzaSyArR56EXHhdSZ1GmpPXwOELlDkoSK-FYrk","FIREBASE_CONFIG":"{\"projectId\":\"reservaeldia-7a440\",\"storageBucket\":\"reservaeldia-7a440.firebasestorage.app\"}","GCLOUD_PROJECT":"reservaeldia-7a440","EVENTARC_CLOUD_EVENT_SOURCE":"projects/reservaeldia-7a440/locations/us-central1/services/dailyIconCatalogReconcileV2","FUNCTION_TARGET":"dailyIconCatalogReconcileV2","LOG_EXECUTION_ID":"true"},"maxInstanceCount":100,"ingressSettings":"ALLOW_ALL","uri":"https://dailyiconcatalogreconcilev2-vntxuytzsa-uc.a.run.app","serviceAccountEmail":"860495975406-compute@developer.gserviceaccount.com","availableMemory":"256Mi","allTrafficOnLatestRevision":true,"revision":"dailyiconcatalogreconcilev2-00179-moj","maxInstanceRequestConcurrency":1,"availableCpu":"0.1666"},"state":"ACTIVE","updateTime":"2026-08-06T16:46:03.266516511Z","labels":{"firebase-functions-hash":"5efaf1777d259b9855b4eeb91a96fbac3aed1a65","deployment-tool":"cli-firebase","deployment-scheduled":"true"},"environment":"GEN_2","url":"https://us-central1-reservaeldia-7a440.cloudfunctions.net/dailyIconCatalogReconcileV2","createTime":"2026-03-01T13:41:06.414248931Z","satisfiesPzi":true},{"name":"projects/reservaeldia-7a440/locations/us-central1/functions/adminSyncLegacyTextPresetsV1","buildConfig":{"build":"projects/860495975406/locations/us-central1/builds/286972ba-d751-4f29-8f90-2c27e53fc4e6","runtime":"nodejs20","entryPoint":"adminSyncLegacyTextPresetsV1","source":{"storageSource":{"bucket":"gcf-v2-sources-860495975406-us-central1","object":"adminSyncLegacyTextPresetsV1/function-source.zip","generation":"1786034593128097"}},"environmentVariables":{"GOOGLE_NODE_RUN_SCRIPTS":""},"dockerRepository":"projects/reservaeldia-7a440/locations/us-central1/repositories/gcf-artifacts","sourceProvenance":{"resolvedStorageSource":{"bucket":"gcf-v2-sources-860495975406-us-central1","object":"adminSyncLegacyTextPresetsV1/function-source.zip","generation":"1786034593128097"}},"dockerRegistry":"ARTIFACT_REGISTRY","serviceAccount":"projects/reservaeldia-7a440/serviceAccounts/860495975406-compute@developer.gserviceaccount.com","automaticUpdatePolicy":{}},"serviceConfig":{"service":"projects/reservaeldia-7a440/locations/us-central1/services/adminsynclegacytextpresetsv1","timeoutSeconds":60,"environmentVariables":{"SUPERADMINS_UIDS":"8mvF9cwdbtYo2leAjO11cNxhaLV2","MERCADO_PAGO_PUBLIC_KEY":"APP_USR-a0795dce-baf8-48f6-98af-4defd053ad42","MERCADO_PAGO_ACCESS_TOKEN":"APP_USR-6752615657925923-021923-055cfbc93701d8acfdd153d25b9c4ac8-3215101753","MERCADO_PAGO_CLIENT_ID":"6752615657925923","MERCADO_PAGO_CLIENT_SECRET":"37OPj64uyGyNK2db7e3GBeqizFIF3fuL","MERCADO_PAGO_WEBHOOK_URL":"https://us-central1-reservaeldia-7a440.cloudfunctions.net/mercadoPagoWebhook","MP_WEBHOOK_SECRET":"27104730db6cc9a5f93bc49e4e3f9c70b22f6090845bf7e56d47f3aa2c1589c5","GOOGLE_MAPS_EMBED_API_KEY":"AIzaSyArR56EXHhdSZ1GmpPXwOELlDkoSK-FYrk","FIREBASE_CONFIG":"{\"projectId\":\"reservaeldia-7a440\",\"storageBucket\":\"reservaeldia-7a440.firebasestorage.app\"}","GCLOUD_PROJECT":"reservaeldia-7a440","EVENTARC_CLOUD_EVENT_SOURCE":"projects/reservaeldia-7a440/locations/us-central1/services/adminSyncLegacyTextPresetsV1","FUNCTION_TARGET":"adminSyncLegacyTextPresetsV1","LOG_EXECUTION_ID":"true","FUNCTION_SIGNATURE_TYPE":"http"},"maxInstanceCount":100,"ingressSettings":"ALLOW_ALL","uri":"https://adminsynclegacytextpresetsv1-vntxuytzsa-uc.a.run.app","serviceAccountEmail":"860495975406-compute@developer.gserviceaccount.com","availableMemory":"256Mi","allTrafficOnLatestRevision":true,"revision":"adminsynclegacytextpresetsv1-00177-wiv","maxInstanceRequestConcurrency":1,"availableCpu":"0.1666"},"state":"ACTIVE","updateTime":"2026-08-06T16:43:34.461781382Z","labels":{"deployment-callable":"true","firebase-functions-hash":"5efaf1777d259b9855b4eeb91a96fbac3aed1a65","deployment-tool":"cli-firebase"},"environment":"GEN_2","url":"https://us-central1-reservaeldia-7a440.cloudfunctions.net/adminSyncLegacyTextPresetsV1","createTime":"2026-03-02T13:27:16.694049602Z","satisfiesPzi":true},{"name":"projects/reservaeldia-7a440/locations/us-central1/functions/deleteCountdownPreset","buildConfig":{"build":"projects/860495975406/locations/us-central1/builds/cca5cf55-789d-4371-bd8c-c387d4e9200b","runtime":"nodejs20","entryPoint":"deleteCountdownPreset","source":{"storageSource":{"bucket":"gcf-v2-sources-860495975406-us-central1","object":"deleteCountdownPreset/function-source.zip","generation":"1786035316470429"}},"environmentVariables":{"GOOGLE_NODE_RUN_SCRIPTS":""},"dockerRepository":"projects/reservaeldia-7a440/locations/us-central1/repositories/gcf-artifacts","sourceProvenance":{"resolvedStorageSource":{"bucket":"gcf-v2-sources-860495975406-us-central1","object":"deleteCountdownPreset/function-source.zip","generation":"1786035316470429"}},"dockerRegistry":"ARTIFACT_REGISTRY","serviceAccount":"projects/reservaeldia-7a440/serviceAccounts/860495975406-compute@developer.gserviceaccount.com","automaticUpdatePolicy":{}},"serviceConfig":{"service":"projects/reservaeldia-7a440/locations/us-central1/services/deletecountdownpreset","timeoutSeconds":60,"environmentVariables":{"SUPERADMINS_UIDS":"8mvF9cwdbtYo2leAjO11cNxhaLV2","MERCADO_PAGO_PUBLIC_KEY":"APP_USR-a0795dce-baf8-48f6-98af-4defd053ad42","MERCADO_PAGO_ACCESS_TOKEN":"APP_USR-6752615657925923-021923-055cfbc93701d8acfdd153d25b9c4ac8-3215101753","MERCADO_PAGO_CLIENT_ID":"6752615657925923","MERCADO_PAGO_CLIENT_SECRET":"37OPj64uyGyNK2db7e3GBeqizFIF3fuL","MERCADO_PAGO_WEBHOOK_URL":"https://us-central1-reservaeldia-7a440.cloudfunctions.net/mercadoPagoWebhook","MP_WEBHOOK_SECRET":"27104730db6cc9a5f93bc49e4e3f9c70b22f6090845bf7e56d47f3aa2c1589c5","GOOGLE_MAPS_EMBED_API_KEY":"AIzaSyArR56EXHhdSZ1GmpPXwOELlDkoSK-FYrk","FIREBASE_CONFIG":"{\"projectId\":\"reservaeldia-7a440\",\"storageBucket\":\"reservaeldia-7a440.firebasestorage.app\"}","GCLOUD_PROJECT":"reservaeldia-7a440","EVENTARC_CLOUD_EVENT_SOURCE":"projects/reservaeldia-7a440/locations/us-central1/services/deleteCountdownPreset","FUNCTION_TARGET":"deleteCountdownPreset","LOG_EXECUTION_ID":"true","FUNCTION_SIGNATURE_TYPE":"http"},"maxInstanceCount":100,"ingressSettings":"ALLOW_ALL","uri":"https://deletecountdownpreset-vntxuytzsa-uc.a.run.app","serviceAccountEmail":"860495975406-compute@developer.gserviceaccount.com","availableMemory":"256Mi","allTrafficOnLatestRevision":true,"revision":"deletecountdownpreset-00182-pit","maxInstanceRequestConcurrency":1,"availableCpu":"0.1666"},"state":"ACTIVE","updateTime":"2026-08-06T16:55:26.930147227Z","labels":{"deployment-tool":"cli-firebase","deployment-callable":"true","firebase-functions-hash":"5efaf1777d259b9855b4eeb91a96fbac3aed1a65"},"environment":"GEN_2","url":"https://us-central1-reservaeldia-7a440.cloudfunctions.net/deleteCountdownPreset","createTime":"2026-02-27T13:57:49.365533477Z","satisfiesPzi":true},{"name":"projects/reservaeldia-7a440/locations/us-central1/functions/crearPlantilla","buildConfig":{"build":"projects/860495975406/locations/us-central1/builds/8ce2ba43-ac9e-4f0f-b576-ddda1866a519","runtime":"nodejs20","entryPoint":"crearPlantilla","source":{"storageSource":{"bucket":"gcf-v2-sources-860495975406-us-central1","object":"crearPlantilla/function-source.zip","generation":"1786034733273125"}},"environmentVariables":{"GOOGLE_NODE_RUN_SCRIPTS":""},"dockerRepository":"projects/reservaeldia-7a440/locations/us-central1/repositories/gcf-artifacts","sourceProvenance":{"resolvedStorageSource":{"bucket":"gcf-v2-sources-860495975406-us-central1","object":"crearPlantilla/function-source.zip","generation":"1786034733273125"}},"dockerRegistry":"ARTIFACT_REGISTRY","serviceAccount":"projects/reservaeldia-7a440/serviceAccounts/860495975406-compute@developer.gserviceaccount.com","automaticUpdatePolicy":{}},"serviceConfig":{"service":"projects/reservaeldia-7a440/locations/us-central1/services/crearplantilla","timeoutSeconds":60,"environmentVariables":{"SUPERADMINS_UIDS":"8mvF9cwdbtYo2leAjO11cNxhaLV2","MERCADO_PAGO_PUBLIC_KEY":"APP_USR-a0795dce-baf8-48f6-98af-4defd053ad42","MERCADO_PAGO_ACCESS_TOKEN":"APP_USR-6752615657925923-021923-055cfbc93701d8acfdd153d25b9c4ac8-3215101753","MERCADO_PAGO_CLIENT_ID":"6752615657925923","MERCADO_PAGO_CLIENT_SECRET":"37OPj64uyGyNK2db7e3GBeqizFIF3fuL","MERCADO_PAGO_WEBHOOK_URL":"https://us-central1-reservaeldia-7a440.cloudfunctions.net/mercadoPagoWebhook","MP_WEBHOOK_SECRET":"27104730db6cc9a5f93bc49e4e3f9c70b22f6090845bf7e56d47f3aa2c1589c5","GOOGLE_MAPS_EMBED_API_KEY":"AIzaSyArR56EXHhdSZ1GmpPXwOELlDkoSK-FYrk","FIREBASE_CONFIG":"{\"projectId\":\"reservaeldia-7a440\",\"storageBucket\":\"reservaeldia-7a440.firebasestorage.app\"}","GCLOUD_PROJECT":"reservaeldia-7a440","EVENTARC_CLOUD_EVENT_SOURCE":"projects/reservaeldia-7a440/locations/us-central1/services/crearPlantilla","FUNCTION_TARGET":"crearPlantilla","LOG_EXECUTION_ID":"true","FUNCTION_SIGNATURE_TYPE":"http"},"maxInstanceCount":100,"ingressSettings":"ALLOW_ALL","uri":"https://crearplantilla-vntxuytzsa-uc.a.run.app","serviceAccountEmail":"860495975406-compute@developer.gserviceaccount.com","availableMemory":"256Mi","allTrafficOnLatestRevision":true,"revision":"crearplantilla-00483-zes","maxInstanceRequestConcurrency":1,"availableCpu":"0.1666"},"state":"ACTIVE","updateTime":"2026-08-06T16:46:08.753865406Z","labels":{"deployment-callable":"true","firebase-functions-hash":"5efaf1777d259b9855b4eeb91a96fbac3aed1a65","deployment-tool":"cli-firebase"},"environment":"GEN_2","url":"https://us-central1-reservaeldia-7a440.cloudfunctions.net/crearPlantilla","createTime":"2025-05-25T19:26:31.527102320Z","satisfiesPzi":true},{"name":"projects/reservaeldia-7a440/locations/us-central1/functions/adminOpenTemplateWorkspaceV1","buildConfig":{"build":"projects/860495975406/locations/us-central1/builds/bec2d25e-e9f3-42aa-8b95-38038883b25a","runtime":"nodejs20","entryPoint":"adminOpenTemplateWorkspaceV1","source":{"storageSource":{"bucket":"gcf-v2-sources-860495975406-us-central1","object":"adminOpenTemplateWorkspaceV1/function-source.zip","generation":"1786034293170860"}},"environmentVariables":{"GOOGLE_NODE_RUN_SCRIPTS":""},"dockerRepository":"projects/reservaeldia-7a440/locations/us-central1/repositories/gcf-artifacts","sourceProvenance":{"resolvedStorageSource":{"bucket":"gcf-v2-sources-860495975406-us-central1","object":"adminOpenTemplateWorkspaceV1/function-source.zip","generation":"1786034293170860"}},"dockerRegistry":"ARTIFACT_REGISTRY","serviceAccount":"projects/reservaeldia-7a440/serviceAccounts/860495975406-compute@developer.gserviceaccount.com","automaticUpdatePolicy":{}},"serviceConfig":{"service":"projects/reservaeldia-7a440/locations/us-central1/services/adminopentemplateworkspacev1","timeoutSeconds":60,"environmentVariables":{"SUPERADMINS_UIDS":"8mvF9cwdbtYo2leAjO11cNxhaLV2","MERCADO_PAGO_PUBLIC_KEY":"APP_USR-a0795dce-baf8-48f6-98af-4defd053ad42","MERCADO_PAGO_ACCESS_TOKEN":"APP_USR-6752615657925923-021923-055cfbc93701d8acfdd153d25b9c4ac8-3215101753","MERCADO_PAGO_CLIENT_ID":"6752615657925923","MERCADO_PAGO_CLIENT_SECRET":"37OPj64uyGyNK2db7e3GBeqizFIF3fuL","MERCADO_PAGO_WEBHOOK_URL":"https://us-central1-reservaeldia-7a440.cloudfunctions.net/mercadoPagoWebhook","MP_WEBHOOK_SECRET":"27104730db6cc9a5f93bc49e4e3f9c70b22f6090845bf7e56d47f3aa2c1589c5","GOOGLE_MAPS_EMBED_API_KEY":"AIzaSyArR56EXHhdSZ1GmpPXwOELlDkoSK-FYrk","FIREBASE_CONFIG":"{\"projectId\":\"reservaeldia-7a440\",\"storageBucket\":\"reservaeldia-7a440.firebasestorage.app\"}","GCLOUD_PROJECT":"reservaeldia-7a440","EVENTARC_CLOUD_EVENT_SOURCE":"projects/reservaeldia-7a440/locations/us-central1/services/adminOpenTemplateWorkspaceV1","FUNCTION_TARGET":"adminOpenTemplateWorkspaceV1","LOG_EXECUTION_ID":"true","FUNCTION_SIGNATURE_TYPE":"http"},"maxInstanceCount":100,"ingressSettings":"ALLOW_ALL","uri":"https://adminopentemplateworkspacev1-vntxuytzsa-uc.a.run.app","serviceAccountEmail":"860495975406-compute@developer.gserviceaccount.com","availableMemory":"256Mi","allTrafficOnLatestRevision":true,"revision":"adminopentemplateworkspacev1-00165-vil","maxInstanceRequestConcurrency":1,"availableCpu":"0.1666"},"state":"ACTIVE","updateTime":"2026-08-06T16:38:25.126490845Z","labels":{"deployment-tool":"cli-firebase","deployment-callable":"true","firebase-functions-hash":"5efaf1777d259b9855b4eeb91a96fbac3aed1a65"},"environment":"GEN_2","url":"https://us-central1-reservaeldia-7a440.cloudfunctions.net/adminOpenTemplateWorkspaceV1","createTime":"2026-03-12T21:47:40.829736405Z","satisfiesPzi":true},{"name":"projects/reservaeldia-7a440/locations/us-central1/functions/adminRevalidateIconV2","buildConfig":{"build":"projects/860495975406/locations/us-central1/builds/57e95542-d7dd-437d-98c6-b8d327037379","runtime":"nodejs20","entryPoint":"adminRevalidateIconV2","source":{"storageSource":{"bucket":"gcf-v2-sources-860495975406-us-central1","object":"adminRevalidateIconV2/function-source.zip","generation":"1786034437790029"}},"environmentVariables":{"GOOGLE_NODE_RUN_SCRIPTS":""},"dockerRepository":"projects/reservaeldia-7a440/locations/us-central1/repositories/gcf-artifacts","sourceProvenance":{"resolvedStorageSource":{"bucket":"gcf-v2-sources-860495975406-us-central1","object":"adminRevalidateIconV2/function-source.zip","generation":"1786034437790029"}},"dockerRegistry":"ARTIFACT_REGISTRY","serviceAccount":"projects/reservaeldia-7a440/serviceAccounts/860495975406-compute@developer.gserviceaccount.com","automaticUpdatePolicy":{}},"serviceConfig":{"service":"projects/reservaeldia-7a440/locations/us-central1/services/adminrevalidateiconv2","timeoutSeconds":60,"environmentVariables":{"SUPERADMINS_UIDS":"8mvF9cwdbtYo2leAjO11cNxhaLV2","MERCADO_PAGO_PUBLIC_KEY":"APP_USR-a0795dce-baf8-48f6-98af-4defd053ad42","MERCADO_PAGO_ACCESS_TOKEN":"APP_USR-6752615657925923-021923-055cfbc93701d8acfdd153d25b9c4ac8-3215101753","MERCADO_PAGO_CLIENT_ID":"6752615657925923","MERCADO_PAGO_CLIENT_SECRET":"37OPj64uyGyNK2db7e3GBeqizFIF3fuL","MERCADO_PAGO_WEBHOOK_URL":"https://us-central1-reservaeldia-7a440.cloudfunctions.net/mercadoPagoWebhook","MP_WEBHOOK_SECRET":"27104730db6cc9a5f93bc49e4e3f9c70b22f6090845bf7e56d47f3aa2c1589c5","GOOGLE_MAPS_EMBED_API_KEY":"AIzaSyArR56EXHhdSZ1GmpPXwOELlDkoSK-FYrk","FIREBASE_CONFIG":"{\"projectId\":\"reservaeldia-7a440\",\"storageBucket\":\"reservaeldia-7a440.firebasestorage.app\"}","GCLOUD_PROJECT":"reservaeldia-7a440","EVENTARC_CLOUD_EVENT_SOURCE":"projects/reservaeldia-7a440/locations/us-central1/services/adminRevalidateIconV2","FUNCTION_TARGET":"adminRevalidateIconV2","LOG_EXECUTION_ID":"true","FUNCTION_SIGNATURE_TYPE":"http"},"maxInstanceCount":100,"ingressSettings":"ALLOW_ALL","uri":"https://adminrevalidateiconv2-vntxuytzsa-uc.a.run.app","serviceAccountEmail":"860495975406-compute@developer.gserviceaccount.com","availableMemory":"256Mi","allTrafficOnLatestRevision":true,"revision":"adminrevalidateiconv2-00184-zem","maxInstanceRequestConcurrency":1,"availableCpu":"0.1666"},"state":"ACTIVE","updateTime":"2026-08-06T16:40:48.380839853Z","labels":{"firebase-functions-hash":"5efaf1777d259b9855b4eeb91a96fbac3aed1a65","deployment-tool":"cli-firebase","deployment-callable":"true"},"environment":"GEN_2","url":"https://us-central1-reservaeldia-7a440.cloudfunctions.net/adminRevalidateIconV2","createTime":"2026-03-01T13:41:06.354101616Z","satisfiesPzi":true},{"name":"projects/reservaeldia-7a440/locations/us-central1/functions/adminUpdatePricingConfigV1","buildConfig":{"build":"projects/860495975406/locations/us-central1/builds/286972ba-d751-4f29-8f90-2c27e53fc4e6","runtime":"nodejs20","entryPoint":"adminUpdatePricingConfigV1","source":{"storageSource":{"bucket":"gcf-v2-sources-860495975406-us-central1","object":"adminUpdatePricingConfigV1/function-source.zip","generation":"1786034592417252"}},"environmentVariables":{"GOOGLE_NODE_RUN_SCRIPTS":""},"dockerRepository":"projects/reservaeldia-7a440/locations/us-central1/repositories/gcf-artifacts","sourceProvenance":{"resolvedStorageSource":{"bucket":"gcf-v2-sources-860495975406-us-central1","object":"adminUpdatePricingConfigV1/function-source.zip","generation":"1786034592417252"}},"dockerRegistry":"ARTIFACT_REGISTRY","serviceAccount":"projects/reservaeldia-7a440/serviceAccounts/860495975406-compute@developer.gserviceaccount.com","automaticUpdatePolicy":{}},"serviceConfig":{"service":"projects/reservaeldia-7a440/locations/us-central1/services/adminupdatepricingconfigv1","timeoutSeconds":60,"environmentVariables":{"SUPERADMINS_UIDS":"8mvF9cwdbtYo2leAjO11cNxhaLV2","MERCADO_PAGO_PUBLIC_KEY":"APP_USR-a0795dce-baf8-48f6-98af-4defd053ad42","MERCADO_PAGO_ACCESS_TOKEN":"APP_USR-6752615657925923-021923-055cfbc93701d8acfdd153d25b9c4ac8-3215101753","MERCADO_PAGO_CLIENT_ID":"6752615657925923","MERCADO_PAGO_CLIENT_SECRET":"37OPj64uyGyNK2db7e3GBeqizFIF3fuL","MERCADO_PAGO_WEBHOOK_URL":"https://us-central1-reservaeldia-7a440.cloudfunctions.net/mercadoPagoWebhook","MP_WEBHOOK_SECRET":"27104730db6cc9a5f93bc49e4e3f9c70b22f6090845bf7e56d47f3aa2c1589c5","GOOGLE_MAPS_EMBED_API_KEY":"AIzaSyArR56EXHhdSZ1GmpPXwOELlDkoSK-FYrk","FIREBASE_CONFIG":"{\"projectId\":\"reservaeldia-7a440\",\"storageBucket\":\"reservaeldia-7a440.firebasestorage.app\"}","GCLOUD_PROJECT":"reservaeldia-7a440","EVENTARC_CLOUD_EVENT_SOURCE":"projects/reservaeldia-7a440/locations/us-central1/services/adminUpdatePricingConfigV1","FUNCTION_TARGET":"adminUpdatePricingConfigV1","LOG_EXECUTION_ID":"true","FUNCTION_SIGNATURE_TYPE":"http"},"maxInstanceCount":100,"ingressSettings":"ALLOW_ALL","uri":"https://adminupdatepricingconfigv1-vntxuytzsa-uc.a.run.app","serviceAccountEmail":"860495975406-compute@developer.gserviceaccount.com","availableMemory":"256Mi","allTrafficOnLatestRevision":true,"revision":"adminupdatepricingconfigv1-00146-qok","maxInstanceRequestConcurrency":1,"availableCpu":"0.1666"},"state":"ACTIVE","updateTime":"2026-08-06T16:43:33.475159406Z","labels":{"deployment-tool":"cli-firebase","deployment-callable":"true","firebase-functions-hash":"5efaf1777d259b9855b4eeb91a96fbac3aed1a65"},"environment":"GEN_2","url":"https://us-central1-reservaeldia-7a440.cloudfunctions.net/adminUpdatePricingConfigV1","createTime":"2026-03-15T02:17:53.759694147Z","satisfiesPzi":true},{"name":"projects/reservaeldia-7a440/locations/us-central1/functions/getPricingConfigV1","buildConfig":{"build":"projects/860495975406/locations/us-central1/builds/1d897e22-49c0-4118-9110-b1fdfddc94cc","runtime":"nodejs20","entryPoint":"getPricingConfigV1","source":{"storageSource":{"bucket":"gcf-v2-sources-860495975406-us-central1","object":"getPricingConfigV1/function-source.zip","generation":"1786035079166266"}},"environmentVariables":{"GOOGLE_NODE_RUN_SCRIPTS":""},"dockerRepository":"projects/reservaeldia-7a440/locations/us-central1/repositories/gcf-artifacts","sourceProvenance":{"resolvedStorageSource":{"bucket":"gcf-v2-sources-860495975406-us-central1","object":"getPricingConfigV1/function-source.zip","generation":"1786035079166266"}},"dockerRegistry":"ARTIFACT_REGISTRY","serviceAccount":"projects/reservaeldia-7a440/serviceAccounts/860495975406-compute@developer.gserviceaccount.com","automaticUpdatePolicy":{}},"serviceConfig":{"service":"projects/reservaeldia-7a440/locations/us-central1/services/getpricingconfigv1","timeoutSeconds":60,"environmentVariables":{"SUPERADMINS_UIDS":"8mvF9cwdbtYo2leAjO11cNxhaLV2","MERCADO_PAGO_PUBLIC_KEY":"APP_USR-a0795dce-baf8-48f6-98af-4defd053ad42","MERCADO_PAGO_ACCESS_TOKEN":"APP_USR-6752615657925923-021923-055cfbc93701d8acfdd153d25b9c4ac8-3215101753","MERCADO_PAGO_CLIENT_ID":"6752615657925923","MERCADO_PAGO_CLIENT_SECRET":"37OPj64uyGyNK2db7e3GBeqizFIF3fuL","MERCADO_PAGO_WEBHOOK_URL":"https://us-central1-reservaeldia-7a440.cloudfunctions.net/mercadoPagoWebhook","MP_WEBHOOK_SECRET":"27104730db6cc9a5f93bc49e4e3f9c70b22f6090845bf7e56d47f3aa2c1589c5","GOOGLE_MAPS_EMBED_API_KEY":"AIzaSyArR56EXHhdSZ1GmpPXwOELlDkoSK-FYrk","FIREBASE_CONFIG":"{\"projectId\":\"reservaeldia-7a440\",\"storageBucket\":\"reservaeldia-7a440.firebasestorage.app\"}","GCLOUD_PROJECT":"reservaeldia-7a440","EVENTARC_CLOUD_EVENT_SOURCE":"projects/reservaeldia-7a440/locations/us-central1/services/getPricingConfigV1","FUNCTION_TARGET":"getPricingConfigV1","LOG_EXECUTION_ID":"true","FUNCTION_SIGNATURE_TYPE":"http"},"maxInstanceCount":100,"ingressSettings":"ALLOW_ALL","uri":"https://getpricingconfigv1-vntxuytzsa-uc.a.run.app","serviceAccountEmail":"860495975406-compute@developer.gserviceaccount.com","availableMemory":"256Mi","allTrafficOnLatestRevision":true,"revision":"getpricingconfigv1-00020-seh","maxInstanceRequestConcurrency":1,"availableCpu":"0.1666"},"state":"ACTIVE","updateTime":"2026-08-06T16:51:47.753320737Z","labels":{"deployment-tool":"cli-firebase","deployment-callable":"true","firebase-functions-hash":"5efaf1777d259b9855b4eeb91a96fbac3aed1a65"},"environment":"GEN_2","url":"https://us-central1-reservaeldia-7a440.cloudfunctions.net/getPricingConfigV1","createTime":"2026-05-29T17:59:27.869130963Z","satisfiesPzi":true},{"name":"projects/reservaeldia-7a440/locations/us-central1/functions/reportClientIssue","buildConfig":{"build":"projects/860495975406/locations/us-central1/builds/617a4aad-0f53-48c2-924a-7bb000f4cf95","runtime":"nodejs20","entryPoint":"reportClientIssue","source":{"storageSource":{"bucket":"gcf-v2-sources-860495975406-us-central1","object":"reportClientIssue/function-source.zip","generation":"1785242986789883"}},"environmentVariables":{"GOOGLE_NODE_RUN_SCRIPTS":""},"dockerRepository":"projects/reservaeldia-7a440/locations/us-central1/repositories/gcf-artifacts","sourceProvenance":{"resolvedStorageSource":{"bucket":"gcf-v2-sources-860495975406-us-central1","object":"reportClientIssue/function-source.zip","generation":"1785242986789883"}},"dockerRegistry":"ARTIFACT_REGISTRY","serviceAccount":"projects/reservaeldia-7a440/serviceAccounts/860495975406-compute@developer.gserviceaccount.com","automaticUpdatePolicy":{}},"serviceConfig":{"service":"projects/reservaeldia-7a440/locations/us-central1/services/reportclientissue","timeoutSeconds":60,"environmentVariables":{"SUPERADMINS_UIDS":"8mvF9cwdbtYo2leAjO11cNxhaLV2","MERCADO_PAGO_PUBLIC_KEY":"APP_USR-a0795dce-baf8-48f6-98af-4defd053ad42","MERCADO_PAGO_ACCESS_TOKEN":"APP_USR-6752615657925923-021923-055cfbc93701d8acfdd153d25b9c4ac8-3215101753","MERCADO_PAGO_CLIENT_ID":"6752615657925923","MERCADO_PAGO_CLIENT_SECRET":"37OPj64uyGyNK2db7e3GBeqizFIF3fuL","MERCADO_PAGO_WEBHOOK_URL":"https://us-central1-reservaeldia-7a440.cloudfunctions.net/mercadoPagoWebhook","MP_WEBHOOK_SECRET":"27104730db6cc9a5f93bc49e4e3f9c70b22f6090845bf7e56d47f3aa2c1589c5","GOOGLE_MAPS_EMBED_API_KEY":"AIzaSyArR56EXHhdSZ1GmpPXwOELlDkoSK-FYrk","FIREBASE_CONFIG":"{\"projectId\":\"reservaeldia-7a440\",\"storageBucket\":\"reservaeldia-7a440.firebasestorage.app\"}","GCLOUD_PROJECT":"reservaeldia-7a440","EVENTARC_CLOUD_EVENT_SOURCE":"projects/reservaeldia-7a440/locations/us-central1/services/reportClientIssue","FUNCTION_TARGET":"reportClientIssue","LOG_EXECUTION_ID":"true","FUNCTION_SIGNATURE_TYPE":"http"},"maxInstanceCount":100,"ingressSettings":"ALLOW_ALL","uri":"https://reportclientissue-vntxuytzsa-uc.a.run.app","serviceAccountEmail":"860495975406-compute@developer.gserviceaccount.com","availableMemory":"256Mi","allTrafficOnLatestRevision":true,"revision":"reportclientissue-00245-yiy","maxInstanceRequestConcurrency":1,"availableCpu":"0.1666"},"state":"ACTIVE","updateTime":"2026-07-28T12:50:15.939984746Z","labels":{"deployment-tool":"cli-firebase","deployment-callable":"true","firebase-functions-hash":"d122378e98f45effe92711c767be8035f097d07d"},"environment":"GEN_2","url":"https://us-central1-reservaeldia-7a440.cloudfunctions.net/reportClientIssue","createTime":"2026-02-18T12:07:36.941562617Z","satisfiesPzi":true},{"name":"projects/reservaeldia-7a440/locations/us-central1/functions/adminUpsertDashboardHomeConfigV1","buildConfig":{"build":"projects/860495975406/locations/us-central1/builds/286972ba-d751-4f29-8f90-2c27e53fc4e6","runtime":"nodejs20","entryPoint":"adminUpsertDashboardHomeConfigV1","source":{"storageSource":{"bucket":"gcf-v2-sources-860495975406-us-central1","object":"adminUpsertDashboardHomeConfigV1/function-source.zip","generation":"1786034593074699"}},"environmentVariables":{"GOOGLE_NODE_RUN_SCRIPTS":""},"dockerRepository":"projects/reservaeldia-7a440/locations/us-central1/repositories/gcf-artifacts","sourceProvenance":{"resolvedStorageSource":{"bucket":"gcf-v2-sources-860495975406-us-central1","object":"adminUpsertDashboardHomeConfigV1/function-source.zip","generation":"1786034593074699"}},"dockerRegistry":"ARTIFACT_REGISTRY","serviceAccount":"projects/reservaeldia-7a440/serviceAccounts/860495975406-compute@developer.gserviceaccount.com","automaticUpdatePolicy":{}},"serviceConfig":{"service":"projects/reservaeldia-7a440/locations/us-central1/services/adminupsertdashboardhomeconfigv1","timeoutSeconds":60,"environmentVariables":{"SUPERADMINS_UIDS":"8mvF9cwdbtYo2leAjO11cNxhaLV2","MERCADO_PAGO_PUBLIC_KEY":"APP_USR-a0795dce-baf8-48f6-98af-4defd053ad42","MERCADO_PAGO_ACCESS_TOKEN":"APP_USR-6752615657925923-021923-055cfbc93701d8acfdd153d25b9c4ac8-3215101753","MERCADO_PAGO_CLIENT_ID":"6752615657925923","MERCADO_PAGO_CLIENT_SECRET":"37OPj64uyGyNK2db7e3GBeqizFIF3fuL","MERCADO_PAGO_WEBHOOK_URL":"https://us-central1-reservaeldia-7a440.cloudfunctions.net/mercadoPagoWebhook","MP_WEBHOOK_SECRET":"27104730db6cc9a5f93bc49e4e3f9c70b22f6090845bf7e56d47f3aa2c1589c5","GOOGLE_MAPS_EMBED_API_KEY":"AIzaSyArR56EXHhdSZ1GmpPXwOELlDkoSK-FYrk","FIREBASE_CONFIG":"{\"projectId\":\"reservaeldia-7a440\",\"storageBucket\":\"reservaeldia-7a440.firebasestorage.app\"}","GCLOUD_PROJECT":"reservaeldia-7a440","EVENTARC_CLOUD_EVENT_SOURCE":"projects/reservaeldia-7a440/locations/us-central1/services/adminUpsertDashboardHomeConfigV1","FUNCTION_TARGET":"adminUpsertDashboardHomeConfigV1","LOG_EXECUTION_ID":"true","FUNCTION_SIGNATURE_TYPE":"http"},"maxInstanceCount":100,"ingressSettings":"ALLOW_ALL","uri":"https://adminupsertdashboardhomeconfigv1-vntxuytzsa-uc.a.run.app","serviceAccountEmail":"860495975406-compute@developer.gserviceaccount.com","availableMemory":"256Mi","allTrafficOnLatestRevision":true,"revision":"adminupsertdashboardhomeconfigv1-00147-qeh","maxInstanceRequestConcurrency":1,"availableCpu":"0.1666"},"state":"ACTIVE","updateTime":"2026-08-06T16:43:32.447109105Z","labels":{"deployment-tool":"cli-firebase","deployment-callable":"true","firebase-functions-hash":"5efaf1777d259b9855b4eeb91a96fbac3aed1a65"},"environment":"GEN_2","url":"https://us-central1-reservaeldia-7a440.cloudfunctions.net/adminUpsertDashboardHomeConfigV1","createTime":"2026-03-14T01:27:27.442609412Z","satisfiesPzi":true},{"name":"projects/reservaeldia-7a440/locations/us-central1/functions/adminRevalidateDecorV1","buildConfig":{"build":"projects/860495975406/locations/us-central1/builds/57e95542-d7dd-437d-98c6-b8d327037379","runtime":"nodejs20","entryPoint":"adminRevalidateDecorV1","source":{"storageSource":{"bucket":"gcf-v2-sources-860495975406-us-central1","object":"adminRevalidateDecorV1/function-source.zip","generation":"1786034438359834"}},"environmentVariables":{"GOOGLE_NODE_RUN_SCRIPTS":""},"dockerRepository":"projects/reservaeldia-7a440/locations/us-central1/repositories/gcf-artifacts","sourceProvenance":{"resolvedStorageSource":{"bucket":"gcf-v2-sources-860495975406-us-central1","object":"adminRevalidateDecorV1/function-source.zip","generation":"1786034438359834"}},"dockerRegistry":"ARTIFACT_REGISTRY","serviceAccount":"projects/reservaeldia-7a440/serviceAccounts/860495975406-compute@developer.gserviceaccount.com","automaticUpdatePolicy":{}},"serviceConfig":{"service":"projects/reservaeldia-7a440/locations/us-central1/services/adminrevalidatedecorv1","timeoutSeconds":60,"environmentVariables":{"SUPERADMINS_UIDS":"8mvF9cwdbtYo2leAjO11cNxhaLV2","MERCADO_PAGO_PUBLIC_KEY":"APP_USR-a0795dce-baf8-48f6-98af-4defd053ad42","MERCADO_PAGO_ACCESS_TOKEN":"APP_USR-6752615657925923-021923-055cfbc93701d8acfdd153d25b9c4ac8-3215101753","MERCADO_PAGO_CLIENT_ID":"6752615657925923","MERCADO_PAGO_CLIENT_SECRET":"37OPj64uyGyNK2db7e3GBeqizFIF3fuL","MERCADO_PAGO_WEBHOOK_URL":"https://us-central1-reservaeldia-7a440.cloudfunctions.net/mercadoPagoWebhook","MP_WEBHOOK_SECRET":"27104730db6cc9a5f93bc49e4e3f9c70b22f6090845bf7e56d47f3aa2c1589c5","GOOGLE_MAPS_EMBED_API_KEY":"AIzaSyArR56EXHhdSZ1GmpPXwOELlDkoSK-FYrk","FIREBASE_CONFIG":"{\"projectId\":\"reservaeldia-7a440\",\"storageBucket\":\"reservaeldia-7a440.firebasestorage.app\"}","GCLOUD_PROJECT":"reservaeldia-7a440","EVENTARC_CLOUD_EVENT_SOURCE":"projects/reservaeldia-7a440/locations/us-central1/services/adminRevalidateDecorV1","FUNCTION_TARGET":"adminRevalidateDecorV1","LOG_EXECUTION_ID":"true","FUNCTION_SIGNATURE_TYPE":"http"},"maxInstanceCount":100,"ingressSettings":"ALLOW_ALL","uri":"https://adminrevalidatedecorv1-vntxuytzsa-uc.a.run.app","serviceAccountEmail":"860495975406-compute@developer.gserviceaccount.com","availableMemory":"256Mi","allTrafficOnLatestRevision":true,"revision":"adminrevalidatedecorv1-00181-yof","maxInstanceRequestConcurrency":1,"availableCpu":"0.1666"},"state":"ACTIVE","updateTime":"2026-08-06T16:40:51.531162626Z","labels":{"deployment-tool":"cli-firebase","deployment-callable":"true","firebase-functions-hash":"5efaf1777d259b9855b4eeb91a96fbac3aed1a65"},"environment":"GEN_2","url":"https://us-central1-reservaeldia-7a440.cloudfunctions.net/adminRevalidateDecorV1","createTime":"2026-03-02T00:10:40.944060713Z","satisfiesPzi":true},{"name":"projects/reservaeldia-7a440/locations/us-central1/functions/copiarPlantilla","buildConfig":{"build":"projects/860495975406/locations/us-central1/builds/8ce2ba43-ac9e-4f0f-b576-ddda1866a519","runtime":"nodejs20","entryPoint":"copiarPlantilla","source":{"storageSource":{"bucket":"gcf-v2-sources-860495975406-us-central1","object":"copiarPlantilla/function-source.zip","generation":"1786034733136592"}},"environmentVariables":{"GOOGLE_NODE_RUN_SCRIPTS":""},"dockerRepository":"projects/reservaeldia-7a440/locations/us-central1/repositories/gcf-artifacts","sourceProvenance":{"resolvedStorageSource":{"bucket":"gcf-v2-sources-860495975406-us-central1","object":"copiarPlantilla/function-source.zip","generation":"1786034733136592"}},"dockerRegistry":"ARTIFACT_REGISTRY","serviceAccount":"projects/reservaeldia-7a440/serviceAccounts/860495975406-compute@developer.gserviceaccount.com","automaticUpdatePolicy":{}},"serviceConfig":{"service":"projects/reservaeldia-7a440/locations/us-central1/services/copiarplantilla","timeoutSeconds":60,"environmentVariables":{"SUPERADMINS_UIDS":"8mvF9cwdbtYo2leAjO11cNxhaLV2","MERCADO_PAGO_PUBLIC_KEY":"APP_USR-a0795dce-baf8-48f6-98af-4defd053ad42","MERCADO_PAGO_ACCESS_TOKEN":"APP_USR-6752615657925923-021923-055cfbc93701d8acfdd153d25b9c4ac8-3215101753","MERCADO_PAGO_CLIENT_ID":"6752615657925923","MERCADO_PAGO_CLIENT_SECRET":"37OPj64uyGyNK2db7e3GBeqizFIF3fuL","MERCADO_PAGO_WEBHOOK_URL":"https://us-central1-reservaeldia-7a440.cloudfunctions.net/mercadoPagoWebhook","MP_WEBHOOK_SECRET":"27104730db6cc9a5f93bc49e4e3f9c70b22f6090845bf7e56d47f3aa2c1589c5","GOOGLE_MAPS_EMBED_API_KEY":"AIzaSyArR56EXHhdSZ1GmpPXwOELlDkoSK-FYrk","FIREBASE_CONFIG":"{\"projectId\":\"reservaeldia-7a440\",\"storageBucket\":\"reservaeldia-7a440.firebasestorage.app\"}","GCLOUD_PROJECT":"reservaeldia-7a440","EVENTARC_CLOUD_EVENT_SOURCE":"projects/reservaeldia-7a440/locations/us-central1/services/copiarPlantilla","FUNCTION_TARGET":"copiarPlantilla","LOG_EXECUTION_ID":"true","FUNCTION_SIGNATURE_TYPE":"http"},"maxInstanceCount":100,"ingressSettings":"ALLOW_ALL","uri":"https://copiarplantilla-vntxuytzsa-uc.a.run.app","serviceAccountEmail":"860495975406-compute@developer.gserviceaccount.com","availableMemory":"256Mi","allTrafficOnLatestRevision":true,"revision":"copiarplantilla-00528-zux","maxInstanceRequestConcurrency":1,"availableCpu":"0.1666"},"state":"ACTIVE","updateTime":"2026-08-06T16:46:10.456860629Z","labels":{"deployment-callable":"true","firebase-functions-hash":"5efaf1777d259b9855b4eeb91a96fbac3aed1a65","deployment-tool":"cli-firebase"},"environment":"GEN_2","url":"https://us-central1-reservaeldia-7a440.cloudfunctions.net/copiarPlantilla","createTime":"2025-05-16T11:17:55.451724466Z","satisfiesPzi":true},{"name":"projects/reservaeldia-7a440/locations/us-central1/functions/dailyIconUsageScanV2","buildConfig":{"build":"projects/860495975406/locations/us-central1/builds/8ce2ba43-ac9e-4f0f-b576-ddda1866a519","runtime":"nodejs20","entryPoint":"dailyIconUsageScanV2","source":{"storageSource":{"bucket":"gcf-v2-sources-860495975406-us-central1","object":"dailyIconUsageScanV2/function-source.zip","generation":"1786034732393691"}},"environmentVariables":{"GOOGLE_NODE_RUN_SCRIPTS":""},"dockerRepository":"projects/reservaeldia-7a440/locations/us-central1/repositories/gcf-artifacts","sourceProvenance":{"resolvedStorageSource":{"bucket":"gcf-v2-sources-860495975406-us-central1","object":"dailyIconUsageScanV2/function-source.zip","generation":"1786034732393691"}},"dockerRegistry":"ARTIFACT_REGISTRY","serviceAccount":"projects/reservaeldia-7a440/serviceAccounts/860495975406-compute@developer.gserviceaccount.com","automaticUpdatePolicy":{}},"serviceConfig":{"service":"projects/reservaeldia-7a440/locations/us-central1/services/dailyiconusagescanv2","timeoutSeconds":60,"environmentVariables":{"SUPERADMINS_UIDS":"8mvF9cwdbtYo2leAjO11cNxhaLV2","MERCADO_PAGO_PUBLIC_KEY":"APP_USR-a0795dce-baf8-48f6-98af-4defd053ad42","MERCADO_PAGO_ACCESS_TOKEN":"APP_USR-6752615657925923-021923-055cfbc93701d8acfdd153d25b9c4ac8-3215101753","MERCADO_PAGO_CLIENT_ID":"6752615657925923","MERCADO_PAGO_CLIENT_SECRET":"37OPj64uyGyNK2db7e3GBeqizFIF3fuL","MERCADO_PAGO_WEBHOOK_URL":"https://us-central1-reservaeldia-7a440.cloudfunctions.net/mercadoPagoWebhook","MP_WEBHOOK_SECRET":"27104730db6cc9a5f93bc49e4e3f9c70b22f6090845bf7e56d47f3aa2c1589c5","GOOGLE_MAPS_EMBED_API_KEY":"AIzaSyArR56EXHhdSZ1GmpPXwOELlDkoSK-FYrk","FIREBASE_CONFIG":"{\"projectId\":\"reservaeldia-7a440\",\"storageBucket\":\"reservaeldia-7a440.firebasestorage.app\"}","GCLOUD_PROJECT":"reservaeldia-7a440","EVENTARC_CLOUD_EVENT_SOURCE":"projects/reservaeldia-7a440/locations/us-central1/services/dailyIconUsageScanV2","FUNCTION_TARGET":"dailyIconUsageScanV2","LOG_EXECUTION_ID":"true","FUNCTION_SIGNATURE_TYPE":"http"},"maxInstanceCount":100,"ingressSettings":"ALLOW_ALL","uri":"https://dailyiconusagescanv2-vntxuytzsa-uc.a.run.app","serviceAccountEmail":"860495975406-compute@developer.gserviceaccount.com","availableMemory":"256Mi","allTrafficOnLatestRevision":true,"revision":"dailyiconusagescanv2-00179-puz","maxInstanceRequestConcurrency":1,"availableCpu":"0.1666"},"state":"ACTIVE","updateTime":"2026-08-06T16:46:10.347435846Z","labels":{"deployment-tool":"cli-firebase","deployment-scheduled":"true","firebase-functions-hash":"5efaf1777d259b9855b4eeb91a96fbac3aed1a65"},"environment":"GEN_2","url":"https://us-central1-reservaeldia-7a440.cloudfunctions.net/dailyIconUsageScanV2","createTime":"2026-03-01T13:41:06.360394274Z","satisfiesPzi":true},{"name":"projects/reservaeldia-7a440/locations/us-central1/functions/adminSaveTemplateEditorDocumentV1","buildConfig":{"build":"projects/860495975406/locations/us-central1/builds/57e95542-d7dd-437d-98c6-b8d327037379","runtime":"nodejs20","entryPoint":"adminSaveTemplateEditorDocumentV1","source":{"storageSource":{"bucket":"gcf-v2-sources-860495975406-us-central1","object":"adminSaveTemplateEditorDocumentV1/function-source.zip","generation":"1786034437711117"}},"environmentVariables":{"GOOGLE_NODE_RUN_SCRIPTS":""},"dockerRepository":"projects/reservaeldia-7a440/locations/us-central1/repositories/gcf-artifacts","sourceProvenance":{"resolvedStorageSource":{"bucket":"gcf-v2-sources-860495975406-us-central1","object":"adminSaveTemplateEditorDocumentV1/function-source.zip","generation":"1786034437711117"}},"dockerRegistry":"ARTIFACT_REGISTRY","serviceAccount":"projects/reservaeldia-7a440/serviceAccounts/860495975406-compute@developer.gserviceaccount.com","automaticUpdatePolicy":{}},"serviceConfig":{"service":"projects/reservaeldia-7a440/locations/us-central1/services/adminsavetemplateeditordocumentv1","timeoutSeconds":60,"environmentVariables":{"SUPERADMINS_UIDS":"8mvF9cwdbtYo2leAjO11cNxhaLV2","MERCADO_PAGO_PUBLIC_KEY":"APP_USR-a0795dce-baf8-48f6-98af-4defd053ad42","MERCADO_PAGO_ACCESS_TOKEN":"APP_USR-6752615657925923-021923-055cfbc93701d8acfdd153d25b9c4ac8-3215101753","MERCADO_PAGO_CLIENT_ID":"6752615657925923","MERCADO_PAGO_CLIENT_SECRET":"37OPj64uyGyNK2db7e3GBeqizFIF3fuL","MERCADO_PAGO_WEBHOOK_URL":"https://us-central1-reservaeldia-7a440.cloudfunctions.net/mercadoPagoWebhook","MP_WEBHOOK_SECRET":"27104730db6cc9a5f93bc49e4e3f9c70b22f6090845bf7e56d47f3aa2c1589c5","GOOGLE_MAPS_EMBED_API_KEY":"AIzaSyArR56EXHhdSZ1GmpPXwOELlDkoSK-FYrk","FIREBASE_CONFIG":"{\"projectId\":\"reservaeldia-7a440\",\"storageBucket\":\"reservaeldia-7a440.firebasestorage.app\"}","GCLOUD_PROJECT":"reservaeldia-7a440","EVENTARC_CLOUD_EVENT_SOURCE":"projects/reservaeldia-7a440/locations/us-central1/services/adminSaveTemplateEditorDocumentV1","FUNCTION_TARGET":"adminSaveTemplateEditorDocumentV1","LOG_EXECUTION_ID":"true","FUNCTION_SIGNATURE_TYPE":"http"},"maxInstanceCount":100,"ingressSettings":"ALLOW_ALL","uri":"https://adminsavetemplateeditordocumentv1-vntxuytzsa-uc.a.run.app","serviceAccountEmail":"860495975406-compute@developer.gserviceaccount.com","availableMemory":"256Mi","allTrafficOnLatestRevision":true,"revision":"adminsavetemplateeditordocumentv1-00162-dip","maxInstanceRequestConcurrency":1,"availableCpu":"0.1666"},"state":"ACTIVE","updateTime":"2026-08-06T16:40:50.056565353Z","labels":{"firebase-functions-hash":"5efaf1777d259b9855b4eeb91a96fbac3aed1a65","deployment-tool":"cli-firebase","deployment-callable":"true"},"environment":"GEN_2","url":"https://us-central1-reservaeldia-7a440.cloudfunctions.net/adminSaveTemplateEditorDocumentV1","createTime":"2026-03-12T22:55:02.527990322Z","satisfiesPzi":true},{"name":"projects/reservaeldia-7a440/locations/us-central1/functions/getPublicationCheckoutStatus","buildConfig":{"build":"projects/860495975406/locations/us-central1/builds/b999ae30-31df-40f4-b488-6cb2027bfedb","runtime":"nodejs20","entryPoint":"getPublicationCheckoutStatus","source":{"storageSource":{"bucket":"gcf-v2-sources-860495975406-us-central1","object":"getPublicationCheckoutStatus/function-source.zip","generation":"1786035014170037"}},"environmentVariables":{"GOOGLE_NODE_RUN_SCRIPTS":""},"dockerRepository":"projects/reservaeldia-7a440/locations/us-central1/repositories/gcf-artifacts","sourceProvenance":{"resolvedStorageSource":{"bucket":"gcf-v2-sources-860495975406-us-central1","object":"getPublicationCheckoutStatus/function-source.zip","generation":"1786035014170037"}},"dockerRegistry":"ARTIFACT_REGISTRY","serviceAccount":"projects/reservaeldia-7a440/serviceAccounts/860495975406-compute@developer.gserviceaccount.com","automaticUpdatePolicy":{}},"serviceConfig":{"service":"projects/reservaeldia-7a440/locations/us-central1/services/getpublicationcheckoutstatus","timeoutSeconds":60,"environmentVariables":{"SUPERADMINS_UIDS":"8mvF9cwdbtYo2leAjO11cNxhaLV2","MERCADO_PAGO_PUBLIC_KEY":"APP_USR-a0795dce-baf8-48f6-98af-4defd053ad42","MERCADO_PAGO_ACCESS_TOKEN":"APP_USR-6752615657925923-021923-055cfbc93701d8acfdd153d25b9c4ac8-3215101753","MERCADO_PAGO_CLIENT_ID":"6752615657925923","MERCADO_PAGO_CLIENT_SECRET":"37OPj64uyGyNK2db7e3GBeqizFIF3fuL","MERCADO_PAGO_WEBHOOK_URL":"https://us-central1-reservaeldia-7a440.cloudfunctions.net/mercadoPagoWebhook","MP_WEBHOOK_SECRET":"27104730db6cc9a5f93bc49e4e3f9c70b22f6090845bf7e56d47f3aa2c1589c5","GOOGLE_MAPS_EMBED_API_KEY":"AIzaSyArR56EXHhdSZ1GmpPXwOELlDkoSK-FYrk","FIREBASE_CONFIG":"{\"projectId\":\"reservaeldia-7a440\",\"storageBucket\":\"reservaeldia-7a440.firebasestorage.app\"}","GCLOUD_PROJECT":"reservaeldia-7a440","EVENTARC_CLOUD_EVENT_SOURCE":"projects/reservaeldia-7a440/locations/us-central1/services/getPublicationCheckoutStatus","FUNCTION_TARGET":"getPublicationCheckoutStatus","LOG_EXECUTION_ID":"true"},"maxInstanceCount":100,"ingressSettings":"ALLOW_ALL","uri":"https://getpublicationcheckoutstatus-vntxuytzsa-uc.a.run.app","serviceAccountEmail":"860495975406-compute@developer.gserviceaccount.com","availableMemory":"256Mi","allTrafficOnLatestRevision":true,"revision":"getpublicationcheckoutstatus-00228-ves","maxInstanceRequestConcurrency":1,"availableCpu":"0.1666"},"state":"ACTIVE","updateTime":"2026-08-06T16:51:40.557084736Z","labels":{"firebase-functions-hash":"5efaf1777d259b9855b4eeb91a96fbac3aed1a65","deployment-tool":"cli-firebase","deployment-callable":"true"},"environment":"GEN_2","url":"https://us-central1-reservaeldia-7a440.cloudfunctions.net/getPublicationCheckoutStatus","createTime":"2026-02-20T09:35:09.343326634Z","satisfiesPzi":true},{"name":"projects/reservaeldia-7a440/locations/us-central1/functions/listUsersDirectory","buildConfig":{"build":"projects/860495975406/locations/us-central1/builds/60c261c2-c5d1-4ee9-8c1e-0439e139ea86","runtime":"nodejs20","entryPoint":"listUsersDirectory","source":{"storageSource":{"bucket":"gcf-v2-sources-860495975406-us-central1","object":"listUsersDirectory/function-source.zip","generation":"1785242813129270"}},"environmentVariables":{"GOOGLE_NODE_RUN_SCRIPTS":""},"dockerRepository":"projects/reservaeldia-7a440/locations/us-central1/repositories/gcf-artifacts","sourceProvenance":{"resolvedStorageSource":{"bucket":"gcf-v2-sources-860495975406-us-central1","object":"listUsersDirectory/function-source.zip","generation":"1785242813129270"}},"dockerRegistry":"ARTIFACT_REGISTRY","serviceAccount":"projects/reservaeldia-7a440/serviceAccounts/860495975406-compute@developer.gserviceaccount.com","automaticUpdatePolicy":{}},"serviceConfig":{"service":"projects/reservaeldia-7a440/locations/us-central1/services/listusersdirectory","timeoutSeconds":60,"environmentVariables":{"SUPERADMINS_UIDS":"8mvF9cwdbtYo2leAjO11cNxhaLV2","MERCADO_PAGO_PUBLIC_KEY":"APP_USR-a0795dce-baf8-48f6-98af-4defd053ad42","MERCADO_PAGO_ACCESS_TOKEN":"APP_USR-6752615657925923-021923-055cfbc93701d8acfdd153d25b9c4ac8-3215101753","MERCADO_PAGO_CLIENT_ID":"6752615657925923","MERCADO_PAGO_CLIENT_SECRET":"37OPj64uyGyNK2db7e3GBeqizFIF3fuL","MERCADO_PAGO_WEBHOOK_URL":"https://us-central1-reservaeldia-7a440.cloudfunctions.net/mercadoPagoWebhook","MP_WEBHOOK_SECRET":"27104730db6cc9a5f93bc49e4e3f9c70b22f6090845bf7e56d47f3aa2c1589c5","GOOGLE_MAPS_EMBED_API_KEY":"AIzaSyArR56EXHhdSZ1GmpPXwOELlDkoSK-FYrk","FIREBASE_CONFIG":"{\"projectId\":\"reservaeldia-7a440\",\"storageBucket\":\"reservaeldia-7a440.firebasestorage.app\"}","GCLOUD_PROJECT":"reservaeldia-7a440","EVENTARC_CLOUD_EVENT_SOURCE":"projects/reservaeldia-7a440/locations/us-central1/services/listUsersDirectory","FUNCTION_TARGET":"listUsersDirectory","LOG_EXECUTION_ID":"true","FUNCTION_SIGNATURE_TYPE":"http"},"maxInstanceCount":100,"ingressSettings":"ALLOW_ALL","uri":"https://listusersdirectory-vntxuytzsa-uc.a.run.app","serviceAccountEmail":"860495975406-compute@developer.gserviceaccount.com","availableMemory":"256Mi","allTrafficOnLatestRevision":true,"revision":"listusersdirectory-00247-fuv","maxInstanceRequestConcurrency":1,"availableCpu":"0.1666"},"state":"ACTIVE","updateTime":"2026-07-28T12:47:26.359747854Z","labels":{"deployment-callable":"true","firebase-functions-hash":"d122378e98f45effe92711c767be8035f097d07d","deployment-tool":"cli-firebase"},"environment":"GEN_2","url":"https://us-central1-reservaeldia-7a440.cloudfunctions.net/listUsersDirectory","createTime":"2026-02-17T20:25:12.113237671Z","satisfiesPzi":true},{"name":"projects/reservaeldia-7a440/locations/us-central1/functions/getAdminDraftSnapshot","buildConfig":{"build":"projects/860495975406/locations/us-central1/builds/7d221b80-df8a-44b4-8701-79eec488f161","runtime":"nodejs20","entryPoint":"getAdminDraftSnapshot","source":{"storageSource":{"bucket":"gcf-v2-sources-860495975406-us-central1","object":"getAdminDraftSnapshot/function-source.zip","generation":"1786034902961447"}},"environmentVariables":{"GOOGLE_NODE_RUN_SCRIPTS":""},"dockerRepository":"projects/reservaeldia-7a440/locations/us-central1/repositories/gcf-artifacts","sourceProvenance":{"resolvedStorageSource":{"bucket":"gcf-v2-sources-860495975406-us-central1","object":"getAdminDraftSnapshot/function-source.zip","generation":"1786034902961447"}},"dockerRegistry":"ARTIFACT_REGISTRY","serviceAccount":"projects/reservaeldia-7a440/serviceAccounts/860495975406-compute@developer.gserviceaccount.com","automaticUpdatePolicy":{}},"serviceConfig":{"service":"projects/reservaeldia-7a440/locations/us-central1/services/getadmindraftsnapshot","timeoutSeconds":60,"environmentVariables":{"SUPERADMINS_UIDS":"8mvF9cwdbtYo2leAjO11cNxhaLV2","MERCADO_PAGO_PUBLIC_KEY":"APP_USR-a0795dce-baf8-48f6-98af-4defd053ad42","MERCADO_PAGO_ACCESS_TOKEN":"APP_USR-6752615657925923-021923-055cfbc93701d8acfdd153d25b9c4ac8-3215101753","MERCADO_PAGO_CLIENT_ID":"6752615657925923","MERCADO_PAGO_CLIENT_SECRET":"37OPj64uyGyNK2db7e3GBeqizFIF3fuL","MERCADO_PAGO_WEBHOOK_URL":"https://us-central1-reservaeldia-7a440.cloudfunctions.net/mercadoPagoWebhook","MP_WEBHOOK_SECRET":"27104730db6cc9a5f93bc49e4e3f9c70b22f6090845bf7e56d47f3aa2c1589c5","GOOGLE_MAPS_EMBED_API_KEY":"AIzaSyArR56EXHhdSZ1GmpPXwOELlDkoSK-FYrk","FIREBASE_CONFIG":"{\"projectId\":\"reservaeldia-7a440\",\"storageBucket\":\"reservaeldia-7a440.firebasestorage.app\"}","GCLOUD_PROJECT":"reservaeldia-7a440","EVENTARC_CLOUD_EVENT_SOURCE":"projects/reservaeldia-7a440/locations/us-central1/services/getAdminDraftSnapshot","FUNCTION_TARGET":"getAdminDraftSnapshot","LOG_EXECUTION_ID":"true","FUNCTION_SIGNATURE_TYPE":"http"},"maxInstanceCount":100,"ingressSettings":"ALLOW_ALL","uri":"https://getadmindraftsnapshot-vntxuytzsa-uc.a.run.app","serviceAccountEmail":"860495975406-compute@developer.gserviceaccount.com","availableMemory":"256Mi","allTrafficOnLatestRevision":true,"revision":"getadmindraftsnapshot-00157-yeg","maxInstanceRequestConcurrency":1,"availableCpu":"0.1666"},"state":"ACTIVE","updateTime":"2026-08-06T16:49:07.485340928Z","labels":{"deployment-tool":"cli-firebase","deployment-callable":"true","firebase-functions-hash":"5efaf1777d259b9855b4eeb91a96fbac3aed1a65"},"environment":"GEN_2","url":"https://us-central1-reservaeldia-7a440.cloudfunctions.net/getAdminDraftSnapshot","createTime":"2026-03-12T02:32:17.474664317Z","satisfiesPzi":true},{"name":"projects/reservaeldia-7a440/locations/us-central1/functions/updateMyUiPreferences","buildConfig":{"build":"projects/860495975406/locations/us-central1/builds/449a8d66-dac3-45d6-b03c-c0736506979a","runtime":"nodejs20","entryPoint":"updateMyUiPreferences","source":{"storageSource":{"bucket":"gcf-v2-sources-860495975406-us-central1","object":"updateMyUiPreferences/function-source.zip","generation":"1785243147867776"}},"environmentVariables":{"GOOGLE_NODE_RUN_SCRIPTS":""},"dockerRepository":"projects/reservaeldia-7a440/locations/us-central1/repositories/gcf-artifacts","sourceProvenance":{"resolvedStorageSource":{"bucket":"gcf-v2-sources-860495975406-us-central1","object":"updateMyUiPreferences/function-source.zip","generation":"1785243147867776"}},"dockerRegistry":"ARTIFACT_REGISTRY","serviceAccount":"projects/reservaeldia-7a440/serviceAccounts/860495975406-compute@developer.gserviceaccount.com","automaticUpdatePolicy":{}},"serviceConfig":{"service":"projects/reservaeldia-7a440/locations/us-central1/services/updatemyuipreferences","timeoutSeconds":60,"environmentVariables":{"SUPERADMINS_UIDS":"8mvF9cwdbtYo2leAjO11cNxhaLV2","MERCADO_PAGO_PUBLIC_KEY":"APP_USR-a0795dce-baf8-48f6-98af-4defd053ad42","MERCADO_PAGO_ACCESS_TOKEN":"APP_USR-6752615657925923-021923-055cfbc93701d8acfdd153d25b9c4ac8-3215101753","MERCADO_PAGO_CLIENT_ID":"6752615657925923","MERCADO_PAGO_CLIENT_SECRET":"37OPj64uyGyNK2db7e3GBeqizFIF3fuL","MERCADO_PAGO_WEBHOOK_URL":"https://us-central1-reservaeldia-7a440.cloudfunctions.net/mercadoPagoWebhook","MP_WEBHOOK_SECRET":"27104730db6cc9a5f93bc49e4e3f9c70b22f6090845bf7e56d47f3aa2c1589c5","GOOGLE_MAPS_EMBED_API_KEY":"AIzaSyArR56EXHhdSZ1GmpPXwOELlDkoSK-FYrk","FIREBASE_CONFIG":"{\"projectId\":\"reservaeldia-7a440\",\"storageBucket\":\"reservaeldia-7a440.firebasestorage.app\"}","GCLOUD_PROJECT":"reservaeldia-7a440","EVENTARC_CLOUD_EVENT_SOURCE":"projects/reservaeldia-7a440/locations/us-central1/services/updateMyUiPreferences","FUNCTION_TARGET":"updateMyUiPreferences","LOG_EXECUTION_ID":"true","FUNCTION_SIGNATURE_TYPE":"http"},"maxInstanceCount":100,"ingressSettings":"ALLOW_ALL","uri":"https://updatemyuipreferences-vntxuytzsa-uc.a.run.app","serviceAccountEmail":"860495975406-compute@developer.gserviceaccount.com","availableMemory":"256Mi","allTrafficOnLatestRevision":true,"revision":"updatemyuipreferences-00012-kuc","maxInstanceRequestConcurrency":1,"availableCpu":"0.1666"},"state":"ACTIVE","updateTime":"2026-07-28T12:53:18.158692959Z","labels":{"deployment-tool":"cli-firebase","deployment-callable":"true","firebase-functions-hash":"d122378e98f45effe92711c767be8035f097d07d"},"environment":"GEN_2","url":"https://us-central1-reservaeldia-7a440.cloudfunctions.net/updateMyUiPreferences","createTime":"2026-07-17T20:44:20.265458944Z","satisfiesPzi":true},{"name":"projects/reservaeldia-7a440/locations/us-central1/functions/runBusinessAnalyticsExportJobsV1","buildConfig":{"build":"projects/860495975406/locations/us-central1/builds/2b5c5f6d-7a9b-47bc-83bb-d06dd7febaf0","runtime":"nodejs20","entryPoint":"runBusinessAnalyticsExportJobsV1","source":{"storageSource":{"bucket":"gcf-v2-sources-860495975406-us-central1","object":"runBusinessAnalyticsExportJobsV1/function-source.zip","generation":"1785243095777211"}},"environmentVariables":{"GOOGLE_NODE_RUN_SCRIPTS":""},"dockerRepository":"projects/reservaeldia-7a440/locations/us-central1/repositories/gcf-artifacts","sourceProvenance":{"resolvedStorageSource":{"bucket":"gcf-v2-sources-860495975406-us-central1","object":"runBusinessAnalyticsExportJobsV1/function-source.zip","generation":"1785243095777211"}},"dockerRegistry":"ARTIFACT_REGISTRY","serviceAccount":"projects/reservaeldia-7a440/serviceAccounts/860495975406-compute@developer.gserviceaccount.com","automaticUpdatePolicy":{}},"serviceConfig":{"service":"projects/reservaeldia-7a440/locations/us-central1/services/runbusinessanalyticsexportjobsv1","timeoutSeconds":540,"environmentVariables":{"SUPERADMINS_UIDS":"8mvF9cwdbtYo2leAjO11cNxhaLV2","MERCADO_PAGO_PUBLIC_KEY":"APP_USR-a0795dce-baf8-48f6-98af-4defd053ad42","MERCADO_PAGO_ACCESS_TOKEN":"APP_USR-6752615657925923-021923-055cfbc93701d8acfdd153d25b9c4ac8-3215101753","MERCADO_PAGO_CLIENT_ID":"6752615657925923","MERCADO_PAGO_CLIENT_SECRET":"37OPj64uyGyNK2db7e3GBeqizFIF3fuL","MERCADO_PAGO_WEBHOOK_URL":"https://us-central1-reservaeldia-7a440.cloudfunctions.net/mercadoPagoWebhook","MP_WEBHOOK_SECRET":"27104730db6cc9a5f93bc49e4e3f9c70b22f6090845bf7e56d47f3aa2c1589c5","GOOGLE_MAPS_EMBED_API_KEY":"AIzaSyArR56EXHhdSZ1GmpPXwOELlDkoSK-FYrk","FIREBASE_CONFIG":"{\"projectId\":\"reservaeldia-7a440\",\"storageBucket\":\"reservaeldia-7a440.firebasestorage.app\"}","GCLOUD_PROJECT":"reservaeldia-7a440","EVENTARC_CLOUD_EVENT_SOURCE":"projects/reservaeldia-7a440/locations/us-central1/services/runBusinessAnalyticsExportJobsV1","FUNCTION_TARGET":"runBusinessAnalyticsExportJobsV1","LOG_EXECUTION_ID":"true"},"maxInstanceCount":34,"ingressSettings":"ALLOW_ALL","uri":"https://runbusinessanalyticsexportjobsv1-vntxuytzsa-uc.a.run.app","serviceAccountEmail":"860495975406-compute@developer.gserviceaccount.com","availableMemory":"1024Mi","allTrafficOnLatestRevision":true,"revision":"runbusinessanalyticsexportjobsv1-00124-bev","maxInstanceRequestConcurrency":1,"availableCpu":"0.5833"},"state":"ACTIVE","updateTime":"2026-07-28T12:52:52.304316972Z","labels":{"deployment-scheduled":"true","firebase-functions-hash":"d122378e98f45effe92711c767be8035f097d07d","deployment-tool":"cli-firebase"},"environment":"GEN_2","url":"https://us-central1-reservaeldia-7a440.cloudfunctions.net/runBusinessAnalyticsExportJobsV1","createTime":"2026-03-13T15:35:39.913708276Z","satisfiesPzi":true},{"name":"projects/reservaeldia-7a440/locations/us-central1/functions/runBusinessAnalyticsRebuildJobsV1","buildConfig":{"build":"projects/860495975406/locations/us-central1/builds/2b5c5f6d-7a9b-47bc-83bb-d06dd7febaf0","runtime":"nodejs20","entryPoint":"runBusinessAnalyticsRebuildJobsV1","source":{"storageSource":{"bucket":"gcf-v2-sources-860495975406-us-central1","object":"runBusinessAnalyticsRebuildJobsV1/function-source.zip","generation":"1785243152147779"}},"environmentVariables":{"GOOGLE_NODE_RUN_SCRIPTS":""},"dockerRepository":"projects/reservaeldia-7a440/locations/us-central1/repositories/gcf-artifacts","sourceProvenance":{"resolvedStorageSource":{"bucket":"gcf-v2-sources-860495975406-us-central1","object":"runBusinessAnalyticsRebuildJobsV1/function-source.zip","generation":"1785243152147779"}},"dockerRegistry":"ARTIFACT_REGISTRY","serviceAccount":"projects/reservaeldia-7a440/serviceAccounts/860495975406-compute@developer.gserviceaccount.com","automaticUpdatePolicy":{}},"serviceConfig":{"service":"projects/reservaeldia-7a440/locations/us-central1/services/runbusinessanalyticsrebuildjobsv1","timeoutSeconds":540,"environmentVariables":{"SUPERADMINS_UIDS":"8mvF9cwdbtYo2leAjO11cNxhaLV2","MERCADO_PAGO_PUBLIC_KEY":"APP_USR-a0795dce-baf8-48f6-98af-4defd053ad42","MERCADO_PAGO_ACCESS_TOKEN":"APP_USR-6752615657925923-021923-055cfbc93701d8acfdd153d25b9c4ac8-3215101753","MERCADO_PAGO_CLIENT_ID":"6752615657925923","MERCADO_PAGO_CLIENT_SECRET":"37OPj64uyGyNK2db7e3GBeqizFIF3fuL","MERCADO_PAGO_WEBHOOK_URL":"https://us-central1-reservaeldia-7a440.cloudfunctions.net/mercadoPagoWebhook","MP_WEBHOOK_SECRET":"27104730db6cc9a5f93bc49e4e3f9c70b22f6090845bf7e56d47f3aa2c1589c5","GOOGLE_MAPS_EMBED_API_KEY":"AIzaSyArR56EXHhdSZ1GmpPXwOELlDkoSK-FYrk","FIREBASE_CONFIG":"{\"projectId\":\"reservaeldia-7a440\",\"storageBucket\":\"reservaeldia-7a440.firebasestorage.app\"}","GCLOUD_PROJECT":"reservaeldia-7a440","EVENTARC_CLOUD_EVENT_SOURCE":"projects/reservaeldia-7a440/locations/us-central1/services/runBusinessAnalyticsRebuildJobsV1","FUNCTION_TARGET":"runBusinessAnalyticsRebuildJobsV1","LOG_EXECUTION_ID":"true","FUNCTION_SIGNATURE_TYPE":"http"},"maxInstanceCount":34,"ingressSettings":"ALLOW_ALL","uri":"https://runbusinessanalyticsrebuildjobsv1-vntxuytzsa-uc.a.run.app","serviceAccountEmail":"860495975406-compute@developer.gserviceaccount.com","availableMemory":"1024Mi","allTrafficOnLatestRevision":true,"revision":"runbusinessanalyticsrebuildjobsv1-00129-god","maxInstanceRequestConcurrency":1,"availableCpu":"0.5833"},"state":"ACTIVE","updateTime":"2026-07-28T12:53:17.392745680Z","labels":{"firebase-functions-hash":"d122378e98f45effe92711c767be8035f097d07d","deployment-tool":"cli-firebase","deployment-scheduled":"true"},"environment":"GEN_2","url":"https://us-central1-reservaeldia-7a440.cloudfunctions.net/runBusinessAnalyticsRebuildJobsV1","createTime":"2026-03-13T05:04:05.886782781Z","satisfiesPzi":true},{"name":"projects/reservaeldia-7a440/locations/us-central1/functions/moveDraftToTrash","buildConfig":{"build":"projects/860495975406/locations/us-central1/builds/72f8078a-6fe7-4d9b-839e-fdda9174845e","runtime":"nodejs20","entryPoint":"moveDraftToTrash","source":{"storageSource":{"bucket":"gcf-v2-sources-860495975406-us-central1","object":"moveDraftToTrash/function-source.zip","generation":"1786035169150476"}},"environmentVariables":{"GOOGLE_NODE_RUN_SCRIPTS":""},"dockerRepository":"projects/reservaeldia-7a440/locations/us-central1/repositories/gcf-artifacts","sourceProvenance":{"resolvedStorageSource":{"bucket":"gcf-v2-sources-860495975406-us-central1","object":"moveDraftToTrash/function-source.zip","generation":"1786035169150476"}},"dockerRegistry":"ARTIFACT_REGISTRY","serviceAccount":"projects/reservaeldia-7a440/serviceAccounts/860495975406-compute@developer.gserviceaccount.com","automaticUpdatePolicy":{}},"serviceConfig":{"service":"projects/reservaeldia-7a440/locations/us-central1/services/movedrafttotrash","timeoutSeconds":60,"environmentVariables":{"SUPERADMINS_UIDS":"8mvF9cwdbtYo2leAjO11cNxhaLV2","MERCADO_PAGO_PUBLIC_KEY":"APP_USR-a0795dce-baf8-48f6-98af-4defd053ad42","MERCADO_PAGO_ACCESS_TOKEN":"APP_USR-6752615657925923-021923-055cfbc93701d8acfdd153d25b9c4ac8-3215101753","MERCADO_PAGO_CLIENT_ID":"6752615657925923","MERCADO_PAGO_CLIENT_SECRET":"37OPj64uyGyNK2db7e3GBeqizFIF3fuL","MERCADO_PAGO_WEBHOOK_URL":"https://us-central1-reservaeldia-7a440.cloudfunctions.net/mercadoPagoWebhook","MP_WEBHOOK_SECRET":"27104730db6cc9a5f93bc49e4e3f9c70b22f6090845bf7e56d47f3aa2c1589c5","GOOGLE_MAPS_EMBED_API_KEY":"AIzaSyArR56EXHhdSZ1GmpPXwOELlDkoSK-FYrk","FIREBASE_CONFIG":"{\"projectId\":\"reservaeldia-7a440\",\"storageBucket\":\"reservaeldia-7a440.firebasestorage.app\"}","GCLOUD_PROJECT":"reservaeldia-7a440","EVENTARC_CLOUD_EVENT_SOURCE":"projects/reservaeldia-7a440/locations/us-central1/services/moveDraftToTrash","FUNCTION_TARGET":"moveDraftToTrash","LOG_EXECUTION_ID":"true"},"maxInstanceCount":100,"ingressSettings":"ALLOW_ALL","uri":"https://movedrafttotrash-vntxuytzsa-uc.a.run.app","serviceAccountEmail":"860495975406-compute@developer.gserviceaccount.com","availableMemory":"256Mi","allTrafficOnLatestRevision":true,"revision":"movedrafttotrash-00164-kad","maxInstanceRequestConcurrency":1,"availableCpu":"0.1666"},"state":"ACTIVE","updateTime":"2026-08-06T16:54:28.257836684Z","labels":{"deployment-callable":"true","firebase-functions-hash":"5efaf1777d259b9855b4eeb91a96fbac3aed1a65","deployment-tool":"cli-firebase"},"environment":"GEN_2","url":"https://us-central1-reservaeldia-7a440.cloudfunctions.net/moveDraftToTrash","createTime":"2026-02-26T17:59:44.735807328Z","satisfiesPzi":true},{"name":"projects/reservaeldia-7a440/locations/us-central1/functions/listCountdownPresetVersionsAdmin","buildConfig":{"build":"projects/860495975406/locations/us-central1/builds/cca5cf55-789d-4371-bd8c-c387d4e9200b","runtime":"nodejs20","entryPoint":"listCountdownPresetVersionsAdmin","source":{"storageSource":{"bucket":"gcf-v2-sources-860495975406-us-central1","object":"listCountdownPresetVersionsAdmin/function-source.zip","generation":"1786035316579460"}},"environmentVariables":{"GOOGLE_NODE_RUN_SCRIPTS":""},"dockerRepository":"projects/reservaeldia-7a440/locations/us-central1/repositories/gcf-artifacts","sourceProvenance":{"resolvedStorageSource":{"bucket":"gcf-v2-sources-860495975406-us-central1","object":"listCountdownPresetVersionsAdmin/function-source.zip","generation":"1786035316579460"}},"dockerRegistry":"ARTIFACT_REGISTRY","serviceAccount":"projects/reservaeldia-7a440/serviceAccounts/860495975406-compute@developer.gserviceaccount.com","automaticUpdatePolicy":{}},"serviceConfig":{"service":"projects/reservaeldia-7a440/locations/us-central1/services/listcountdownpresetversionsadmin","timeoutSeconds":60,"environmentVariables":{"SUPERADMINS_UIDS":"8mvF9cwdbtYo2leAjO11cNxhaLV2","MERCADO_PAGO_PUBLIC_KEY":"APP_USR-a0795dce-baf8-48f6-98af-4defd053ad42","MERCADO_PAGO_ACCESS_TOKEN":"APP_USR-6752615657925923-021923-055cfbc93701d8acfdd153d25b9c4ac8-3215101753","MERCADO_PAGO_CLIENT_ID":"6752615657925923","MERCADO_PAGO_CLIENT_SECRET":"37OPj64uyGyNK2db7e3GBeqizFIF3fuL","MERCADO_PAGO_WEBHOOK_URL":"https://us-central1-reservaeldia-7a440.cloudfunctions.net/mercadoPagoWebhook","MP_WEBHOOK_SECRET":"27104730db6cc9a5f93bc49e4e3f9c70b22f6090845bf7e56d47f3aa2c1589c5","GOOGLE_MAPS_EMBED_API_KEY":"AIzaSyArR56EXHhdSZ1GmpPXwOELlDkoSK-FYrk","FIREBASE_CONFIG":"{\"projectId\":\"reservaeldia-7a440\",\"storageBucket\":\"reservaeldia-7a440.firebasestorage.app\"}","GCLOUD_PROJECT":"reservaeldia-7a440","EVENTARC_CLOUD_EVENT_SOURCE":"projects/reservaeldia-7a440/locations/us-central1/services/listCountdownPresetVersionsAdmin","FUNCTION_TARGET":"listCountdownPresetVersionsAdmin","LOG_EXECUTION_ID":"true","FUNCTION_SIGNATURE_TYPE":"http"},"maxInstanceCount":100,"ingressSettings":"ALLOW_ALL","uri":"https://listcountdownpresetversionsadmin-vntxuytzsa-uc.a.run.app","serviceAccountEmail":"860495975406-compute@developer.gserviceaccount.com","availableMemory":"256Mi","allTrafficOnLatestRevision":true,"revision":"listcountdownpresetversionsadmin-00011-laj","maxInstanceRequestConcurrency":1,"availableCpu":"0.1666"},"state":"ACTIVE","updateTime":"2026-08-06T16:55:32.037076643Z","labels":{"deployment-tool":"cli-firebase","deployment-callable":"true","firebase-functions-hash":"5efaf1777d259b9855b4eeb91a96fbac3aed1a65"},"environment":"GEN_2","url":"https://us-central1-reservaeldia-7a440.cloudfunctions.net/listCountdownPresetVersionsAdmin","createTime":"2026-07-24T03:06:24.451610555Z","satisfiesPzi":true},{"name":"projects/reservaeldia-7a440/locations/us-central1/functions/generatePublishedShareImage","buildConfig":{"build":"projects/860495975406/locations/us-central1/builds/cb1eef14-e90c-408d-9703-07d42af6f7f2","runtime":"nodejs20","entryPoint":"generatePublishedShareImage","source":{"storageSource":{"bucket":"gcf-v2-sources-860495975406-us-central1","object":"generatePublishedShareImage/function-source.zip","generation":"1777765849550671"}},"environmentVariables":{"GOOGLE_NODE_RUN_SCRIPTS":""},"dockerRepository":"projects/reservaeldia-7a440/locations/us-central1/repositories/gcf-artifacts","sourceProvenance":{"resolvedStorageSource":{"bucket":"gcf-v2-sources-860495975406-us-central1","object":"generatePublishedShareImage/function-source.zip","generation":"1777765849550671"}},"dockerRegistry":"ARTIFACT_REGISTRY","serviceAccount":"projects/reservaeldia-7a440/serviceAccounts/860495975406-compute@developer.gserviceaccount.com","automaticUpdatePolicy":{}},"serviceConfig":{"service":"projects/reservaeldia-7a440/locations/us-central1/services/generatepublishedshareimage","timeoutSeconds":60,"environmentVariables":{"SUPERADMINS_UIDS":"8mvF9cwdbtYo2leAjO11cNxhaLV2","MERCADO_PAGO_PUBLIC_KEY":"APP_USR-a0795dce-baf8-48f6-98af-4defd053ad42","MERCADO_PAGO_ACCESS_TOKEN":"APP_USR-6752615657925923-021923-055cfbc93701d8acfdd153d25b9c4ac8-3215101753","MERCADO_PAGO_CLIENT_ID":"6752615657925923","MERCADO_PAGO_CLIENT_SECRET":"37OPj64uyGyNK2db7e3GBeqizFIF3fuL","MERCADO_PAGO_WEBHOOK_URL":"https://us-central1-reservaeldia-7a440.cloudfunctions.net/mercadoPagoWebhook","MP_WEBHOOK_SECRET":"27104730db6cc9a5f93bc49e4e3f9c70b22f6090845bf7e56d47f3aa2c1589c5","FIREBASE_CONFIG":"{\"projectId\":\"reservaeldia-7a440\",\"storageBucket\":\"reservaeldia-7a440.firebasestorage.app\"}","GCLOUD_PROJECT":"reservaeldia-7a440","EVENTARC_CLOUD_EVENT_SOURCE":"projects/reservaeldia-7a440/locations/us-central1/services/generatePublishedShareImage","FUNCTION_SIGNATURE_TYPE":"cloudevent","FUNCTION_TARGET":"generatePublishedShareImage","LOG_EXECUTION_ID":"true"},"ingressSettings":"ALLOW_ALL","uri":"https://generatepublishedshareimage-vntxuytzsa-uc.a.run.app","serviceAccountEmail":"860495975406-compute@developer.gserviceaccount.com","availableMemory":"1024Mi","allTrafficOnLatestRevision":true,"revision":"generatepublishedshareimage-00001-wof","maxInstanceRequestConcurrency":1,"availableCpu":"1"},"eventTrigger":{"trigger":"projects/reservaeldia-7a440/locations/southamerica-east1/triggers/generatepublishedshareimage-431061","triggerRegion":"southamerica-east1","eventType":"google.cloud.firestore.document.v1.written","eventFilters":[{"attribute":"database","value":"(default)"},{"attribute":"namespace","value":"(default)"},{"attribute":"document","value":"publicadas/{slug}","operator":"match-path-pattern"}],"pubsubTopic":"projects/reservaeldia-7a440/topics/eventarc-southamerica-east1-generatepublishedshareimage-431061-458","serviceAccountEmail":"860495975406-compute@developer.gserviceaccount.com","retryPolicy":"RETRY_POLICY_DO_NOT_RETRY"},"state":"ACTIVE","updateTime":"2026-05-02T23:52:21.100664245Z","labels":{"deployment-tool":"cli-firebase","firebase-functions-hash":"9db51c0634257f634d203dc3aa123b10f46d2275"},"environment":"GEN_2","url":"https://us-central1-reservaeldia-7a440.cloudfunctions.net/generatePublishedShareImage","createTime":"2026-05-02T23:50:49.967300317Z","satisfiesPzi":true},{"name":"projects/reservaeldia-7a440/locations/us-central1/functions/requestBusinessAnalyticsRawExportV1","buildConfig":{"build":"projects/860495975406/locations/us-central1/builds/1751d5b5-2b3a-424b-8023-0dbd64c1b2c2","runtime":"nodejs20","entryPoint":"requestBusinessAnalyticsRawExportV1","source":{"storageSource":{"bucket":"gcf-v2-sources-860495975406-us-central1","object":"requestBusinessAnalyticsRawExportV1/function-source.zip","generation":"1785242919592001"}},"environmentVariables":{"GOOGLE_NODE_RUN_SCRIPTS":""},"dockerRepository":"projects/reservaeldia-7a440/locations/us-central1/repositories/gcf-artifacts","sourceProvenance":{"resolvedStorageSource":{"bucket":"gcf-v2-sources-860495975406-us-central1","object":"requestBusinessAnalyticsRawExportV1/function-source.zip","generation":"1785242919592001"}},"dockerRegistry":"ARTIFACT_REGISTRY","serviceAccount":"projects/reservaeldia-7a440/serviceAccounts/860495975406-compute@developer.gserviceaccount.com","automaticUpdatePolicy":{}},"serviceConfig":{"service":"projects/reservaeldia-7a440/locations/us-central1/services/requestbusinessanalyticsrawexportv1","timeoutSeconds":60,"environmentVariables":{"SUPERADMINS_UIDS":"8mvF9cwdbtYo2leAjO11cNxhaLV2","MERCADO_PAGO_PUBLIC_KEY":"APP_USR-a0795dce-baf8-48f6-98af-4defd053ad42","MERCADO_PAGO_ACCESS_TOKEN":"APP_USR-6752615657925923-021923-055cfbc93701d8acfdd153d25b9c4ac8-3215101753","MERCADO_PAGO_CLIENT_ID":"6752615657925923","MERCADO_PAGO_CLIENT_SECRET":"37OPj64uyGyNK2db7e3GBeqizFIF3fuL","MERCADO_PAGO_WEBHOOK_URL":"https://us-central1-reservaeldia-7a440.cloudfunctions.net/mercadoPagoWebhook","MP_WEBHOOK_SECRET":"27104730db6cc9a5f93bc49e4e3f9c70b22f6090845bf7e56d47f3aa2c1589c5","GOOGLE_MAPS_EMBED_API_KEY":"AIzaSyArR56EXHhdSZ1GmpPXwOELlDkoSK-FYrk","FIREBASE_CONFIG":"{\"projectId\":\"reservaeldia-7a440\",\"storageBucket\":\"reservaeldia-7a440.firebasestorage.app\"}","GCLOUD_PROJECT":"reservaeldia-7a440","EVENTARC_CLOUD_EVENT_SOURCE":"projects/reservaeldia-7a440/locations/us-central1/services/requestBusinessAnalyticsRawExportV1","FUNCTION_TARGET":"requestBusinessAnalyticsRawExportV1","LOG_EXECUTION_ID":"true"},"maxInstanceCount":60,"ingressSettings":"ALLOW_ALL","uri":"https://requestbusinessanalyticsrawexportv1-vntxuytzsa-uc.a.run.app","serviceAccountEmail":"860495975406-compute@developer.gserviceaccount.com","availableMemory":"512Mi","allTrafficOnLatestRevision":true,"revision":"requestbusinessanalyticsrawexportv1-00126-tig","maxInstanceRequestConcurrency":1,"availableCpu":"0.3333"},"state":"ACTIVE","updateTime":"2026-07-28T12:50:12.130491477Z","labels":{"deployment-tool":"cli-firebase","deployment-callable":"true","firebase-functions-hash":"d122378e98f45effe92711c767be8035f097d07d"},"environment":"GEN_2","url":"https://us-central1-reservaeldia-7a440.cloudfunctions.net/requestBusinessAnalyticsRawExportV1","createTime":"2026-03-13T15:35:39.906073452Z","satisfiesPzi":true},{"name":"projects/reservaeldia-7a440/locations/us-central1/functions/adminGetTemplateEditorDocumentV1","buildConfig":{"build":"projects/860495975406/locations/us-central1/builds/63ad86be-fd19-48aa-8e52-b5898bc22654","runtime":"nodejs20","entryPoint":"adminGetTemplateEditorDocumentV1","source":{"storageSource":{"bucket":"gcf-v2-sources-860495975406-us-central1","object":"adminGetTemplateEditorDocumentV1/function-source.zip","generation":"1786034147125526"}},"environmentVariables":{"GOOGLE_NODE_RUN_SCRIPTS":""},"dockerRepository":"projects/reservaeldia-7a440/locations/us-central1/repositories/gcf-artifacts","sourceProvenance":{"resolvedStorageSource":{"bucket":"gcf-v2-sources-860495975406-us-central1","object":"adminGetTemplateEditorDocumentV1/function-source.zip","generation":"1786034147125526"}},"dockerRegistry":"ARTIFACT_REGISTRY","serviceAccount":"projects/reservaeldia-7a440/serviceAccounts/860495975406-compute@developer.gserviceaccount.com","automaticUpdatePolicy":{}},"serviceConfig":{"service":"projects/reservaeldia-7a440/locations/us-central1/services/admingettemplateeditordocumentv1","timeoutSeconds":60,"environmentVariables":{"SUPERADMINS_UIDS":"8mvF9cwdbtYo2leAjO11cNxhaLV2","MERCADO_PAGO_PUBLIC_KEY":"APP_USR-a0795dce-baf8-48f6-98af-4defd053ad42","MERCADO_PAGO_ACCESS_TOKEN":"APP_USR-6752615657925923-021923-055cfbc93701d8acfdd153d25b9c4ac8-3215101753","MERCADO_PAGO_CLIENT_ID":"6752615657925923","MERCADO_PAGO_CLIENT_SECRET":"37OPj64uyGyNK2db7e3GBeqizFIF3fuL","MERCADO_PAGO_WEBHOOK_URL":"https://us-central1-reservaeldia-7a440.cloudfunctions.net/mercadoPagoWebhook","MP_WEBHOOK_SECRET":"27104730db6cc9a5f93bc49e4e3f9c70b22f6090845bf7e56d47f3aa2c1589c5","GOOGLE_MAPS_EMBED_API_KEY":"AIzaSyArR56EXHhdSZ1GmpPXwOELlDkoSK-FYrk","FIREBASE_CONFIG":"{\"projectId\":\"reservaeldia-7a440\",\"storageBucket\":\"reservaeldia-7a440.firebasestorage.app\"}","GCLOUD_PROJECT":"reservaeldia-7a440","EVENTARC_CLOUD_EVENT_SOURCE":"projects/reservaeldia-7a440/locations/us-central1/services/adminGetTemplateEditorDocumentV1","FUNCTION_TARGET":"adminGetTemplateEditorDocumentV1","LOG_EXECUTION_ID":"true","FUNCTION_SIGNATURE_TYPE":"http"},"maxInstanceCount":100,"ingressSettings":"ALLOW_ALL","uri":"https://admingettemplateeditordocumentv1-vntxuytzsa-uc.a.run.app","serviceAccountEmail":"860495975406-compute@developer.gserviceaccount.com","availableMemory":"256Mi","allTrafficOnLatestRevision":true,"revision":"admingettemplateeditordocumentv1-00170-tet","maxInstanceRequestConcurrency":1,"availableCpu":"0.1666"},"state":"ACTIVE","updateTime":"2026-08-06T16:36:05.182715380Z","labels":{"deployment-tool":"cli-firebase","deployment-callable":"true","firebase-functions-hash":"5efaf1777d259b9855b4eeb91a96fbac3aed1a65"},"environment":"GEN_2","url":"https://us-central1-reservaeldia-7a440.cloudfunctions.net/adminGetTemplateEditorDocumentV1","createTime":"2026-03-12T22:53:57.499729804Z","satisfiesPzi":true},{"name":"projects/reservaeldia-7a440/locations/us-central1/functions/borrarTodosLosBorradores","buildConfig":{"build":"projects/860495975406/locations/us-central1/builds/8ce2ba43-ac9e-4f0f-b576-ddda1866a519","runtime":"nodejs20","entryPoint":"borrarTodosLosBorradores","source":{"storageSource":{"bucket":"gcf-v2-sources-860495975406-us-central1","object":"borrarTodosLosBorradores/function-source.zip","generation":"1786034733259737"}},"environmentVariables":{"GOOGLE_NODE_RUN_SCRIPTS":""},"dockerRepository":"projects/reservaeldia-7a440/locations/us-central1/repositories/gcf-artifacts","sourceProvenance":{"resolvedStorageSource":{"bucket":"gcf-v2-sources-860495975406-us-central1","object":"borrarTodosLosBorradores/function-source.zip","generation":"1786034733259737"}},"dockerRegistry":"ARTIFACT_REGISTRY","serviceAccount":"projects/reservaeldia-7a440/serviceAccounts/860495975406-compute@developer.gserviceaccount.com","automaticUpdatePolicy":{}},"serviceConfig":{"service":"projects/reservaeldia-7a440/locations/us-central1/services/borrartodoslosborradores","timeoutSeconds":60,"environmentVariables":{"SUPERADMINS_UIDS":"8mvF9cwdbtYo2leAjO11cNxhaLV2","MERCADO_PAGO_PUBLIC_KEY":"APP_USR-a0795dce-baf8-48f6-98af-4defd053ad42","MERCADO_PAGO_ACCESS_TOKEN":"APP_USR-6752615657925923-021923-055cfbc93701d8acfdd153d25b9c4ac8-3215101753","MERCADO_PAGO_CLIENT_ID":"6752615657925923","MERCADO_PAGO_CLIENT_SECRET":"37OPj64uyGyNK2db7e3GBeqizFIF3fuL","MERCADO_PAGO_WEBHOOK_URL":"https://us-central1-reservaeldia-7a440.cloudfunctions.net/mercadoPagoWebhook","MP_WEBHOOK_SECRET":"27104730db6cc9a5f93bc49e4e3f9c70b22f6090845bf7e56d47f3aa2c1589c5","GOOGLE_MAPS_EMBED_API_KEY":"AIzaSyArR56EXHhdSZ1GmpPXwOELlDkoSK-FYrk","FIREBASE_CONFIG":"{\"projectId\":\"reservaeldia-7a440\",\"storageBucket\":\"reservaeldia-7a440.firebasestorage.app\"}","GCLOUD_PROJECT":"reservaeldia-7a440","EVENTARC_CLOUD_EVENT_SOURCE":"projects/reservaeldia-7a440/locations/us-central1/services/borrarTodosLosBorradores","FUNCTION_TARGET":"borrarTodosLosBorradores","LOG_EXECUTION_ID":"true","FUNCTION_SIGNATURE_TYPE":"http"},"maxInstanceCount":100,"ingressSettings":"ALLOW_ALL","uri":"https://borrartodoslosborradores-vntxuytzsa-uc.a.run.app","serviceAccountEmail":"860495975406-compute@developer.gserviceaccount.com","availableMemory":"256Mi","allTrafficOnLatestRevision":true,"revision":"borrartodoslosborradores-00487-kej","maxInstanceRequestConcurrency":1,"availableCpu":"0.1666"},"state":"ACTIVE","updateTime":"2026-08-06T16:46:07.463081348Z","labels":{"deployment-tool":"cli-firebase","deployment-callable":"true","firebase-functions-hash":"5efaf1777d259b9855b4eeb91a96fbac3aed1a65"},"environment":"GEN_2","url":"https://us-central1-reservaeldia-7a440.cloudfunctions.net/borrarTodosLosBorradores","createTime":"2025-05-23T15:09:41.062963294Z","satisfiesPzi":true},{"name":"projects/reservaeldia-7a440/locations/us-central1/functions/mercadoPagoWebhook","buildConfig":{"build":"projects/860495975406/locations/us-central1/builds/e26b8206-8385-4a4e-8cc6-3a00ce85d7ac","runtime":"nodejs20","entryPoint":"mercadoPagoWebhook","source":{"storageSource":{"bucket":"gcf-v2-sources-860495975406-us-central1","object":"mercadoPagoWebhook/function-source.zip","generation":"1786035169211244"}},"environmentVariables":{"GOOGLE_NODE_RUN_SCRIPTS":""},"dockerRepository":"projects/reservaeldia-7a440/locations/us-central1/repositories/gcf-artifacts","sourceProvenance":{"resolvedStorageSource":{"bucket":"gcf-v2-sources-860495975406-us-central1","object":"mercadoPagoWebhook/function-source.zip","generation":"1786035169211244"}},"dockerRegistry":"ARTIFACT_REGISTRY","serviceAccount":"projects/reservaeldia-7a440/serviceAccounts/860495975406-compute@developer.gserviceaccount.com","automaticUpdatePolicy":{}},"serviceConfig":{"service":"projects/reservaeldia-7a440/locations/us-central1/services/mercadopagowebhook","timeoutSeconds":60,"environmentVariables":{"SUPERADMINS_UIDS":"8mvF9cwdbtYo2leAjO11cNxhaLV2","MERCADO_PAGO_PUBLIC_KEY":"APP_USR-a0795dce-baf8-48f6-98af-4defd053ad42","MERCADO_PAGO_ACCESS_TOKEN":"APP_USR-6752615657925923-021923-055cfbc93701d8acfdd153d25b9c4ac8-3215101753","MERCADO_PAGO_CLIENT_ID":"6752615657925923","MERCADO_PAGO_CLIENT_SECRET":"37OPj64uyGyNK2db7e3GBeqizFIF3fuL","MERCADO_PAGO_WEBHOOK_URL":"https://us-central1-reservaeldia-7a440.cloudfunctions.net/mercadoPagoWebhook","MP_WEBHOOK_SECRET":"27104730db6cc9a5f93bc49e4e3f9c70b22f6090845bf7e56d47f3aa2c1589c5","GOOGLE_MAPS_EMBED_API_KEY":"AIzaSyArR56EXHhdSZ1GmpPXwOELlDkoSK-FYrk","FIREBASE_CONFIG":"{\"projectId\":\"reservaeldia-7a440\",\"storageBucket\":\"reservaeldia-7a440.firebasestorage.app\"}","GCLOUD_PROJECT":"reservaeldia-7a440","EVENTARC_CLOUD_EVENT_SOURCE":"projects/reservaeldia-7a440/locations/us-central1/services/mercadoPagoWebhook","FUNCTION_TARGET":"mercadoPagoWebhook","LOG_EXECUTION_ID":"true"},"maxInstanceCount":20,"ingressSettings":"ALLOW_ALL","uri":"https://mercadopagowebhook-vntxuytzsa-uc.a.run.app","serviceAccountEmail":"860495975406-compute@developer.gserviceaccount.com","availableMemory":"1024Mi","allTrafficOnLatestRevision":true,"revision":"mercadopagowebhook-00253-tik","maxInstanceRequestConcurrency":1,"availableCpu":"1"},"state":"ACTIVE","updateTime":"2026-08-06T16:54:51.094208871Z","labels":{"deployment-tool":"cli-firebase","firebase-functions-hash":"5efaf1777d259b9855b4eeb91a96fbac3aed1a65"},"environment":"GEN_2","url":"https://us-central1-reservaeldia-7a440.cloudfunctions.net/mercadoPagoWebhook","createTime":"2026-02-20T09:34:13.136163600Z","satisfiesPzi":true},{"name":"projects/reservaeldia-7a440/locations/us-central1/functions/adminListDecorCatalogV1","buildConfig":{"build":"projects/860495975406/locations/us-central1/builds/bec2d25e-e9f3-42aa-8b95-38038883b25a","runtime":"nodejs20","entryPoint":"adminListDecorCatalogV1","source":{"storageSource":{"bucket":"gcf-v2-sources-860495975406-us-central1","object":"adminListDecorCatalogV1/function-source.zip","generation":"1786034293158925"}},"environmentVariables":{"GOOGLE_NODE_RUN_SCRIPTS":""},"dockerRepository":"projects/reservaeldia-7a440/locations/us-central1/repositories/gcf-artifacts","sourceProvenance":{"resolvedStorageSource":{"bucket":"gcf-v2-sources-860495975406-us-central1","object":"adminListDecorCatalogV1/function-source.zip","generation":"1786034293158925"}},"dockerRegistry":"ARTIFACT_REGISTRY","serviceAccount":"projects/reservaeldia-7a440/serviceAccounts/860495975406-compute@developer.gserviceaccount.com","automaticUpdatePolicy":{}},"serviceConfig":{"service":"projects/reservaeldia-7a440/locations/us-central1/services/adminlistdecorcatalogv1","timeoutSeconds":60,"environmentVariables":{"SUPERADMINS_UIDS":"8mvF9cwdbtYo2leAjO11cNxhaLV2","MERCADO_PAGO_PUBLIC_KEY":"APP_USR-a0795dce-baf8-48f6-98af-4defd053ad42","MERCADO_PAGO_ACCESS_TOKEN":"APP_USR-6752615657925923-021923-055cfbc93701d8acfdd153d25b9c4ac8-3215101753","MERCADO_PAGO_CLIENT_ID":"6752615657925923","MERCADO_PAGO_CLIENT_SECRET":"37OPj64uyGyNK2db7e3GBeqizFIF3fuL","MERCADO_PAGO_WEBHOOK_URL":"https://us-central1-reservaeldia-7a440.cloudfunctions.net/mercadoPagoWebhook","MP_WEBHOOK_SECRET":"27104730db6cc9a5f93bc49e4e3f9c70b22f6090845bf7e56d47f3aa2c1589c5","GOOGLE_MAPS_EMBED_API_KEY":"AIzaSyArR56EXHhdSZ1GmpPXwOELlDkoSK-FYrk","FIREBASE_CONFIG":"{\"projectId\":\"reservaeldia-7a440\",\"storageBucket\":\"reservaeldia-7a440.firebasestorage.app\"}","GCLOUD_PROJECT":"reservaeldia-7a440","EVENTARC_CLOUD_EVENT_SOURCE":"projects/reservaeldia-7a440/locations/us-central1/services/adminListDecorCatalogV1","FUNCTION_TARGET":"adminListDecorCatalogV1","LOG_EXECUTION_ID":"true","FUNCTION_SIGNATURE_TYPE":"http"},"maxInstanceCount":100,"ingressSettings":"ALLOW_ALL","uri":"https://adminlistdecorcatalogv1-vntxuytzsa-uc.a.run.app","serviceAccountEmail":"860495975406-compute@developer.gserviceaccount.com","availableMemory":"256Mi","allTrafficOnLatestRevision":true,"revision":"adminlistdecorcatalogv1-00182-tic","maxInstanceRequestConcurrency":1,"availableCpu":"0.1666"},"state":"ACTIVE","updateTime":"2026-08-06T16:38:24.175316759Z","labels":{"deployment-callable":"true","firebase-functions-hash":"5efaf1777d259b9855b4eeb91a96fbac3aed1a65","deployment-tool":"cli-firebase"},"environment":"GEN_2","url":"https://us-central1-reservaeldia-7a440.cloudfunctions.net/adminListDecorCatalogV1","createTime":"2026-03-02T00:09:22.483361488Z","satisfiesPzi":true},{"name":"projects/reservaeldia-7a440/locations/us-central1/functions/listAdminUsers","buildConfig":{"build":"projects/860495975406/locations/us-central1/builds/1d897e22-49c0-4118-9110-b1fdfddc94cc","runtime":"nodejs20","entryPoint":"listAdminUsers","source":{"storageSource":{"bucket":"gcf-v2-sources-860495975406-us-central1","object":"listAdminUsers/function-source.zip","generation":"1786035079033773"}},"environmentVariables":{"GOOGLE_NODE_RUN_SCRIPTS":""},"dockerRepository":"projects/reservaeldia-7a440/locations/us-central1/repositories/gcf-artifacts","sourceProvenance":{"resolvedStorageSource":{"bucket":"gcf-v2-sources-860495975406-us-central1","object":"listAdminUsers/function-source.zip","generation":"1786035079033773"}},"dockerRegistry":"ARTIFACT_REGISTRY","serviceAccount":"projects/reservaeldia-7a440/serviceAccounts/860495975406-compute@developer.gserviceaccount.com","automaticUpdatePolicy":{}},"serviceConfig":{"service":"projects/reservaeldia-7a440/locations/us-central1/services/listadminusers","timeoutSeconds":60,"environmentVariables":{"SUPERADMINS_UIDS":"8mvF9cwdbtYo2leAjO11cNxhaLV2","MERCADO_PAGO_PUBLIC_KEY":"APP_USR-a0795dce-baf8-48f6-98af-4defd053ad42","MERCADO_PAGO_ACCESS_TOKEN":"APP_USR-6752615657925923-021923-055cfbc93701d8acfdd153d25b9c4ac8-3215101753","MERCADO_PAGO_CLIENT_ID":"6752615657925923","MERCADO_PAGO_CLIENT_SECRET":"37OPj64uyGyNK2db7e3GBeqizFIF3fuL","MERCADO_PAGO_WEBHOOK_URL":"https://us-central1-reservaeldia-7a440.cloudfunctions.net/mercadoPagoWebhook","MP_WEBHOOK_SECRET":"27104730db6cc9a5f93bc49e4e3f9c70b22f6090845bf7e56d47f3aa2c1589c5","GOOGLE_MAPS_EMBED_API_KEY":"AIzaSyArR56EXHhdSZ1GmpPXwOELlDkoSK-FYrk","FIREBASE_CONFIG":"{\"projectId\":\"reservaeldia-7a440\",\"storageBucket\":\"reservaeldia-7a440.firebasestorage.app\"}","GCLOUD_PROJECT":"reservaeldia-7a440","EVENTARC_CLOUD_EVENT_SOURCE":"projects/reservaeldia-7a440/locations/us-central1/services/listAdminUsers","FUNCTION_TARGET":"listAdminUsers","LOG_EXECUTION_ID":"true","FUNCTION_SIGNATURE_TYPE":"http"},"maxInstanceCount":100,"ingressSettings":"ALLOW_ALL","uri":"https://listadminusers-vntxuytzsa-uc.a.run.app","serviceAccountEmail":"860495975406-compute@developer.gserviceaccount.com","availableMemory":"256Mi","allTrafficOnLatestRevision":true,"revision":"listadminusers-00252-huq","maxInstanceRequestConcurrency":1,"availableCpu":"0.1666"},"state":"ACTIVE","updateTime":"2026-08-06T16:51:47.788259993Z","labels":{"deployment-tool":"cli-firebase","deployment-callable":"true","firebase-functions-hash":"5efaf1777d259b9855b4eeb91a96fbac3aed1a65"},"environment":"GEN_2","url":"https://us-central1-reservaeldia-7a440.cloudfunctions.net/listAdminUsers","createTime":"2026-02-17T19:25:32.649217328Z","satisfiesPzi":true},{"name":"projects/reservaeldia-7a440/locations/us-central1/functions/adminPatchDecorMetadataV1","buildConfig":{"build":"projects/860495975406/locations/us-central1/builds/bec2d25e-e9f3-42aa-8b95-38038883b25a","runtime":"nodejs20","entryPoint":"adminPatchDecorMetadataV1","source":{"storageSource":{"bucket":"gcf-v2-sources-860495975406-us-central1","object":"adminPatchDecorMetadataV1/function-source.zip","generation":"1786034293171189"}},"environmentVariables":{"GOOGLE_NODE_RUN_SCRIPTS":""},"dockerRepository":"projects/reservaeldia-7a440/locations/us-central1/repositories/gcf-artifacts","sourceProvenance":{"resolvedStorageSource":{"bucket":"gcf-v2-sources-860495975406-us-central1","object":"adminPatchDecorMetadataV1/function-source.zip","generation":"1786034293171189"}},"dockerRegistry":"ARTIFACT_REGISTRY","serviceAccount":"projects/reservaeldia-7a440/serviceAccounts/860495975406-compute@developer.gserviceaccount.com","automaticUpdatePolicy":{}},"serviceConfig":{"service":"projects/reservaeldia-7a440/locations/us-central1/services/adminpatchdecormetadatav1","timeoutSeconds":60,"environmentVariables":{"SUPERADMINS_UIDS":"8mvF9cwdbtYo2leAjO11cNxhaLV2","MERCADO_PAGO_PUBLIC_KEY":"APP_USR-a0795dce-baf8-48f6-98af-4defd053ad42","MERCADO_PAGO_ACCESS_TOKEN":"APP_USR-6752615657925923-021923-055cfbc93701d8acfdd153d25b9c4ac8-3215101753","MERCADO_PAGO_CLIENT_ID":"6752615657925923","MERCADO_PAGO_CLIENT_SECRET":"37OPj64uyGyNK2db7e3GBeqizFIF3fuL","MERCADO_PAGO_WEBHOOK_URL":"https://us-central1-reservaeldia-7a440.cloudfunctions.net/mercadoPagoWebhook","MP_WEBHOOK_SECRET":"27104730db6cc9a5f93bc49e4e3f9c70b22f6090845bf7e56d47f3aa2c1589c5","GOOGLE_MAPS_EMBED_API_KEY":"AIzaSyArR56EXHhdSZ1GmpPXwOELlDkoSK-FYrk","FIREBASE_CONFIG":"{\"projectId\":\"reservaeldia-7a440\",\"storageBucket\":\"reservaeldia-7a440.firebasestorage.app\"}","GCLOUD_PROJECT":"reservaeldia-7a440","EVENTARC_CLOUD_EVENT_SOURCE":"projects/reservaeldia-7a440/locations/us-central1/services/adminPatchDecorMetadataV1","FUNCTION_TARGET":"adminPatchDecorMetadataV1","LOG_EXECUTION_ID":"true","FUNCTION_SIGNATURE_TYPE":"http"},"maxInstanceCount":100,"ingressSettings":"ALLOW_ALL","uri":"https://adminpatchdecormetadatav1-vntxuytzsa-uc.a.run.app","serviceAccountEmail":"860495975406-compute@developer.gserviceaccount.com","availableMemory":"256Mi","allTrafficOnLatestRevision":true,"revision":"adminpatchdecormetadatav1-00182-wim","maxInstanceRequestConcurrency":1,"availableCpu":"0.1666"},"state":"ACTIVE","updateTime":"2026-08-06T16:38:23.663380661Z","labels":{"firebase-functions-hash":"5efaf1777d259b9855b4eeb91a96fbac3aed1a65","deployment-tool":"cli-firebase","deployment-callable":"true"},"environment":"GEN_2","url":"https://us-central1-reservaeldia-7a440.cloudfunctions.net/adminPatchDecorMetadataV1","createTime":"2026-03-02T00:10:40.894463057Z","satisfiesPzi":true},{"name":"projects/reservaeldia-7a440/locations/us-central1/functions/checkPublicSlugAvailability","buildConfig":{"build":"projects/860495975406/locations/us-central1/builds/d3278909-cdf0-44a0-958a-cbc83e468525","runtime":"nodejs20","entryPoint":"checkPublicSlugAvailability","source":{"storageSource":{"bucket":"gcf-v2-sources-860495975406-us-central1","object":"checkPublicSlugAvailability/function-source.zip","generation":"1786034677948576"}},"environmentVariables":{"GOOGLE_NODE_RUN_SCRIPTS":""},"dockerRepository":"projects/reservaeldia-7a440/locations/us-central1/repositories/gcf-artifacts","sourceProvenance":{"resolvedStorageSource":{"bucket":"gcf-v2-sources-860495975406-us-central1","object":"checkPublicSlugAvailability/function-source.zip","generation":"1786034677948576"}},"dockerRegistry":"ARTIFACT_REGISTRY","serviceAccount":"projects/reservaeldia-7a440/serviceAccounts/860495975406-compute@developer.gserviceaccount.com","automaticUpdatePolicy":{}},"serviceConfig":{"service":"projects/reservaeldia-7a440/locations/us-central1/services/checkpublicslugavailability","timeoutSeconds":60,"environmentVariables":{"SUPERADMINS_UIDS":"8mvF9cwdbtYo2leAjO11cNxhaLV2","MERCADO_PAGO_PUBLIC_KEY":"APP_USR-a0795dce-baf8-48f6-98af-4defd053ad42","MERCADO_PAGO_ACCESS_TOKEN":"APP_USR-6752615657925923-021923-055cfbc93701d8acfdd153d25b9c4ac8-3215101753","MERCADO_PAGO_CLIENT_ID":"6752615657925923","MERCADO_PAGO_CLIENT_SECRET":"37OPj64uyGyNK2db7e3GBeqizFIF3fuL","MERCADO_PAGO_WEBHOOK_URL":"https://us-central1-reservaeldia-7a440.cloudfunctions.net/mercadoPagoWebhook","MP_WEBHOOK_SECRET":"27104730db6cc9a5f93bc49e4e3f9c70b22f6090845bf7e56d47f3aa2c1589c5","GOOGLE_MAPS_EMBED_API_KEY":"AIzaSyArR56EXHhdSZ1GmpPXwOELlDkoSK-FYrk","FIREBASE_CONFIG":"{\"projectId\":\"reservaeldia-7a440\",\"storageBucket\":\"reservaeldia-7a440.firebasestorage.app\"}","GCLOUD_PROJECT":"reservaeldia-7a440","EVENTARC_CLOUD_EVENT_SOURCE":"projects/reservaeldia-7a440/locations/us-central1/services/checkPublicSlugAvailability","FUNCTION_TARGET":"checkPublicSlugAvailability","LOG_EXECUTION_ID":"true"},"maxInstanceCount":100,"ingressSettings":"ALLOW_ALL","uri":"https://checkpublicslugavailability-vntxuytzsa-uc.a.run.app","serviceAccountEmail":"860495975406-compute@developer.gserviceaccount.com","availableMemory":"256Mi","allTrafficOnLatestRevision":true,"revision":"checkpublicslugavailability-00232-giq","maxInstanceRequestConcurrency":1,"availableCpu":"0.1666"},"state":"ACTIVE","updateTime":"2026-08-06T16:46:09.880025474Z","labels":{"deployment-callable":"true","firebase-functions-hash":"5efaf1777d259b9855b4eeb91a96fbac3aed1a65","deployment-tool":"cli-firebase"},"environment":"GEN_2","url":"https://us-central1-reservaeldia-7a440.cloudfunctions.net/checkPublicSlugAvailability","createTime":"2026-02-20T09:34:13.101050638Z","satisfiesPzi":true},{"name":"projects/reservaeldia-7a440/locations/us-central1/functions/validateDraftForPublication","buildConfig":{"build":"projects/860495975406/locations/us-central1/builds/c3503ba9-b25a-49e9-a523-0dd176fa3346","runtime":"nodejs20","entryPoint":"validateDraftForPublication","source":{"storageSource":{"bucket":"gcf-v2-sources-860495975406-us-central1","object":"validateDraftForPublication/function-source.zip","generation":"1785243095024338"}},"environmentVariables":{"GOOGLE_NODE_RUN_SCRIPTS":""},"dockerRepository":"projects/reservaeldia-7a440/locations/us-central1/repositories/gcf-artifacts","sourceProvenance":{"resolvedStorageSource":{"bucket":"gcf-v2-sources-860495975406-us-central1","object":"validateDraftForPublication/function-source.zip","generation":"1785243095024338"}},"dockerRegistry":"ARTIFACT_REGISTRY","serviceAccount":"projects/reservaeldia-7a440/serviceAccounts/860495975406-compute@developer.gserviceaccount.com","automaticUpdatePolicy":{}},"serviceConfig":{"service":"projects/reservaeldia-7a440/locations/us-central1/services/validatedraftforpublication","timeoutSeconds":60,"environmentVariables":{"SUPERADMINS_UIDS":"8mvF9cwdbtYo2leAjO11cNxhaLV2","MERCADO_PAGO_PUBLIC_KEY":"APP_USR-a0795dce-baf8-48f6-98af-4defd053ad42","MERCADO_PAGO_ACCESS_TOKEN":"APP_USR-6752615657925923-021923-055cfbc93701d8acfdd153d25b9c4ac8-3215101753","MERCADO_PAGO_CLIENT_ID":"6752615657925923","MERCADO_PAGO_CLIENT_SECRET":"37OPj64uyGyNK2db7e3GBeqizFIF3fuL","MERCADO_PAGO_WEBHOOK_URL":"https://us-central1-reservaeldia-7a440.cloudfunctions.net/mercadoPagoWebhook","MP_WEBHOOK_SECRET":"27104730db6cc9a5f93bc49e4e3f9c70b22f6090845bf7e56d47f3aa2c1589c5","GOOGLE_MAPS_EMBED_API_KEY":"AIzaSyArR56EXHhdSZ1GmpPXwOELlDkoSK-FYrk","FIREBASE_CONFIG":"{\"projectId\":\"reservaeldia-7a440\",\"storageBucket\":\"reservaeldia-7a440.firebasestorage.app\"}","GCLOUD_PROJECT":"reservaeldia-7a440","EVENTARC_CLOUD_EVENT_SOURCE":"projects/reservaeldia-7a440/locations/us-central1/services/validateDraftForPublication","FUNCTION_TARGET":"validateDraftForPublication","LOG_EXECUTION_ID":"true"},"maxInstanceCount":100,"ingressSettings":"ALLOW_ALL","uri":"https://validatedraftforpublication-vntxuytzsa-uc.a.run.app","serviceAccountEmail":"860495975406-compute@developer.gserviceaccount.com","availableMemory":"256Mi","allTrafficOnLatestRevision":true,"revision":"validatedraftforpublication-00099-pep","maxInstanceRequestConcurrency":1,"availableCpu":"0.1666"},"state":"ACTIVE","updateTime":"2026-07-28T12:53:18.498136772Z","labels":{"deployment-tool":"cli-firebase","deployment-callable":"true","firebase-functions-hash":"d122378e98f45effe92711c767be8035f097d07d"},"environment":"GEN_2","url":"https://us-central1-reservaeldia-7a440.cloudfunctions.net/validateDraftForPublication","createTime":"2026-03-24T11:11:10.094478481Z","satisfiesPzi":true},{"name":"projects/reservaeldia-7a440/locations/us-central1/functions/listCountdownPresetsAdmin","buildConfig":{"build":"projects/860495975406/locations/us-central1/builds/cca5cf55-789d-4371-bd8c-c387d4e9200b","runtime":"nodejs20","entryPoint":"listCountdownPresetsAdmin","source":{"storageSource":{"bucket":"gcf-v2-sources-860495975406-us-central1","object":"listCountdownPresetsAdmin/function-source.zip","generation":"1786035316665210"}},"environmentVariables":{"GOOGLE_NODE_RUN_SCRIPTS":""},"dockerRepository":"projects/reservaeldia-7a440/locations/us-central1/repositories/gcf-artifacts","sourceProvenance":{"resolvedStorageSource":{"bucket":"gcf-v2-sources-860495975406-us-central1","object":"listCountdownPresetsAdmin/function-source.zip","generation":"1786035316665210"}},"dockerRegistry":"ARTIFACT_REGISTRY","serviceAccount":"projects/reservaeldia-7a440/serviceAccounts/860495975406-compute@developer.gserviceaccount.com","automaticUpdatePolicy":{}},"serviceConfig":{"service":"projects/reservaeldia-7a440/locations/us-central1/services/listcountdownpresetsadmin","timeoutSeconds":60,"environmentVariables":{"SUPERADMINS_UIDS":"8mvF9cwdbtYo2leAjO11cNxhaLV2","MERCADO_PAGO_PUBLIC_KEY":"APP_USR-a0795dce-baf8-48f6-98af-4defd053ad42","MERCADO_PAGO_ACCESS_TOKEN":"APP_USR-6752615657925923-021923-055cfbc93701d8acfdd153d25b9c4ac8-3215101753","MERCADO_PAGO_CLIENT_ID":"6752615657925923","MERCADO_PAGO_CLIENT_SECRET":"37OPj64uyGyNK2db7e3GBeqizFIF3fuL","MERCADO_PAGO_WEBHOOK_URL":"https://us-central1-reservaeldia-7a440.cloudfunctions.net/mercadoPagoWebhook","MP_WEBHOOK_SECRET":"27104730db6cc9a5f93bc49e4e3f9c70b22f6090845bf7e56d47f3aa2c1589c5","GOOGLE_MAPS_EMBED_API_KEY":"AIzaSyArR56EXHhdSZ1GmpPXwOELlDkoSK-FYrk","FIREBASE_CONFIG":"{\"projectId\":\"reservaeldia-7a440\",\"storageBucket\":\"reservaeldia-7a440.firebasestorage.app\"}","GCLOUD_PROJECT":"reservaeldia-7a440","EVENTARC_CLOUD_EVENT_SOURCE":"projects/reservaeldia-7a440/locations/us-central1/services/listCountdownPresetsAdmin","FUNCTION_TARGET":"listCountdownPresetsAdmin","LOG_EXECUTION_ID":"true","FUNCTION_SIGNATURE_TYPE":"http"},"maxInstanceCount":100,"ingressSettings":"ALLOW_ALL","uri":"https://listcountdownpresetsadmin-vntxuytzsa-uc.a.run.app","serviceAccountEmail":"860495975406-compute@developer.gserviceaccount.com","availableMemory":"256Mi","allTrafficOnLatestRevision":true,"revision":"listcountdownpresetsadmin-00182-kih","maxInstanceRequestConcurrency":1,"availableCpu":"0.1666"},"state":"ACTIVE","updateTime":"2026-08-06T16:55:28.116576503Z","labels":{"deployment-callable":"true","firebase-functions-hash":"5efaf1777d259b9855b4eeb91a96fbac3aed1a65","deployment-tool":"cli-firebase"},"environment":"GEN_2","url":"https://us-central1-reservaeldia-7a440.cloudfunctions.net/listCountdownPresetsAdmin","createTime":"2026-02-27T02:19:52.423473463Z","satisfiesPzi":true},{"name":"projects/reservaeldia-7a440/locations/us-central1/functions/getBusinessAnalyticsOverviewV1","buildConfig":{"build":"projects/860495975406/locations/us-central1/builds/7654573e-d2ef-47e6-84cc-9dd14a77245a","runtime":"nodejs20","entryPoint":"getBusinessAnalyticsOverviewV1","source":{"storageSource":{"bucket":"gcf-v2-sources-860495975406-us-central1","object":"getBusinessAnalyticsOverviewV1/function-source.zip","generation":"1786034837921534"}},"environmentVariables":{"GOOGLE_NODE_RUN_SCRIPTS":""},"dockerRepository":"projects/reservaeldia-7a440/locations/us-central1/repositories/gcf-artifacts","sourceProvenance":{"resolvedStorageSource":{"bucket":"gcf-v2-sources-860495975406-us-central1","object":"getBusinessAnalyticsOverviewV1/function-source.zip","generation":"1786034837921534"}},"dockerRegistry":"ARTIFACT_REGISTRY","serviceAccount":"projects/reservaeldia-7a440/serviceAccounts/860495975406-compute@developer.gserviceaccount.com","automaticUpdatePolicy":{}},"serviceConfig":{"service":"projects/reservaeldia-7a440/locations/us-central1/services/getbusinessanalyticsoverviewv1","timeoutSeconds":60,"environmentVariables":{"SUPERADMINS_UIDS":"8mvF9cwdbtYo2leAjO11cNxhaLV2","MERCADO_PAGO_PUBLIC_KEY":"APP_USR-a0795dce-baf8-48f6-98af-4defd053ad42","MERCADO_PAGO_ACCESS_TOKEN":"APP_USR-6752615657925923-021923-055cfbc93701d8acfdd153d25b9c4ac8-3215101753","MERCADO_PAGO_CLIENT_ID":"6752615657925923","MERCADO_PAGO_CLIENT_SECRET":"37OPj64uyGyNK2db7e3GBeqizFIF3fuL","MERCADO_PAGO_WEBHOOK_URL":"https://us-central1-reservaeldia-7a440.cloudfunctions.net/mercadoPagoWebhook","MP_WEBHOOK_SECRET":"27104730db6cc9a5f93bc49e4e3f9c70b22f6090845bf7e56d47f3aa2c1589c5","GOOGLE_MAPS_EMBED_API_KEY":"AIzaSyArR56EXHhdSZ1GmpPXwOELlDkoSK-FYrk","FIREBASE_CONFIG":"{\"projectId\":\"reservaeldia-7a440\",\"storageBucket\":\"reservaeldia-7a440.firebasestorage.app\"}","GCLOUD_PROJECT":"reservaeldia-7a440","EVENTARC_CLOUD_EVENT_SOURCE":"projects/reservaeldia-7a440/locations/us-central1/services/getBusinessAnalyticsOverviewV1","FUNCTION_TARGET":"getBusinessAnalyticsOverviewV1","LOG_EXECUTION_ID":"true"},"maxInstanceCount":60,"ingressSettings":"ALLOW_ALL","uri":"https://getbusinessanalyticsoverviewv1-vntxuytzsa-uc.a.run.app","serviceAccountEmail":"860495975406-compute@developer.gserviceaccount.com","availableMemory":"512Mi","allTrafficOnLatestRevision":true,"revision":"getbusinessanalyticsoverviewv1-00141-miz","maxInstanceRequestConcurrency":1,"availableCpu":"0.3333"},"state":"ACTIVE","updateTime":"2026-08-06T16:49:07.792992658Z","labels":{"deployment-callable":"true","firebase-functions-hash":"5efaf1777d259b9855b4eeb91a96fbac3aed1a65","deployment-tool":"cli-firebase"},"environment":"GEN_2","url":"https://us-central1-reservaeldia-7a440.cloudfunctions.net/getBusinessAnalyticsOverviewV1","createTime":"2026-03-13T04:33:09.423978319Z","satisfiesPzi":true},{"name":"projects/reservaeldia-7a440/locations/us-central1/functions/adminSetDecorActivationV1","buildConfig":{"build":"projects/860495975406/locations/us-central1/builds/57e95542-d7dd-437d-98c6-b8d327037379","runtime":"nodejs20","entryPoint":"adminSetDecorActivationV1","source":{"storageSource":{"bucket":"gcf-v2-sources-860495975406-us-central1","object":"adminSetDecorActivationV1/function-source.zip","generation":"1786034437812241"}},"environmentVariables":{"GOOGLE_NODE_RUN_SCRIPTS":""},"dockerRepository":"projects/reservaeldia-7a440/locations/us-central1/repositories/gcf-artifacts","sourceProvenance":{"resolvedStorageSource":{"bucket":"gcf-v2-sources-860495975406-us-central1","object":"adminSetDecorActivationV1/function-source.zip","generation":"1786034437812241"}},"dockerRegistry":"ARTIFACT_REGISTRY","serviceAccount":"projects/reservaeldia-7a440/serviceAccounts/860495975406-compute@developer.gserviceaccount.com","automaticUpdatePolicy":{}},"serviceConfig":{"service":"projects/reservaeldia-7a440/locations/us-central1/services/adminsetdecoractivationv1","timeoutSeconds":60,"environmentVariables":{"SUPERADMINS_UIDS":"8mvF9cwdbtYo2leAjO11cNxhaLV2","MERCADO_PAGO_PUBLIC_KEY":"APP_USR-a0795dce-baf8-48f6-98af-4defd053ad42","MERCADO_PAGO_ACCESS_TOKEN":"APP_USR-6752615657925923-021923-055cfbc93701d8acfdd153d25b9c4ac8-3215101753","MERCADO_PAGO_CLIENT_ID":"6752615657925923","MERCADO_PAGO_CLIENT_SECRET":"37OPj64uyGyNK2db7e3GBeqizFIF3fuL","MERCADO_PAGO_WEBHOOK_URL":"https://us-central1-reservaeldia-7a440.cloudfunctions.net/mercadoPagoWebhook","MP_WEBHOOK_SECRET":"27104730db6cc9a5f93bc49e4e3f9c70b22f6090845bf7e56d47f3aa2c1589c5","GOOGLE_MAPS_EMBED_API_KEY":"AIzaSyArR56EXHhdSZ1GmpPXwOELlDkoSK-FYrk","FIREBASE_CONFIG":"{\"projectId\":\"reservaeldia-7a440\",\"storageBucket\":\"reservaeldia-7a440.firebasestorage.app\"}","GCLOUD_PROJECT":"reservaeldia-7a440","EVENTARC_CLOUD_EVENT_SOURCE":"projects/reservaeldia-7a440/locations/us-central1/services/adminSetDecorActivationV1","FUNCTION_TARGET":"adminSetDecorActivationV1","LOG_EXECUTION_ID":"true","FUNCTION_SIGNATURE_TYPE":"http"},"maxInstanceCount":100,"ingressSettings":"ALLOW_ALL","uri":"https://adminsetdecoractivationv1-vntxuytzsa-uc.a.run.app","serviceAccountEmail":"860495975406-compute@developer.gserviceaccount.com","availableMemory":"256Mi","allTrafficOnLatestRevision":true,"revision":"adminsetdecoractivationv1-00181-yax","maxInstanceRequestConcurrency":1,"availableCpu":"0.1666"},"state":"ACTIVE","updateTime":"2026-08-06T16:40:50.887328294Z","labels":{"deployment-tool":"cli-firebase","deployment-callable":"true","firebase-functions-hash":"5efaf1777d259b9855b4eeb91a96fbac3aed1a65"},"environment":"GEN_2","url":"https://us-central1-reservaeldia-7a440.cloudfunctions.net/adminSetDecorActivationV1","createTime":"2026-03-02T00:10:40.997289510Z","satisfiesPzi":true},{"name":"projects/reservaeldia-7a440/locations/us-central1/functions/adminUpsertTemplateEditorialV1","buildConfig":{"build":"projects/860495975406/locations/us-central1/builds/286972ba-d751-4f29-8f90-2c27e53fc4e6","runtime":"nodejs20","entryPoint":"adminUpsertTemplateEditorialV1","source":{"storageSource":{"bucket":"gcf-v2-sources-860495975406-us-central1","object":"adminUpsertTemplateEditorialV1/function-source.zip","generation":"1786034593093543"}},"environmentVariables":{"GOOGLE_NODE_RUN_SCRIPTS":""},"dockerRepository":"projects/reservaeldia-7a440/locations/us-central1/repositories/gcf-artifacts","sourceProvenance":{"resolvedStorageSource":{"bucket":"gcf-v2-sources-860495975406-us-central1","object":"adminUpsertTemplateEditorialV1/function-source.zip","generation":"1786034593093543"}},"dockerRegistry":"ARTIFACT_REGISTRY","serviceAccount":"projects/reservaeldia-7a440/serviceAccounts/860495975406-compute@developer.gserviceaccount.com","automaticUpdatePolicy":{}},"serviceConfig":{"service":"projects/reservaeldia-7a440/locations/us-central1/services/adminupserttemplateeditorialv1","timeoutSeconds":60,"environmentVariables":{"SUPERADMINS_UIDS":"8mvF9cwdbtYo2leAjO11cNxhaLV2","MERCADO_PAGO_PUBLIC_KEY":"APP_USR-a0795dce-baf8-48f6-98af-4defd053ad42","MERCADO_PAGO_ACCESS_TOKEN":"APP_USR-6752615657925923-021923-055cfbc93701d8acfdd153d25b9c4ac8-3215101753","MERCADO_PAGO_CLIENT_ID":"6752615657925923","MERCADO_PAGO_CLIENT_SECRET":"37OPj64uyGyNK2db7e3GBeqizFIF3fuL","MERCADO_PAGO_WEBHOOK_URL":"https://us-central1-reservaeldia-7a440.cloudfunctions.net/mercadoPagoWebhook","MP_WEBHOOK_SECRET":"27104730db6cc9a5f93bc49e4e3f9c70b22f6090845bf7e56d47f3aa2c1589c5","GOOGLE_MAPS_EMBED_API_KEY":"AIzaSyArR56EXHhdSZ1GmpPXwOELlDkoSK-FYrk","FIREBASE_CONFIG":"{\"projectId\":\"reservaeldia-7a440\",\"storageBucket\":\"reservaeldia-7a440.firebasestorage.app\"}","GCLOUD_PROJECT":"reservaeldia-7a440","EVENTARC_CLOUD_EVENT_SOURCE":"projects/reservaeldia-7a440/locations/us-central1/services/adminUpsertTemplateEditorialV1","FUNCTION_TARGET":"adminUpsertTemplateEditorialV1","LOG_EXECUTION_ID":"true","FUNCTION_SIGNATURE_TYPE":"http"},"maxInstanceCount":100,"ingressSettings":"ALLOW_ALL","uri":"https://adminupserttemplateeditorialv1-vntxuytzsa-uc.a.run.app","serviceAccountEmail":"860495975406-compute@developer.gserviceaccount.com","availableMemory":"256Mi","allTrafficOnLatestRevision":true,"revision":"adminupserttemplateeditorialv1-00161-wig","maxInstanceRequestConcurrency":1,"availableCpu":"0.1666"},"state":"ACTIVE","updateTime":"2026-08-06T16:43:35.545870171Z","labels":{"firebase-functions-hash":"5efaf1777d259b9855b4eeb91a96fbac3aed1a65","deployment-tool":"cli-firebase","deployment-callable":"true"},"environment":"GEN_2","url":"https://us-central1-reservaeldia-7a440.cloudfunctions.net/adminUpsertTemplateEditorialV1","createTime":"2026-03-12T21:47:40.842210871Z","satisfiesPzi":true},{"name":"projects/reservaeldia-7a440/locations/us-central1/functions/onDecorCatalogDocWriteV1","buildConfig":{"build":"projects/860495975406/locations/us-central1/builds/60c261c2-c5d1-4ee9-8c1e-0439e139ea86","runtime":"nodejs20","entryPoint":"onDecorCatalogDocWriteV1","source":{"storageSource":{"bucket":"gcf-v2-sources-860495975406-us-central1","object":"onDecorCatalogDocWriteV1/function-source.zip","generation":"1785242813264806"}},"environmentVariables":{"GOOGLE_NODE_RUN_SCRIPTS":""},"dockerRepository":"projects/reservaeldia-7a440/locations/us-central1/repositories/gcf-artifacts","sourceProvenance":{"resolvedStorageSource":{"bucket":"gcf-v2-sources-860495975406-us-central1","object":"onDecorCatalogDocWriteV1/function-source.zip","generation":"1785242813264806"}},"dockerRegistry":"ARTIFACT_REGISTRY","serviceAccount":"projects/reservaeldia-7a440/serviceAccounts/860495975406-compute@developer.gserviceaccount.com","automaticUpdatePolicy":{}},"serviceConfig":{"service":"projects/reservaeldia-7a440/locations/us-central1/services/ondecorcatalogdocwritev1","timeoutSeconds":60,"environmentVariables":{"SUPERADMINS_UIDS":"8mvF9cwdbtYo2leAjO11cNxhaLV2","MERCADO_PAGO_PUBLIC_KEY":"APP_USR-a0795dce-baf8-48f6-98af-4defd053ad42","MERCADO_PAGO_ACCESS_TOKEN":"APP_USR-6752615657925923-021923-055cfbc93701d8acfdd153d25b9c4ac8-3215101753","MERCADO_PAGO_CLIENT_ID":"6752615657925923","MERCADO_PAGO_CLIENT_SECRET":"37OPj64uyGyNK2db7e3GBeqizFIF3fuL","MERCADO_PAGO_WEBHOOK_URL":"https://us-central1-reservaeldia-7a440.cloudfunctions.net/mercadoPagoWebhook","MP_WEBHOOK_SECRET":"27104730db6cc9a5f93bc49e4e3f9c70b22f6090845bf7e56d47f3aa2c1589c5","GOOGLE_MAPS_EMBED_API_KEY":"AIzaSyArR56EXHhdSZ1GmpPXwOELlDkoSK-FYrk","FIREBASE_CONFIG":"{\"projectId\":\"reservaeldia-7a440\",\"storageBucket\":\"reservaeldia-7a440.firebasestorage.app\"}","GCLOUD_PROJECT":"reservaeldia-7a440","EVENTARC_CLOUD_EVENT_SOURCE":"projects/reservaeldia-7a440/locations/us-central1/services/onDecorCatalogDocWriteV1","FUNCTION_SIGNATURE_TYPE":"cloudevent","FUNCTION_TARGET":"onDecorCatalogDocWriteV1","LOG_EXECUTION_ID":"true"},"maxInstanceCount":100,"ingressSettings":"ALLOW_ALL","uri":"https://ondecorcatalogdocwritev1-vntxuytzsa-uc.a.run.app","serviceAccountEmail":"860495975406-compute@developer.gserviceaccount.com","availableMemory":"256Mi","allTrafficOnLatestRevision":true,"revision":"ondecorcatalogdocwritev1-00169-soc","maxInstanceRequestConcurrency":1,"availableCpu":"0.1666"},"eventTrigger":{"trigger":"projects/reservaeldia-7a440/locations/southamerica-east1/triggers/ondecorcatalogdocwritev1-350570","triggerRegion":"southamerica-east1","eventType":"google.cloud.firestore.document.v1.written","eventFilters":[{"attribute":"document","value":"decoraciones/{decorId}","operator":"match-path-pattern"},{"attribute":"database","value":"(default)"},{"attribute":"namespace","value":"(default)"}],"pubsubTopic":"projects/reservaeldia-7a440/topics/eventarc-southamerica-east1-ondecorcatalogdocwritev1-350570-762","serviceAccountEmail":"860495975406-compute@developer.gserviceaccount.com","retryPolicy":"RETRY_POLICY_DO_NOT_RETRY"},"state":"ACTIVE","updateTime":"2026-07-28T12:47:27.338214625Z","labels":{"firebase-functions-hash":"d122378e98f45effe92711c767be8035f097d07d","deployment-tool":"cli-firebase"},"environment":"GEN_2","url":"https://us-central1-reservaeldia-7a440.cloudfunctions.net/onDecorCatalogDocWriteV1","createTime":"2026-03-02T00:10:41.113782771Z","satisfiesPzi":true},{"name":"projects/reservaeldia-7a440/locations/us-central1/functions/adminListIconCatalogV2","buildConfig":{"build":"projects/860495975406/locations/us-central1/builds/bec2d25e-e9f3-42aa-8b95-38038883b25a","runtime":"nodejs20","entryPoint":"adminListIconCatalogV2","source":{"storageSource":{"bucket":"gcf-v2-sources-860495975406-us-central1","object":"adminListIconCatalogV2/function-source.zip","generation":"1786034238575907"}},"environmentVariables":{"GOOGLE_NODE_RUN_SCRIPTS":""},"dockerRepository":"projects/reservaeldia-7a440/locations/us-central1/repositories/gcf-artifacts","sourceProvenance":{"resolvedStorageSource":{"bucket":"gcf-v2-sources-860495975406-us-central1","object":"adminListIconCatalogV2/function-source.zip","generation":"1786034238575907"}},"dockerRegistry":"ARTIFACT_REGISTRY","serviceAccount":"projects/reservaeldia-7a440/serviceAccounts/860495975406-compute@developer.gserviceaccount.com","automaticUpdatePolicy":{}},"serviceConfig":{"service":"projects/reservaeldia-7a440/locations/us-central1/services/adminlisticoncatalogv2","timeoutSeconds":60,"environmentVariables":{"SUPERADMINS_UIDS":"8mvF9cwdbtYo2leAjO11cNxhaLV2","MERCADO_PAGO_PUBLIC_KEY":"APP_USR-a0795dce-baf8-48f6-98af-4defd053ad42","MERCADO_PAGO_ACCESS_TOKEN":"APP_USR-6752615657925923-021923-055cfbc93701d8acfdd153d25b9c4ac8-3215101753","MERCADO_PAGO_CLIENT_ID":"6752615657925923","MERCADO_PAGO_CLIENT_SECRET":"37OPj64uyGyNK2db7e3GBeqizFIF3fuL","MERCADO_PAGO_WEBHOOK_URL":"https://us-central1-reservaeldia-7a440.cloudfunctions.net/mercadoPagoWebhook","MP_WEBHOOK_SECRET":"27104730db6cc9a5f93bc49e4e3f9c70b22f6090845bf7e56d47f3aa2c1589c5","GOOGLE_MAPS_EMBED_API_KEY":"AIzaSyArR56EXHhdSZ1GmpPXwOELlDkoSK-FYrk","FIREBASE_CONFIG":"{\"projectId\":\"reservaeldia-7a440\",\"storageBucket\":\"reservaeldia-7a440.firebasestorage.app\"}","GCLOUD_PROJECT":"reservaeldia-7a440","EVENTARC_CLOUD_EVENT_SOURCE":"projects/reservaeldia-7a440/locations/us-central1/services/adminListIconCatalogV2","FUNCTION_TARGET":"adminListIconCatalogV2","LOG_EXECUTION_ID":"true"},"maxInstanceCount":100,"ingressSettings":"ALLOW_ALL","uri":"https://adminlisticoncatalogv2-vntxuytzsa-uc.a.run.app","serviceAccountEmail":"860495975406-compute@developer.gserviceaccount.com","availableMemory":"256Mi","allTrafficOnLatestRevision":true,"revision":"adminlisticoncatalogv2-00185-cik","maxInstanceRequestConcurrency":1,"availableCpu":"0.1666"},"state":"ACTIVE","updateTime":"2026-08-06T16:38:17.954930622Z","labels":{"deployment-callable":"true","firebase-functions-hash":"5efaf1777d259b9855b4eeb91a96fbac3aed1a65","deployment-tool":"cli-firebase"},"environment":"GEN_2","url":"https://us-central1-reservaeldia-7a440.cloudfunctions.net/adminListIconCatalogV2","createTime":"2026-03-01T13:40:20.985800161Z","satisfiesPzi":true},{"name":"projects/reservaeldia-7a440/locations/us-central1/functions/createPublicationPayment","buildConfig":{"build":"projects/860495975406/locations/us-central1/builds/13d0fd42-8dc2-4627-9b8c-b77a2f57927a","runtime":"nodejs20","entryPoint":"createPublicationPayment","source":{"storageSource":{"bucket":"gcf-v2-sources-860495975406-us-central1","object":"createPublicationPayment/function-source.zip","generation":"1786034677904785"}},"environmentVariables":{"GOOGLE_NODE_RUN_SCRIPTS":""},"dockerRepository":"projects/reservaeldia-7a440/locations/us-central1/repositories/gcf-artifacts","sourceProvenance":{"resolvedStorageSource":{"bucket":"gcf-v2-sources-860495975406-us-central1","object":"createPublicationPayment/function-source.zip","generation":"1786034677904785"}},"dockerRegistry":"ARTIFACT_REGISTRY","serviceAccount":"projects/reservaeldia-7a440/serviceAccounts/860495975406-compute@developer.gserviceaccount.com","automaticUpdatePolicy":{}},"serviceConfig":{"service":"projects/reservaeldia-7a440/locations/us-central1/services/createpublicationpayment","timeoutSeconds":60,"environmentVariables":{"SUPERADMINS_UIDS":"8mvF9cwdbtYo2leAjO11cNxhaLV2","MERCADO_PAGO_PUBLIC_KEY":"APP_USR-a0795dce-baf8-48f6-98af-4defd053ad42","MERCADO_PAGO_ACCESS_TOKEN":"APP_USR-6752615657925923-021923-055cfbc93701d8acfdd153d25b9c4ac8-3215101753","MERCADO_PAGO_CLIENT_ID":"6752615657925923","MERCADO_PAGO_CLIENT_SECRET":"37OPj64uyGyNK2db7e3GBeqizFIF3fuL","MERCADO_PAGO_WEBHOOK_URL":"https://us-central1-reservaeldia-7a440.cloudfunctions.net/mercadoPagoWebhook","MP_WEBHOOK_SECRET":"27104730db6cc9a5f93bc49e4e3f9c70b22f6090845bf7e56d47f3aa2c1589c5","GOOGLE_MAPS_EMBED_API_KEY":"AIzaSyArR56EXHhdSZ1GmpPXwOELlDkoSK-FYrk","FIREBASE_CONFIG":"{\"projectId\":\"reservaeldia-7a440\",\"storageBucket\":\"reservaeldia-7a440.firebasestorage.app\"}","GCLOUD_PROJECT":"reservaeldia-7a440","EVENTARC_CLOUD_EVENT_SOURCE":"projects/reservaeldia-7a440/locations/us-central1/services/createPublicationPayment","FUNCTION_TARGET":"createPublicationPayment","LOG_EXECUTION_ID":"true"},"maxInstanceCount":20,"ingressSettings":"ALLOW_ALL","uri":"https://createpublicationpayment-vntxuytzsa-uc.a.run.app","serviceAccountEmail":"860495975406-compute@developer.gserviceaccount.com","availableMemory":"1024Mi","allTrafficOnLatestRevision":true,"revision":"createpublicationpayment-00243-hax","maxInstanceRequestConcurrency":1,"availableCpu":"1"},"state":"ACTIVE","updateTime":"2026-08-06T16:46:14.523883091Z","labels":{"deployment-tool":"cli-firebase","deployment-callable":"true","firebase-functions-hash":"5efaf1777d259b9855b4eeb91a96fbac3aed1a65"},"environment":"GEN_2","url":"https://us-central1-reservaeldia-7a440.cloudfunctions.net/createPublicationPayment","createTime":"2026-02-20T09:34:13.142544920Z","satisfiesPzi":true},{"name":"projects/reservaeldia-7a440/locations/us-central1/functions/getUsersStats","buildConfig":{"build":"projects/860495975406/locations/us-central1/builds/1d897e22-49c0-4118-9110-b1fdfddc94cc","runtime":"nodejs20","entryPoint":"getUsersStats","source":{"storageSource":{"bucket":"gcf-v2-sources-860495975406-us-central1","object":"getUsersStats/function-source.zip","generation":"1786035079160241"}},"environmentVariables":{"GOOGLE_NODE_RUN_SCRIPTS":""},"dockerRepository":"projects/reservaeldia-7a440/locations/us-central1/repositories/gcf-artifacts","sourceProvenance":{"resolvedStorageSource":{"bucket":"gcf-v2-sources-860495975406-us-central1","object":"getUsersStats/function-source.zip","generation":"1786035079160241"}},"dockerRegistry":"ARTIFACT_REGISTRY","serviceAccount":"projects/reservaeldia-7a440/serviceAccounts/860495975406-compute@developer.gserviceaccount.com","automaticUpdatePolicy":{}},"serviceConfig":{"service":"projects/reservaeldia-7a440/locations/us-central1/services/getusersstats","timeoutSeconds":60,"environmentVariables":{"SUPERADMINS_UIDS":"8mvF9cwdbtYo2leAjO11cNxhaLV2","MERCADO_PAGO_PUBLIC_KEY":"APP_USR-a0795dce-baf8-48f6-98af-4defd053ad42","MERCADO_PAGO_ACCESS_TOKEN":"APP_USR-6752615657925923-021923-055cfbc93701d8acfdd153d25b9c4ac8-3215101753","MERCADO_PAGO_CLIENT_ID":"6752615657925923","MERCADO_PAGO_CLIENT_SECRET":"37OPj64uyGyNK2db7e3GBeqizFIF3fuL","MERCADO_PAGO_WEBHOOK_URL":"https://us-central1-reservaeldia-7a440.cloudfunctions.net/mercadoPagoWebhook","MP_WEBHOOK_SECRET":"27104730db6cc9a5f93bc49e4e3f9c70b22f6090845bf7e56d47f3aa2c1589c5","GOOGLE_MAPS_EMBED_API_KEY":"AIzaSyArR56EXHhdSZ1GmpPXwOELlDkoSK-FYrk","FIREBASE_CONFIG":"{\"projectId\":\"reservaeldia-7a440\",\"storageBucket\":\"reservaeldia-7a440.firebasestorage.app\"}","GCLOUD_PROJECT":"reservaeldia-7a440","EVENTARC_CLOUD_EVENT_SOURCE":"projects/reservaeldia-7a440/locations/us-central1/services/getUsersStats","FUNCTION_TARGET":"getUsersStats","LOG_EXECUTION_ID":"true","FUNCTION_SIGNATURE_TYPE":"http"},"maxInstanceCount":100,"ingressSettings":"ALLOW_ALL","uri":"https://getusersstats-vntxuytzsa-uc.a.run.app","serviceAccountEmail":"860495975406-compute@developer.gserviceaccount.com","availableMemory":"256Mi","allTrafficOnLatestRevision":true,"revision":"getusersstats-00247-sul","maxInstanceRequestConcurrency":1,"availableCpu":"0.1666"},"state":"ACTIVE","updateTime":"2026-08-06T16:51:48.255328976Z","labels":{"firebase-functions-hash":"5efaf1777d259b9855b4eeb91a96fbac3aed1a65","deployment-tool":"cli-firebase","deployment-callable":"true"},"environment":"GEN_2","url":"https://us-central1-reservaeldia-7a440.cloudfunctions.net/getUsersStats","createTime":"2026-02-17T20:24:07.363378600Z","satisfiesPzi":true},{"name":"projects/reservaeldia-7a440/locations/us-central1/functions/adminSetIconActivationV2","buildConfig":{"build":"projects/860495975406/locations/us-central1/builds/57e95542-d7dd-437d-98c6-b8d327037379","runtime":"nodejs20","entryPoint":"adminSetIconActivationV2","source":{"storageSource":{"bucket":"gcf-v2-sources-860495975406-us-central1","object":"adminSetIconActivationV2/function-source.zip","generation":"1786034438365872"}},"environmentVariables":{"GOOGLE_NODE_RUN_SCRIPTS":""},"dockerRepository":"projects/reservaeldia-7a440/locations/us-central1/repositories/gcf-artifacts","sourceProvenance":{"resolvedStorageSource":{"bucket":"gcf-v2-sources-860495975406-us-central1","object":"adminSetIconActivationV2/function-source.zip","generation":"1786034438365872"}},"dockerRegistry":"ARTIFACT_REGISTRY","serviceAccount":"projects/reservaeldia-7a440/serviceAccounts/860495975406-compute@developer.gserviceaccount.com","automaticUpdatePolicy":{}},"serviceConfig":{"service":"projects/reservaeldia-7a440/locations/us-central1/services/adminseticonactivationv2","timeoutSeconds":60,"environmentVariables":{"SUPERADMINS_UIDS":"8mvF9cwdbtYo2leAjO11cNxhaLV2","MERCADO_PAGO_PUBLIC_KEY":"APP_USR-a0795dce-baf8-48f6-98af-4defd053ad42","MERCADO_PAGO_ACCESS_TOKEN":"APP_USR-6752615657925923-021923-055cfbc93701d8acfdd153d25b9c4ac8-3215101753","MERCADO_PAGO_CLIENT_ID":"6752615657925923","MERCADO_PAGO_CLIENT_SECRET":"37OPj64uyGyNK2db7e3GBeqizFIF3fuL","MERCADO_PAGO_WEBHOOK_URL":"https://us-central1-reservaeldia-7a440.cloudfunctions.net/mercadoPagoWebhook","MP_WEBHOOK_SECRET":"27104730db6cc9a5f93bc49e4e3f9c70b22f6090845bf7e56d47f3aa2c1589c5","GOOGLE_MAPS_EMBED_API_KEY":"AIzaSyArR56EXHhdSZ1GmpPXwOELlDkoSK-FYrk","FIREBASE_CONFIG":"{\"projectId\":\"reservaeldia-7a440\",\"storageBucket\":\"reservaeldia-7a440.firebasestorage.app\"}","GCLOUD_PROJECT":"reservaeldia-7a440","EVENTARC_CLOUD_EVENT_SOURCE":"projects/reservaeldia-7a440/locations/us-central1/services/adminSetIconActivationV2","FUNCTION_TARGET":"adminSetIconActivationV2","LOG_EXECUTION_ID":"true","FUNCTION_SIGNATURE_TYPE":"http"},"maxInstanceCount":100,"ingressSettings":"ALLOW_ALL","uri":"https://adminseticonactivationv2-vntxuytzsa-uc.a.run.app","serviceAccountEmail":"860495975406-compute@developer.gserviceaccount.com","availableMemory":"256Mi","allTrafficOnLatestRevision":true,"revision":"adminseticonactivationv2-00184-joy","maxInstanceRequestConcurrency":1,"availableCpu":"0.1666"},"state":"ACTIVE","updateTime":"2026-08-06T16:40:49.078967675Z","labels":{"deployment-callable":"true","firebase-functions-hash":"5efaf1777d259b9855b4eeb91a96fbac3aed1a65","deployment-tool":"cli-firebase"},"environment":"GEN_2","url":"https://us-central1-reservaeldia-7a440.cloudfunctions.net/adminSetIconActivationV2","createTime":"2026-03-01T13:41:06.366138944Z","satisfiesPzi":true},{"name":"projects/reservaeldia-7a440/locations/us-central1/functions/listPublicationDiscountCodes","buildConfig":{"build":"projects/860495975406/locations/us-central1/builds/073e72e2-5b74-47e3-8862-a1660b112ffe","runtime":"nodejs20","entryPoint":"listPublicationDiscountCodes","source":{"storageSource":{"bucket":"gcf-v2-sources-860495975406-us-central1","object":"listPublicationDiscountCodes/function-source.zip","generation":"1785242812135127"}},"environmentVariables":{"GOOGLE_NODE_RUN_SCRIPTS":""},"dockerRepository":"projects/reservaeldia-7a440/locations/us-central1/repositories/gcf-artifacts","sourceProvenance":{"resolvedStorageSource":{"bucket":"gcf-v2-sources-860495975406-us-central1","object":"listPublicationDiscountCodes/function-source.zip","generation":"1785242812135127"}},"dockerRegistry":"ARTIFACT_REGISTRY","serviceAccount":"projects/reservaeldia-7a440/serviceAccounts/860495975406-compute@developer.gserviceaccount.com","automaticUpdatePolicy":{}},"serviceConfig":{"service":"projects/reservaeldia-7a440/locations/us-central1/services/listpublicationdiscountcodes","timeoutSeconds":60,"environmentVariables":{"SUPERADMINS_UIDS":"8mvF9cwdbtYo2leAjO11cNxhaLV2","MERCADO_PAGO_PUBLIC_KEY":"APP_USR-a0795dce-baf8-48f6-98af-4defd053ad42","MERCADO_PAGO_ACCESS_TOKEN":"APP_USR-6752615657925923-021923-055cfbc93701d8acfdd153d25b9c4ac8-3215101753","MERCADO_PAGO_CLIENT_ID":"6752615657925923","MERCADO_PAGO_CLIENT_SECRET":"37OPj64uyGyNK2db7e3GBeqizFIF3fuL","MERCADO_PAGO_WEBHOOK_URL":"https://us-central1-reservaeldia-7a440.cloudfunctions.net/mercadoPagoWebhook","MP_WEBHOOK_SECRET":"27104730db6cc9a5f93bc49e4e3f9c70b22f6090845bf7e56d47f3aa2c1589c5","GOOGLE_MAPS_EMBED_API_KEY":"AIzaSyArR56EXHhdSZ1GmpPXwOELlDkoSK-FYrk","FIREBASE_CONFIG":"{\"projectId\":\"reservaeldia-7a440\",\"storageBucket\":\"reservaeldia-7a440.firebasestorage.app\"}","GCLOUD_PROJECT":"reservaeldia-7a440","EVENTARC_CLOUD_EVENT_SOURCE":"projects/reservaeldia-7a440/locations/us-central1/services/listPublicationDiscountCodes","FUNCTION_TARGET":"listPublicationDiscountCodes","LOG_EXECUTION_ID":"true","FUNCTION_SIGNATURE_TYPE":"http"},"maxInstanceCount":100,"ingressSettings":"ALLOW_ALL","uri":"https://listpublicationdiscountcodes-vntxuytzsa-uc.a.run.app","serviceAccountEmail":"860495975406-compute@developer.gserviceaccount.com","availableMemory":"256Mi","allTrafficOnLatestRevision":true,"revision":"listpublicationdiscountcodes-00217-xun","maxInstanceRequestConcurrency":1,"availableCpu":"0.1666"},"state":"ACTIVE","updateTime":"2026-07-28T12:47:26.124809924Z","labels":{"deployment-tool":"cli-firebase","deployment-callable":"true","firebase-functions-hash":"d122378e98f45effe92711c767be8035f097d07d"},"environment":"GEN_2","url":"https://us-central1-reservaeldia-7a440.cloudfunctions.net/listPublicationDiscountCodes","createTime":"2026-02-20T14:28:35.588322066Z","satisfiesPzi":true},{"name":"projects/reservaeldia-7a440/locations/us-central1/functions/copiarPlantillaHTML","buildConfig":{"build":"projects/860495975406/locations/us-central1/builds/8ce2ba43-ac9e-4f0f-b576-ddda1866a519","runtime":"nodejs20","entryPoint":"copiarPlantillaHTML","source":{"storageSource":{"bucket":"gcf-v2-sources-860495975406-us-central1","object":"copiarPlantillaHTML/function-source.zip","generation":"1786034733082482"}},"environmentVariables":{"GOOGLE_NODE_RUN_SCRIPTS":""},"dockerRepository":"projects/reservaeldia-7a440/locations/us-central1/repositories/gcf-artifacts","sourceProvenance":{"resolvedStorageSource":{"bucket":"gcf-v2-sources-860495975406-us-central1","object":"copiarPlantillaHTML/function-source.zip","generation":"1786034733082482"}},"dockerRegistry":"ARTIFACT_REGISTRY","serviceAccount":"projects/reservaeldia-7a440/serviceAccounts/860495975406-compute@developer.gserviceaccount.com","automaticUpdatePolicy":{}},"serviceConfig":{"service":"projects/reservaeldia-7a440/locations/us-central1/services/copiarplantillahtml","timeoutSeconds":60,"environmentVariables":{"SUPERADMINS_UIDS":"8mvF9cwdbtYo2leAjO11cNxhaLV2","MERCADO_PAGO_PUBLIC_KEY":"APP_USR-a0795dce-baf8-48f6-98af-4defd053ad42","MERCADO_PAGO_ACCESS_TOKEN":"APP_USR-6752615657925923-021923-055cfbc93701d8acfdd153d25b9c4ac8-3215101753","MERCADO_PAGO_CLIENT_ID":"6752615657925923","MERCADO_PAGO_CLIENT_SECRET":"37OPj64uyGyNK2db7e3GBeqizFIF3fuL","MERCADO_PAGO_WEBHOOK_URL":"https://us-central1-reservaeldia-7a440.cloudfunctions.net/mercadoPagoWebhook","MP_WEBHOOK_SECRET":"27104730db6cc9a5f93bc49e4e3f9c70b22f6090845bf7e56d47f3aa2c1589c5","GOOGLE_MAPS_EMBED_API_KEY":"AIzaSyArR56EXHhdSZ1GmpPXwOELlDkoSK-FYrk","FIREBASE_CONFIG":"{\"projectId\":\"reservaeldia-7a440\",\"storageBucket\":\"reservaeldia-7a440.firebasestorage.app\"}","GCLOUD_PROJECT":"reservaeldia-7a440","EVENTARC_CLOUD_EVENT_SOURCE":"projects/reservaeldia-7a440/locations/us-central1/services/copiarPlantillaHTML","FUNCTION_TARGET":"copiarPlantillaHTML","LOG_EXECUTION_ID":"true","FUNCTION_SIGNATURE_TYPE":"http"},"maxInstanceCount":100,"ingressSettings":"ALLOW_ALL","uri":"https://copiarplantillahtml-vntxuytzsa-uc.a.run.app","serviceAccountEmail":"860495975406-compute@developer.gserviceaccount.com","availableMemory":"256Mi","allTrafficOnLatestRevision":true,"revision":"copiarplantillahtml-00481-lux","maxInstanceRequestConcurrency":1,"availableCpu":"0.1666"},"state":"ACTIVE","updateTime":"2026-08-06T16:46:08.415986760Z","labels":{"deployment-callable":"true","firebase-functions-hash":"5efaf1777d259b9855b4eeb91a96fbac3aed1a65","deployment-tool":"cli-firebase"},"environment":"GEN_2","url":"https://us-central1-reservaeldia-7a440.cloudfunctions.net/copiarPlantillaHTML","createTime":"2025-05-25T19:25:36.456258747Z","satisfiesPzi":true},{"name":"projects/reservaeldia-7a440/locations/us-central1/functions/adminListTemplateTagsV1","buildConfig":{"build":"projects/860495975406/locations/us-central1/builds/bec2d25e-e9f3-42aa-8b95-38038883b25a","runtime":"nodejs20","entryPoint":"adminListTemplateTagsV1","source":{"storageSource":{"bucket":"gcf-v2-sources-860495975406-us-central1","object":"adminListTemplateTagsV1/function-source.zip","generation":"1786034292434049"}},"environmentVariables":{"GOOGLE_NODE_RUN_SCRIPTS":""},"dockerRepository":"projects/reservaeldia-7a440/locations/us-central1/repositories/gcf-artifacts","sourceProvenance":{"resolvedStorageSource":{"bucket":"gcf-v2-sources-860495975406-us-central1","object":"adminListTemplateTagsV1/function-source.zip","generation":"1786034292434049"}},"dockerRegistry":"ARTIFACT_REGISTRY","serviceAccount":"projects/reservaeldia-7a440/serviceAccounts/860495975406-compute@developer.gserviceaccount.com","automaticUpdatePolicy":{}},"serviceConfig":{"service":"projects/reservaeldia-7a440/locations/us-central1/services/adminlisttemplatetagsv1","timeoutSeconds":60,"environmentVariables":{"SUPERADMINS_UIDS":"8mvF9cwdbtYo2leAjO11cNxhaLV2","MERCADO_PAGO_PUBLIC_KEY":"APP_USR-a0795dce-baf8-48f6-98af-4defd053ad42","MERCADO_PAGO_ACCESS_TOKEN":"APP_USR-6752615657925923-021923-055cfbc93701d8acfdd153d25b9c4ac8-3215101753","MERCADO_PAGO_CLIENT_ID":"6752615657925923","MERCADO_PAGO_CLIENT_SECRET":"37OPj64uyGyNK2db7e3GBeqizFIF3fuL","MERCADO_PAGO_WEBHOOK_URL":"https://us-central1-reservaeldia-7a440.cloudfunctions.net/mercadoPagoWebhook","MP_WEBHOOK_SECRET":"27104730db6cc9a5f93bc49e4e3f9c70b22f6090845bf7e56d47f3aa2c1589c5","GOOGLE_MAPS_EMBED_API_KEY":"AIzaSyArR56EXHhdSZ1GmpPXwOELlDkoSK-FYrk","FIREBASE_CONFIG":"{\"projectId\":\"reservaeldia-7a440\",\"storageBucket\":\"reservaeldia-7a440.firebasestorage.app\"}","GCLOUD_PROJECT":"reservaeldia-7a440","EVENTARC_CLOUD_EVENT_SOURCE":"projects/reservaeldia-7a440/locations/us-central1/services/adminListTemplateTagsV1","FUNCTION_TARGET":"adminListTemplateTagsV1","LOG_EXECUTION_ID":"true","FUNCTION_SIGNATURE_TYPE":"http"},"maxInstanceCount":100,"ingressSettings":"ALLOW_ALL","uri":"https://adminlisttemplatetagsv1-vntxuytzsa-uc.a.run.app","serviceAccountEmail":"860495975406-compute@developer.gserviceaccount.com","availableMemory":"256Mi","allTrafficOnLatestRevision":true,"revision":"adminlisttemplatetagsv1-00165-ful","maxInstanceRequestConcurrency":1,"availableCpu":"0.1666"},"state":"ACTIVE","updateTime":"2026-08-06T16:38:23.906182433Z","labels":{"deployment-callable":"true","firebase-functions-hash":"5efaf1777d259b9855b4eeb91a96fbac3aed1a65","deployment-tool":"cli-firebase"},"environment":"GEN_2","url":"https://us-central1-reservaeldia-7a440.cloudfunctions.net/adminListTemplateTagsV1","createTime":"2026-03-12T21:47:40.092519445Z","satisfiesPzi":true},{"name":"projects/reservaeldia-7a440/locations/us-central1/functions/createPublicationCheckoutSession","buildConfig":{"build":"projects/860495975406/locations/us-central1/builds/d3278909-cdf0-44a0-958a-cbc83e468525","runtime":"nodejs20","entryPoint":"createPublicationCheckoutSession","source":{"storageSource":{"bucket":"gcf-v2-sources-860495975406-us-central1","object":"createPublicationCheckoutSession/function-source.zip","generation":"1786034742763384"}},"environmentVariables":{"GOOGLE_NODE_RUN_SCRIPTS":""},"dockerRepository":"projects/reservaeldia-7a440/locations/us-central1/repositories/gcf-artifacts","sourceProvenance":{"resolvedStorageSource":{"bucket":"gcf-v2-sources-860495975406-us-central1","object":"createPublicationCheckoutSession/function-source.zip","generation":"1786034742763384"}},"dockerRegistry":"ARTIFACT_REGISTRY","serviceAccount":"projects/reservaeldia-7a440/serviceAccounts/860495975406-compute@developer.gserviceaccount.com","automaticUpdatePolicy":{}},"serviceConfig":{"service":"projects/reservaeldia-7a440/locations/us-central1/services/createpublicationcheckoutsession","timeoutSeconds":60,"environmentVariables":{"SUPERADMINS_UIDS":"8mvF9cwdbtYo2leAjO11cNxhaLV2","MERCADO_PAGO_PUBLIC_KEY":"APP_USR-a0795dce-baf8-48f6-98af-4defd053ad42","MERCADO_PAGO_ACCESS_TOKEN":"APP_USR-6752615657925923-021923-055cfbc93701d8acfdd153d25b9c4ac8-3215101753","MERCADO_PAGO_CLIENT_ID":"6752615657925923","MERCADO_PAGO_CLIENT_SECRET":"37OPj64uyGyNK2db7e3GBeqizFIF3fuL","MERCADO_PAGO_WEBHOOK_URL":"https://us-central1-reservaeldia-7a440.cloudfunctions.net/mercadoPagoWebhook","MP_WEBHOOK_SECRET":"27104730db6cc9a5f93bc49e4e3f9c70b22f6090845bf7e56d47f3aa2c1589c5","GOOGLE_MAPS_EMBED_API_KEY":"AIzaSyArR56EXHhdSZ1GmpPXwOELlDkoSK-FYrk","FIREBASE_CONFIG":"{\"projectId\":\"reservaeldia-7a440\",\"storageBucket\":\"reservaeldia-7a440.firebasestorage.app\"}","GCLOUD_PROJECT":"reservaeldia-7a440","EVENTARC_CLOUD_EVENT_SOURCE":"projects/reservaeldia-7a440/locations/us-central1/services/createPublicationCheckoutSession","FUNCTION_TARGET":"createPublicationCheckoutSession","LOG_EXECUTION_ID":"true","FUNCTION_SIGNATURE_TYPE":"http"},"maxInstanceCount":100,"ingressSettings":"ALLOW_ALL","uri":"https://createpublicationcheckoutsession-vntxuytzsa-uc.a.run.app","serviceAccountEmail":"860495975406-compute@developer.gserviceaccount.com","availableMemory":"256Mi","allTrafficOnLatestRevision":true,"revision":"createpublicationcheckoutsession-00239-jed","maxInstanceRequestConcurrency":1,"availableCpu":"0.1666"},"state":"ACTIVE","updateTime":"2026-08-06T16:46:09.215487473Z","labels":{"deployment-callable":"true","firebase-functions-hash":"5efaf1777d259b9855b4eeb91a96fbac3aed1a65","deployment-tool":"cli-firebase"},"environment":"GEN_2","url":"https://us-central1-reservaeldia-7a440.cloudfunctions.net/createPublicationCheckoutSession","createTime":"2026-02-20T09:35:09.283377536Z","satisfiesPzi":true},{"name":"projects/reservaeldia-7a440/locations/us-central1/functions/adminRebuildBusinessAnalyticsV1","buildConfig":{"build":"projects/860495975406/locations/us-central1/builds/479635c0-a469-45b5-a315-7c3f5537c8d6","runtime":"nodejs20","entryPoint":"adminRebuildBusinessAnalyticsV1","source":{"storageSource":{"bucket":"gcf-v2-sources-860495975406-us-central1","object":"adminRebuildBusinessAnalyticsV1/function-source.zip","generation":"1786034373739048"}},"environmentVariables":{"GOOGLE_NODE_RUN_SCRIPTS":""},"dockerRepository":"projects/reservaeldia-7a440/locations/us-central1/repositories/gcf-artifacts","sourceProvenance":{"resolvedStorageSource":{"bucket":"gcf-v2-sources-860495975406-us-central1","object":"adminRebuildBusinessAnalyticsV1/function-source.zip","generation":"1786034373739048"}},"dockerRegistry":"ARTIFACT_REGISTRY","serviceAccount":"projects/reservaeldia-7a440/serviceAccounts/860495975406-compute@developer.gserviceaccount.com","automaticUpdatePolicy":{}},"serviceConfig":{"service":"projects/reservaeldia-7a440/locations/us-central1/services/adminrebuildbusinessanalyticsv1","timeoutSeconds":60,"environmentVariables":{"SUPERADMINS_UIDS":"8mvF9cwdbtYo2leAjO11cNxhaLV2","MERCADO_PAGO_PUBLIC_KEY":"APP_USR-a0795dce-baf8-48f6-98af-4defd053ad42","MERCADO_PAGO_ACCESS_TOKEN":"APP_USR-6752615657925923-021923-055cfbc93701d8acfdd153d25b9c4ac8-3215101753","MERCADO_PAGO_CLIENT_ID":"6752615657925923","MERCADO_PAGO_CLIENT_SECRET":"37OPj64uyGyNK2db7e3GBeqizFIF3fuL","MERCADO_PAGO_WEBHOOK_URL":"https://us-central1-reservaeldia-7a440.cloudfunctions.net/mercadoPagoWebhook","MP_WEBHOOK_SECRET":"27104730db6cc9a5f93bc49e4e3f9c70b22f6090845bf7e56d47f3aa2c1589c5","GOOGLE_MAPS_EMBED_API_KEY":"AIzaSyArR56EXHhdSZ1GmpPXwOELlDkoSK-FYrk","FIREBASE_CONFIG":"{\"projectId\":\"reservaeldia-7a440\",\"storageBucket\":\"reservaeldia-7a440.firebasestorage.app\"}","GCLOUD_PROJECT":"reservaeldia-7a440","EVENTARC_CLOUD_EVENT_SOURCE":"projects/reservaeldia-7a440/locations/us-central1/services/adminRebuildBusinessAnalyticsV1","FUNCTION_TARGET":"adminRebuildBusinessAnalyticsV1","LOG_EXECUTION_ID":"true"},"maxInstanceCount":60,"ingressSettings":"ALLOW_ALL","uri":"https://adminrebuildbusinessanalyticsv1-vntxuytzsa-uc.a.run.app","serviceAccountEmail":"860495975406-compute@developer.gserviceaccount.com","availableMemory":"512Mi","allTrafficOnLatestRevision":true,"revision":"adminrebuildbusinessanalyticsv1-00146-tev","maxInstanceRequestConcurrency":1,"availableCpu":"0.3333"},"state":"ACTIVE","updateTime":"2026-08-06T16:40:41.039012733Z","labels":{"deployment-callable":"true","firebase-functions-hash":"5efaf1777d259b9855b4eeb91a96fbac3aed1a65","deployment-tool":"cli-firebase"},"environment":"GEN_2","url":"https://us-central1-reservaeldia-7a440.cloudfunctions.net/adminRebuildBusinessAnalyticsV1","createTime":"2026-03-13T04:33:09.404113626Z","satisfiesPzi":true},{"name":"projects/reservaeldia-7a440/locations/us-central1/functions/transitionPublishedInvitationState","buildConfig":{"build":"projects/860495975406/locations/us-central1/builds/c3503ba9-b25a-49e9-a523-0dd176fa3346","runtime":"nodejs20","entryPoint":"transitionPublishedInvitationState","source":{"storageSource":{"bucket":"gcf-v2-sources-860495975406-us-central1","object":"transitionPublishedInvitationState/function-source.zip","generation":"1785243150506006"}},"environmentVariables":{"GOOGLE_NODE_RUN_SCRIPTS":""},"dockerRepository":"projects/reservaeldia-7a440/locations/us-central1/repositories/gcf-artifacts","sourceProvenance":{"resolvedStorageSource":{"bucket":"gcf-v2-sources-860495975406-us-central1","object":"transitionPublishedInvitationState/function-source.zip","generation":"1785243150506006"}},"dockerRegistry":"ARTIFACT_REGISTRY","serviceAccount":"projects/reservaeldia-7a440/serviceAccounts/860495975406-compute@developer.gserviceaccount.com","automaticUpdatePolicy":{}},"serviceConfig":{"service":"projects/reservaeldia-7a440/locations/us-central1/services/transitionpublishedinvitationstate","timeoutSeconds":60,"environmentVariables":{"SUPERADMINS_UIDS":"8mvF9cwdbtYo2leAjO11cNxhaLV2","MERCADO_PAGO_PUBLIC_KEY":"APP_USR-a0795dce-baf8-48f6-98af-4defd053ad42","MERCADO_PAGO_ACCESS_TOKEN":"APP_USR-6752615657925923-021923-055cfbc93701d8acfdd153d25b9c4ac8-3215101753","MERCADO_PAGO_CLIENT_ID":"6752615657925923","MERCADO_PAGO_CLIENT_SECRET":"37OPj64uyGyNK2db7e3GBeqizFIF3fuL","MERCADO_PAGO_WEBHOOK_URL":"https://us-central1-reservaeldia-7a440.cloudfunctions.net/mercadoPagoWebhook","MP_WEBHOOK_SECRET":"27104730db6cc9a5f93bc49e4e3f9c70b22f6090845bf7e56d47f3aa2c1589c5","GOOGLE_MAPS_EMBED_API_KEY":"AIzaSyArR56EXHhdSZ1GmpPXwOELlDkoSK-FYrk","FIREBASE_CONFIG":"{\"projectId\":\"reservaeldia-7a440\",\"storageBucket\":\"reservaeldia-7a440.firebasestorage.app\"}","GCLOUD_PROJECT":"reservaeldia-7a440","EVENTARC_CLOUD_EVENT_SOURCE":"projects/reservaeldia-7a440/locations/us-central1/services/transitionPublishedInvitationState","FUNCTION_TARGET":"transitionPublishedInvitationState","LOG_EXECUTION_ID":"true","FUNCTION_SIGNATURE_TYPE":"http"},"maxInstanceCount":100,"ingressSettings":"ALLOW_ALL","uri":"https://transitionpublishedinvitationstate-vntxuytzsa-uc.a.run.app","serviceAccountEmail":"860495975406-compute@developer.gserviceaccount.com","availableMemory":"256Mi","allTrafficOnLatestRevision":true,"revision":"transitionpublishedinvitationstate-00161-yum","maxInstanceRequestConcurrency":1,"availableCpu":"0.1666"},"state":"ACTIVE","updateTime":"2026-07-28T12:53:16.892400619Z","labels":{"deployment-tool":"cli-firebase","deployment-callable":"true","firebase-functions-hash":"d122378e98f45effe92711c767be8035f097d07d"},"environment":"GEN_2","url":"https://us-central1-reservaeldia-7a440.cloudfunctions.net/transitionPublishedInvitationState","createTime":"2026-02-26T14:14:59.599665528Z","satisfiesPzi":true},{"name":"projects/reservaeldia-7a440/locations/us-central1/functions/adminListTemplateTrashV1","buildConfig":{"build":"projects/860495975406/locations/us-central1/builds/bec2d25e-e9f3-42aa-8b95-38038883b25a","runtime":"nodejs20","entryPoint":"adminListTemplateTrashV1","source":{"storageSource":{"bucket":"gcf-v2-sources-860495975406-us-central1","object":"adminListTemplateTrashV1/function-source.zip","generation":"1786034293097896"}},"environmentVariables":{"GOOGLE_NODE_RUN_SCRIPTS":""},"dockerRepository":"projects/reservaeldia-7a440/locations/us-central1/repositories/gcf-artifacts","sourceProvenance":{"resolvedStorageSource":{"bucket":"gcf-v2-sources-860495975406-us-central1","object":"adminListTemplateTrashV1/function-source.zip","generation":"1786034293097896"}},"dockerRegistry":"ARTIFACT_REGISTRY","serviceAccount":"projects/reservaeldia-7a440/serviceAccounts/860495975406-compute@developer.gserviceaccount.com","automaticUpdatePolicy":{}},"serviceConfig":{"service":"projects/reservaeldia-7a440/locations/us-central1/services/adminlisttemplatetrashv1","timeoutSeconds":60,"environmentVariables":{"SUPERADMINS_UIDS":"8mvF9cwdbtYo2leAjO11cNxhaLV2","MERCADO_PAGO_PUBLIC_KEY":"APP_USR-a0795dce-baf8-48f6-98af-4defd053ad42","MERCADO_PAGO_ACCESS_TOKEN":"APP_USR-6752615657925923-021923-055cfbc93701d8acfdd153d25b9c4ac8-3215101753","MERCADO_PAGO_CLIENT_ID":"6752615657925923","MERCADO_PAGO_CLIENT_SECRET":"37OPj64uyGyNK2db7e3GBeqizFIF3fuL","MERCADO_PAGO_WEBHOOK_URL":"https://us-central1-reservaeldia-7a440.cloudfunctions.net/mercadoPagoWebhook","MP_WEBHOOK_SECRET":"27104730db6cc9a5f93bc49e4e3f9c70b22f6090845bf7e56d47f3aa2c1589c5","GOOGLE_MAPS_EMBED_API_KEY":"AIzaSyArR56EXHhdSZ1GmpPXwOELlDkoSK-FYrk","FIREBASE_CONFIG":"{\"projectId\":\"reservaeldia-7a440\",\"storageBucket\":\"reservaeldia-7a440.firebasestorage.app\"}","GCLOUD_PROJECT":"reservaeldia-7a440","EVENTARC_CLOUD_EVENT_SOURCE":"projects/reservaeldia-7a440/locations/us-central1/services/adminListTemplateTrashV1","FUNCTION_TARGET":"adminListTemplateTrashV1","LOG_EXECUTION_ID":"true","FUNCTION_SIGNATURE_TYPE":"http"},"maxInstanceCount":100,"ingressSettings":"ALLOW_ALL","uri":"https://adminlisttemplatetrashv1-vntxuytzsa-uc.a.run.app","serviceAccountEmail":"860495975406-compute@developer.gserviceaccount.com","availableMemory":"256Mi","allTrafficOnLatestRevision":true,"revision":"adminlisttemplatetrashv1-00162-cuc","maxInstanceRequestConcurrency":1,"availableCpu":"0.1666"},"state":"ACTIVE","updateTime":"2026-08-06T16:38:25.206882368Z","labels":{"deployment-tool":"cli-firebase","deployment-callable":"true","firebase-functions-hash":"5efaf1777d259b9855b4eeb91a96fbac3aed1a65"},"environment":"GEN_2","url":"https://us-central1-reservaeldia-7a440.cloudfunctions.net/adminListTemplateTrashV1","createTime":"2026-03-13T01:29:35.092695719Z","satisfiesPzi":true},{"name":"projects/reservaeldia-7a440/locations/us-central1/functions/archiveCountdownPreset","buildConfig":{"build":"projects/860495975406/locations/us-central1/builds/cca5cf55-789d-4371-bd8c-c387d4e9200b","runtime":"nodejs20","entryPoint":"archiveCountdownPreset","source":{"storageSource":{"bucket":"gcf-v2-sources-860495975406-us-central1","object":"archiveCountdownPreset/function-source.zip","generation":"1786035316600703"}},"environmentVariables":{"GOOGLE_NODE_RUN_SCRIPTS":""},"dockerRepository":"projects/reservaeldia-7a440/locations/us-central1/repositories/gcf-artifacts","sourceProvenance":{"resolvedStorageSource":{"bucket":"gcf-v2-sources-860495975406-us-central1","object":"archiveCountdownPreset/function-source.zip","generation":"1786035316600703"}},"dockerRegistry":"ARTIFACT_REGISTRY","serviceAccount":"projects/reservaeldia-7a440/serviceAccounts/860495975406-compute@developer.gserviceaccount.com","automaticUpdatePolicy":{}},"serviceConfig":{"service":"projects/reservaeldia-7a440/locations/us-central1/services/archivecountdownpreset","timeoutSeconds":60,"environmentVariables":{"SUPERADMINS_UIDS":"8mvF9cwdbtYo2leAjO11cNxhaLV2","MERCADO_PAGO_PUBLIC_KEY":"APP_USR-a0795dce-baf8-48f6-98af-4defd053ad42","MERCADO_PAGO_ACCESS_TOKEN":"APP_USR-6752615657925923-021923-055cfbc93701d8acfdd153d25b9c4ac8-3215101753","MERCADO_PAGO_CLIENT_ID":"6752615657925923","MERCADO_PAGO_CLIENT_SECRET":"37OPj64uyGyNK2db7e3GBeqizFIF3fuL","MERCADO_PAGO_WEBHOOK_URL":"https://us-central1-reservaeldia-7a440.cloudfunctions.net/mercadoPagoWebhook","MP_WEBHOOK_SECRET":"27104730db6cc9a5f93bc49e4e3f9c70b22f6090845bf7e56d47f3aa2c1589c5","GOOGLE_MAPS_EMBED_API_KEY":"AIzaSyArR56EXHhdSZ1GmpPXwOELlDkoSK-FYrk","FIREBASE_CONFIG":"{\"projectId\":\"reservaeldia-7a440\",\"storageBucket\":\"reservaeldia-7a440.firebasestorage.app\"}","GCLOUD_PROJECT":"reservaeldia-7a440","EVENTARC_CLOUD_EVENT_SOURCE":"projects/reservaeldia-7a440/locations/us-central1/services/archiveCountdownPreset","FUNCTION_TARGET":"archiveCountdownPreset","LOG_EXECUTION_ID":"true","FUNCTION_SIGNATURE_TYPE":"http"},"maxInstanceCount":100,"ingressSettings":"ALLOW_ALL","uri":"https://archivecountdownpreset-vntxuytzsa-uc.a.run.app","serviceAccountEmail":"860495975406-compute@developer.gserviceaccount.com","availableMemory":"256Mi","allTrafficOnLatestRevision":true,"revision":"archivecountdownpreset-00190-wez","maxInstanceRequestConcurrency":1,"availableCpu":"0.1666"},"state":"ACTIVE","updateTime":"2026-08-06T16:55:30.989630376Z","labels":{"firebase-functions-hash":"5efaf1777d259b9855b4eeb91a96fbac3aed1a65","deployment-tool":"cli-firebase","deployment-callable":"true"},"environment":"GEN_2","url":"https://us-central1-reservaeldia-7a440.cloudfunctions.net/archiveCountdownPreset","createTime":"2026-02-27T02:18:04.334151480Z","satisfiesPzi":true},{"name":"projects/reservaeldia-7a440/locations/us-central1/functions/adminListTemplatesV1","buildConfig":{"build":"projects/860495975406/locations/us-central1/builds/bec2d25e-e9f3-42aa-8b95-38038883b25a","runtime":"nodejs20","entryPoint":"adminListTemplatesV1","source":{"storageSource":{"bucket":"gcf-v2-sources-860495975406-us-central1","object":"adminListTemplatesV1/function-source.zip","generation":"1786034293196313"}},"environmentVariables":{"GOOGLE_NODE_RUN_SCRIPTS":""},"dockerRepository":"projects/reservaeldia-7a440/locations/us-central1/repositories/gcf-artifacts","sourceProvenance":{"resolvedStorageSource":{"bucket":"gcf-v2-sources-860495975406-us-central1","object":"adminListTemplatesV1/function-source.zip","generation":"1786034293196313"}},"dockerRegistry":"ARTIFACT_REGISTRY","serviceAccount":"projects/reservaeldia-7a440/serviceAccounts/860495975406-compute@developer.gserviceaccount.com","automaticUpdatePolicy":{}},"serviceConfig":{"service":"projects/reservaeldia-7a440/locations/us-central1/services/adminlisttemplatesv1","timeoutSeconds":60,"environmentVariables":{"SUPERADMINS_UIDS":"8mvF9cwdbtYo2leAjO11cNxhaLV2","MERCADO_PAGO_PUBLIC_KEY":"APP_USR-a0795dce-baf8-48f6-98af-4defd053ad42","MERCADO_PAGO_ACCESS_TOKEN":"APP_USR-6752615657925923-021923-055cfbc93701d8acfdd153d25b9c4ac8-3215101753","MERCADO_PAGO_CLIENT_ID":"6752615657925923","MERCADO_PAGO_CLIENT_SECRET":"37OPj64uyGyNK2db7e3GBeqizFIF3fuL","MERCADO_PAGO_WEBHOOK_URL":"https://us-central1-reservaeldia-7a440.cloudfunctions.net/mercadoPagoWebhook","MP_WEBHOOK_SECRET":"27104730db6cc9a5f93bc49e4e3f9c70b22f6090845bf7e56d47f3aa2c1589c5","GOOGLE_MAPS_EMBED_API_KEY":"AIzaSyArR56EXHhdSZ1GmpPXwOELlDkoSK-FYrk","FIREBASE_CONFIG":"{\"projectId\":\"reservaeldia-7a440\",\"storageBucket\":\"reservaeldia-7a440.firebasestorage.app\"}","GCLOUD_PROJECT":"reservaeldia-7a440","EVENTARC_CLOUD_EVENT_SOURCE":"projects/reservaeldia-7a440/locations/us-central1/services/adminListTemplatesV1","FUNCTION_TARGET":"adminListTemplatesV1","LOG_EXECUTION_ID":"true","FUNCTION_SIGNATURE_TYPE":"http"},"maxInstanceCount":100,"ingressSettings":"ALLOW_ALL","uri":"https://adminlisttemplatesv1-vntxuytzsa-uc.a.run.app","serviceAccountEmail":"860495975406-compute@developer.gserviceaccount.com","availableMemory":"256Mi","allTrafficOnLatestRevision":true,"revision":"adminlisttemplatesv1-00165-kax","maxInstanceRequestConcurrency":1,"availableCpu":"0.1666"},"state":"ACTIVE","updateTime":"2026-08-06T16:38:26.329180706Z","labels":{"firebase-functions-hash":"5efaf1777d259b9855b4eeb91a96fbac3aed1a65","deployment-tool":"cli-firebase","deployment-callable":"true"},"environment":"GEN_2","url":"https://us-central1-reservaeldia-7a440.cloudfunctions.net/adminListTemplatesV1","createTime":"2026-03-12T21:46:46.739186693Z","satisfiesPzi":true},{"name":"projects/reservaeldia-7a440/locations/us-central1/functions/adminCommitTemplateWorkspaceV1","buildConfig":{"build":"projects/860495975406/locations/us-central1/builds/63ad86be-fd19-48aa-8e52-b5898bc22654","runtime":"nodejs20","entryPoint":"adminCommitTemplateWorkspaceV1","source":{"storageSource":{"bucket":"gcf-v2-sources-860495975406-us-central1","object":"adminCommitTemplateWorkspaceV1/function-source.zip","generation":"1786034147147243"}},"environmentVariables":{"GOOGLE_NODE_RUN_SCRIPTS":""},"dockerRepository":"projects/reservaeldia-7a440/locations/us-central1/repositories/gcf-artifacts","sourceProvenance":{"resolvedStorageSource":{"bucket":"gcf-v2-sources-860495975406-us-central1","object":"adminCommitTemplateWorkspaceV1/function-source.zip","generation":"1786034147147243"}},"dockerRegistry":"ARTIFACT_REGISTRY","serviceAccount":"projects/reservaeldia-7a440/serviceAccounts/860495975406-compute@developer.gserviceaccount.com","automaticUpdatePolicy":{}},"serviceConfig":{"service":"projects/reservaeldia-7a440/locations/us-central1/services/admincommittemplateworkspacev1","timeoutSeconds":60,"environmentVariables":{"SUPERADMINS_UIDS":"8mvF9cwdbtYo2leAjO11cNxhaLV2","MERCADO_PAGO_PUBLIC_KEY":"APP_USR-a0795dce-baf8-48f6-98af-4defd053ad42","MERCADO_PAGO_ACCESS_TOKEN":"APP_USR-6752615657925923-021923-055cfbc93701d8acfdd153d25b9c4ac8-3215101753","MERCADO_PAGO_CLIENT_ID":"6752615657925923","MERCADO_PAGO_CLIENT_SECRET":"37OPj64uyGyNK2db7e3GBeqizFIF3fuL","MERCADO_PAGO_WEBHOOK_URL":"https://us-central1-reservaeldia-7a440.cloudfunctions.net/mercadoPagoWebhook","MP_WEBHOOK_SECRET":"27104730db6cc9a5f93bc49e4e3f9c70b22f6090845bf7e56d47f3aa2c1589c5","GOOGLE_MAPS_EMBED_API_KEY":"AIzaSyArR56EXHhdSZ1GmpPXwOELlDkoSK-FYrk","FIREBASE_CONFIG":"{\"projectId\":\"reservaeldia-7a440\",\"storageBucket\":\"reservaeldia-7a440.firebasestorage.app\"}","GCLOUD_PROJECT":"reservaeldia-7a440","EVENTARC_CLOUD_EVENT_SOURCE":"projects/reservaeldia-7a440/locations/us-central1/services/adminCommitTemplateWorkspaceV1","FUNCTION_TARGET":"adminCommitTemplateWorkspaceV1","LOG_EXECUTION_ID":"true","FUNCTION_SIGNATURE_TYPE":"http"},"maxInstanceCount":100,"ingressSettings":"ALLOW_ALL","uri":"https://admincommittemplateworkspacev1-vntxuytzsa-uc.a.run.app","serviceAccountEmail":"860495975406-compute@developer.gserviceaccount.com","availableMemory":"256Mi","allTrafficOnLatestRevision":true,"revision":"admincommittemplateworkspacev1-00171-kay","maxInstanceRequestConcurrency":1,"availableCpu":"0.1666"},"state":"ACTIVE","updateTime":"2026-08-06T16:36:06.354247500Z","labels":{"deployment-tool":"cli-firebase","deployment-callable":"true","firebase-functions-hash":"5efaf1777d259b9855b4eeb91a96fbac3aed1a65"},"environment":"GEN_2","url":"https://us-central1-reservaeldia-7a440.cloudfunctions.net/adminCommitTemplateWorkspaceV1","createTime":"2026-03-12T21:47:40.787369903Z","satisfiesPzi":true},{"name":"projects/reservaeldia-7a440/locations/us-central1/functions/adminGetDecorUsageStatsV1","buildConfig":{"build":"projects/860495975406/locations/us-central1/builds/63ad86be-fd19-48aa-8e52-b5898bc22654","runtime":"nodejs20","entryPoint":"adminGetDecorUsageStatsV1","source":{"storageSource":{"bucket":"gcf-v2-sources-860495975406-us-central1","object":"adminGetDecorUsageStatsV1/function-source.zip","generation":"1786034147150234"}},"environmentVariables":{"GOOGLE_NODE_RUN_SCRIPTS":""},"dockerRepository":"projects/reservaeldia-7a440/locations/us-central1/repositories/gcf-artifacts","sourceProvenance":{"resolvedStorageSource":{"bucket":"gcf-v2-sources-860495975406-us-central1","object":"adminGetDecorUsageStatsV1/function-source.zip","generation":"1786034147150234"}},"dockerRegistry":"ARTIFACT_REGISTRY","serviceAccount":"projects/reservaeldia-7a440/serviceAccounts/860495975406-compute@developer.gserviceaccount.com","automaticUpdatePolicy":{}},"serviceConfig":{"service":"projects/reservaeldia-7a440/locations/us-central1/services/admingetdecorusagestatsv1","timeoutSeconds":60,"environmentVariables":{"SUPERADMINS_UIDS":"8mvF9cwdbtYo2leAjO11cNxhaLV2","MERCADO_PAGO_PUBLIC_KEY":"APP_USR-a0795dce-baf8-48f6-98af-4defd053ad42","MERCADO_PAGO_ACCESS_TOKEN":"APP_USR-6752615657925923-021923-055cfbc93701d8acfdd153d25b9c4ac8-3215101753","MERCADO_PAGO_CLIENT_ID":"6752615657925923","MERCADO_PAGO_CLIENT_SECRET":"37OPj64uyGyNK2db7e3GBeqizFIF3fuL","MERCADO_PAGO_WEBHOOK_URL":"https://us-central1-reservaeldia-7a440.cloudfunctions.net/mercadoPagoWebhook","MP_WEBHOOK_SECRET":"27104730db6cc9a5f93bc49e4e3f9c70b22f6090845bf7e56d47f3aa2c1589c5","GOOGLE_MAPS_EMBED_API_KEY":"AIzaSyArR56EXHhdSZ1GmpPXwOELlDkoSK-FYrk","FIREBASE_CONFIG":"{\"projectId\":\"reservaeldia-7a440\",\"storageBucket\":\"reservaeldia-7a440.firebasestorage.app\"}","GCLOUD_PROJECT":"reservaeldia-7a440","EVENTARC_CLOUD_EVENT_SOURCE":"projects/reservaeldia-7a440/locations/us-central1/services/adminGetDecorUsageStatsV1","FUNCTION_TARGET":"adminGetDecorUsageStatsV1","LOG_EXECUTION_ID":"true","FUNCTION_SIGNATURE_TYPE":"http"},"maxInstanceCount":100,"ingressSettings":"ALLOW_ALL","uri":"https://admingetdecorusagestatsv1-vntxuytzsa-uc.a.run.app","serviceAccountEmail":"860495975406-compute@developer.gserviceaccount.com","availableMemory":"256Mi","allTrafficOnLatestRevision":true,"revision":"admingetdecorusagestatsv1-00189-paf","maxInstanceRequestConcurrency":1,"availableCpu":"0.1666"},"state":"ACTIVE","updateTime":"2026-08-06T16:36:07.781778704Z","labels":{"deployment-tool":"cli-firebase","deployment-callable":"true","firebase-functions-hash":"5efaf1777d259b9855b4eeb91a96fbac3aed1a65"},"environment":"GEN_2","url":"https://us-central1-reservaeldia-7a440.cloudfunctions.net/adminGetDecorUsageStatsV1","createTime":"2026-03-02T00:10:40.925640505Z","satisfiesPzi":true},{"name":"projects/reservaeldia-7a440/locations/us-central1/functions/listPublicationDiscountCodeUsage","buildConfig":{"build":"projects/860495975406/locations/us-central1/builds/073e72e2-5b74-47e3-8862-a1660b112ffe","runtime":"nodejs20","entryPoint":"listPublicationDiscountCodeUsage","source":{"storageSource":{"bucket":"gcf-v2-sources-860495975406-us-central1","object":"listPublicationDiscountCodeUsage/function-source.zip","generation":"1785242812100696"}},"environmentVariables":{"GOOGLE_NODE_RUN_SCRIPTS":""},"dockerRepository":"projects/reservaeldia-7a440/locations/us-central1/repositories/gcf-artifacts","sourceProvenance":{"resolvedStorageSource":{"bucket":"gcf-v2-sources-860495975406-us-central1","object":"listPublicationDiscountCodeUsage/function-source.zip","generation":"1785242812100696"}},"dockerRegistry":"ARTIFACT_REGISTRY","serviceAccount":"projects/reservaeldia-7a440/serviceAccounts/860495975406-compute@developer.gserviceaccount.com","automaticUpdatePolicy":{}},"serviceConfig":{"service":"projects/reservaeldia-7a440/locations/us-central1/services/listpublicationdiscountcodeusage","timeoutSeconds":60,"environmentVariables":{"SUPERADMINS_UIDS":"8mvF9cwdbtYo2leAjO11cNxhaLV2","MERCADO_PAGO_PUBLIC_KEY":"APP_USR-a0795dce-baf8-48f6-98af-4defd053ad42","MERCADO_PAGO_ACCESS_TOKEN":"APP_USR-6752615657925923-021923-055cfbc93701d8acfdd153d25b9c4ac8-3215101753","MERCADO_PAGO_CLIENT_ID":"6752615657925923","MERCADO_PAGO_CLIENT_SECRET":"37OPj64uyGyNK2db7e3GBeqizFIF3fuL","MERCADO_PAGO_WEBHOOK_URL":"https://us-central1-reservaeldia-7a440.cloudfunctions.net/mercadoPagoWebhook","MP_WEBHOOK_SECRET":"27104730db6cc9a5f93bc49e4e3f9c70b22f6090845bf7e56d47f3aa2c1589c5","GOOGLE_MAPS_EMBED_API_KEY":"AIzaSyArR56EXHhdSZ1GmpPXwOELlDkoSK-FYrk","FIREBASE_CONFIG":"{\"projectId\":\"reservaeldia-7a440\",\"storageBucket\":\"reservaeldia-7a440.firebasestorage.app\"}","GCLOUD_PROJECT":"reservaeldia-7a440","EVENTARC_CLOUD_EVENT_SOURCE":"projects/reservaeldia-7a440/locations/us-central1/services/listPublicationDiscountCodeUsage","FUNCTION_TARGET":"listPublicationDiscountCodeUsage","LOG_EXECUTION_ID":"true","FUNCTION_SIGNATURE_TYPE":"http"},"maxInstanceCount":100,"ingressSettings":"ALLOW_ALL","uri":"https://listpublicationdiscountcodeusage-vntxuytzsa-uc.a.run.app","serviceAccountEmail":"860495975406-compute@developer.gserviceaccount.com","availableMemory":"256Mi","allTrafficOnLatestRevision":true,"revision":"listpublicationdiscountcodeusage-00218-dof","maxInstanceRequestConcurrency":1,"availableCpu":"0.1666"},"state":"ACTIVE","updateTime":"2026-07-28T12:47:27.315941463Z","labels":{"deployment-callable":"true","firebase-functions-hash":"d122378e98f45effe92711c767be8035f097d07d","deployment-tool":"cli-firebase"},"environment":"GEN_2","url":"https://us-central1-reservaeldia-7a440.cloudfunctions.net/listPublicationDiscountCodeUsage","createTime":"2026-02-20T14:30:31.495685749Z","satisfiesPzi":true},{"name":"projects/reservaeldia-7a440/locations/us-central1/functions/adminSetTextPresetVisibilityV1","buildConfig":{"build":"projects/860495975406/locations/us-central1/builds/286972ba-d751-4f29-8f90-2c27e53fc4e6","runtime":"nodejs20","entryPoint":"adminSetTextPresetVisibilityV1","source":{"storageSource":{"bucket":"gcf-v2-sources-860495975406-us-central1","object":"adminSetTextPresetVisibilityV1/function-source.zip","generation":"1786034593079350"}},"environmentVariables":{"GOOGLE_NODE_RUN_SCRIPTS":""},"dockerRepository":"projects/reservaeldia-7a440/locations/us-central1/repositories/gcf-artifacts","sourceProvenance":{"resolvedStorageSource":{"bucket":"gcf-v2-sources-860495975406-us-central1","object":"adminSetTextPresetVisibilityV1/function-source.zip","generation":"1786034593079350"}},"dockerRegistry":"ARTIFACT_REGISTRY","serviceAccount":"projects/reservaeldia-7a440/serviceAccounts/860495975406-compute@developer.gserviceaccount.com","automaticUpdatePolicy":{}},"serviceConfig":{"service":"projects/reservaeldia-7a440/locations/us-central1/services/adminsettextpresetvisibilityv1","timeoutSeconds":60,"environmentVariables":{"SUPERADMINS_UIDS":"8mvF9cwdbtYo2leAjO11cNxhaLV2","MERCADO_PAGO_PUBLIC_KEY":"APP_USR-a0795dce-baf8-48f6-98af-4defd053ad42","MERCADO_PAGO_ACCESS_TOKEN":"APP_USR-6752615657925923-021923-055cfbc93701d8acfdd153d25b9c4ac8-3215101753","MERCADO_PAGO_CLIENT_ID":"6752615657925923","MERCADO_PAGO_CLIENT_SECRET":"37OPj64uyGyNK2db7e3GBeqizFIF3fuL","MERCADO_PAGO_WEBHOOK_URL":"https://us-central1-reservaeldia-7a440.cloudfunctions.net/mercadoPagoWebhook","MP_WEBHOOK_SECRET":"27104730db6cc9a5f93bc49e4e3f9c70b22f6090845bf7e56d47f3aa2c1589c5","GOOGLE_MAPS_EMBED_API_KEY":"AIzaSyArR56EXHhdSZ1GmpPXwOELlDkoSK-FYrk","FIREBASE_CONFIG":"{\"projectId\":\"reservaeldia-7a440\",\"storageBucket\":\"reservaeldia-7a440.firebasestorage.app\"}","GCLOUD_PROJECT":"reservaeldia-7a440","EVENTARC_CLOUD_EVENT_SOURCE":"projects/reservaeldia-7a440/locations/us-central1/services/adminSetTextPresetVisibilityV1","FUNCTION_TARGET":"adminSetTextPresetVisibilityV1","LOG_EXECUTION_ID":"true","FUNCTION_SIGNATURE_TYPE":"http"},"maxInstanceCount":100,"ingressSettings":"ALLOW_ALL","uri":"https://adminsettextpresetvisibilityv1-vntxuytzsa-uc.a.run.app","serviceAccountEmail":"860495975406-compute@developer.gserviceaccount.com","availableMemory":"256Mi","allTrafficOnLatestRevision":true,"revision":"adminsettextpresetvisibilityv1-00177-bul","maxInstanceRequestConcurrency":1,"availableCpu":"0.1666"},"state":"ACTIVE","updateTime":"2026-08-06T16:43:31.042727898Z","labels":{"firebase-functions-hash":"5efaf1777d259b9855b4eeb91a96fbac3aed1a65","deployment-tool":"cli-firebase","deployment-callable":"true"},"environment":"GEN_2","url":"https://us-central1-reservaeldia-7a440.cloudfunctions.net/adminSetTextPresetVisibilityV1","createTime":"2026-03-02T13:27:17.082468194Z","satisfiesPzi":true},{"name":"projects/reservaeldia-7a440/locations/us-central1/functions/purgeTrashedPublications","buildConfig":{"build":"projects/860495975406/locations/us-central1/builds/a6177607-fe15-4f3a-96e8-9f28200f6ff9","runtime":"nodejs20","entryPoint":"purgeTrashedPublications","source":{"storageSource":{"bucket":"gcf-v2-sources-860495975406-us-central1","object":"purgeTrashedPublications/function-source.zip","generation":"1785242974742391"}},"environmentVariables":{"GOOGLE_NODE_RUN_SCRIPTS":""},"dockerRepository":"projects/reservaeldia-7a440/locations/us-central1/repositories/gcf-artifacts","sourceProvenance":{"resolvedStorageSource":{"bucket":"gcf-v2-sources-860495975406-us-central1","object":"purgeTrashedPublications/function-source.zip","generation":"1785242974742391"}},"dockerRegistry":"ARTIFACT_REGISTRY","serviceAccount":"projects/reservaeldia-7a440/serviceAccounts/860495975406-compute@developer.gserviceaccount.com","automaticUpdatePolicy":{}},"serviceConfig":{"service":"projects/reservaeldia-7a440/locations/us-central1/services/purgetrashedpublications","timeoutSeconds":60,"environmentVariables":{"SUPERADMINS_UIDS":"8mvF9cwdbtYo2leAjO11cNxhaLV2","MERCADO_PAGO_PUBLIC_KEY":"APP_USR-a0795dce-baf8-48f6-98af-4defd053ad42","MERCADO_PAGO_ACCESS_TOKEN":"APP_USR-6752615657925923-021923-055cfbc93701d8acfdd153d25b9c4ac8-3215101753","MERCADO_PAGO_CLIENT_ID":"6752615657925923","MERCADO_PAGO_CLIENT_SECRET":"37OPj64uyGyNK2db7e3GBeqizFIF3fuL","MERCADO_PAGO_WEBHOOK_URL":"https://us-central1-reservaeldia-7a440.cloudfunctions.net/mercadoPagoWebhook","MP_WEBHOOK_SECRET":"27104730db6cc9a5f93bc49e4e3f9c70b22f6090845bf7e56d47f3aa2c1589c5","GOOGLE_MAPS_EMBED_API_KEY":"AIzaSyArR56EXHhdSZ1GmpPXwOELlDkoSK-FYrk","FIREBASE_CONFIG":"{\"projectId\":\"reservaeldia-7a440\",\"storageBucket\":\"reservaeldia-7a440.firebasestorage.app\"}","GCLOUD_PROJECT":"reservaeldia-7a440","EVENTARC_CLOUD_EVENT_SOURCE":"projects/reservaeldia-7a440/locations/us-central1/services/purgeTrashedPublications","FUNCTION_TARGET":"purgeTrashedPublications","LOG_EXECUTION_ID":"true","FUNCTION_SIGNATURE_TYPE":"http"},"maxInstanceCount":100,"ingressSettings":"ALLOW_ALL","uri":"https://purgetrashedpublications-vntxuytzsa-uc.a.run.app","serviceAccountEmail":"860495975406-compute@developer.gserviceaccount.com","availableMemory":"256Mi","allTrafficOnLatestRevision":true,"revision":"purgetrashedpublications-00162-yan","maxInstanceRequestConcurrency":1,"availableCpu":"0.1666"},"state":"ACTIVE","updateTime":"2026-07-28T12:50:12.494388423Z","labels":{"firebase-functions-hash":"d122378e98f45effe92711c767be8035f097d07d","deployment-tool":"cli-firebase","deployment-scheduled":"true"},"environment":"GEN_2","url":"https://us-central1-reservaeldia-7a440.cloudfunctions.net/purgeTrashedPublications","createTime":"2026-02-26T14:15:54.873924068Z","satisfiesPzi":true},{"name":"projects/reservaeldia-7a440/locations/us-central1/functions/onIconCatalogDocWriteV2","buildConfig":{"build":"projects/860495975406/locations/us-central1/builds/5266cd36-85e6-45b1-88c9-562c9573ebc1","runtime":"nodejs20","entryPoint":"onIconCatalogDocWriteV2","source":{"storageSource":{"bucket":"gcf-v2-sources-860495975406-us-central1","object":"onIconCatalogDocWriteV2/function-source.zip","generation":"1786035170439192"}},"environmentVariables":{"GOOGLE_NODE_RUN_SCRIPTS":""},"dockerRepository":"projects/reservaeldia-7a440/locations/us-central1/repositories/gcf-artifacts","sourceProvenance":{"resolvedStorageSource":{"bucket":"gcf-v2-sources-860495975406-us-central1","object":"onIconCatalogDocWriteV2/function-source.zip","generation":"1786035170439192"}},"dockerRegistry":"ARTIFACT_REGISTRY","serviceAccount":"projects/reservaeldia-7a440/serviceAccounts/860495975406-compute@developer.gserviceaccount.com","automaticUpdatePolicy":{}},"serviceConfig":{"service":"projects/reservaeldia-7a440/locations/us-central1/services/oniconcatalogdocwritev2","timeoutSeconds":60,"environmentVariables":{"SUPERADMINS_UIDS":"8mvF9cwdbtYo2leAjO11cNxhaLV2","MERCADO_PAGO_PUBLIC_KEY":"APP_USR-a0795dce-baf8-48f6-98af-4defd053ad42","MERCADO_PAGO_ACCESS_TOKEN":"APP_USR-6752615657925923-021923-055cfbc93701d8acfdd153d25b9c4ac8-3215101753","MERCADO_PAGO_CLIENT_ID":"6752615657925923","MERCADO_PAGO_CLIENT_SECRET":"37OPj64uyGyNK2db7e3GBeqizFIF3fuL","MERCADO_PAGO_WEBHOOK_URL":"https://us-central1-reservaeldia-7a440.cloudfunctions.net/mercadoPagoWebhook","MP_WEBHOOK_SECRET":"27104730db6cc9a5f93bc49e4e3f9c70b22f6090845bf7e56d47f3aa2c1589c5","GOOGLE_MAPS_EMBED_API_KEY":"AIzaSyArR56EXHhdSZ1GmpPXwOELlDkoSK-FYrk","FIREBASE_CONFIG":"{\"projectId\":\"reservaeldia-7a440\",\"storageBucket\":\"reservaeldia-7a440.firebasestorage.app\"}","GCLOUD_PROJECT":"reservaeldia-7a440","EVENTARC_CLOUD_EVENT_SOURCE":"projects/reservaeldia-7a440/locations/us-central1/services/onIconCatalogDocWriteV2","FUNCTION_SIGNATURE_TYPE":"cloudevent","FUNCTION_TARGET":"onIconCatalogDocWriteV2","LOG_EXECUTION_ID":"true"},"maxInstanceCount":100,"ingressSettings":"ALLOW_ALL","uri":"https://oniconcatalogdocwritev2-vntxuytzsa-uc.a.run.app","serviceAccountEmail":"860495975406-compute@developer.gserviceaccount.com","availableMemory":"256Mi","allTrafficOnLatestRevision":true,"revision":"oniconcatalogdocwritev2-00175-sif","maxInstanceRequestConcurrency":1,"availableCpu":"0.1666"},"eventTrigger":{"trigger":"projects/reservaeldia-7a440/locations/southamerica-east1/triggers/oniconcatalogdocwritev2-900687","triggerRegion":"southamerica-east1","eventType":"google.cloud.firestore.document.v1.written","eventFilters":[{"attribute":"namespace","value":"(default)"},{"attribute":"document","value":"iconos/{iconId}","operator":"match-path-pattern"},{"attribute":"database","value":"(default)"}],"pubsubTopic":"projects/reservaeldia-7a440/topics/eventarc-southamerica-east1-oniconcatalogdocwritev2-900687-141","serviceAccountEmail":"860495975406-compute@developer.gserviceaccount.com","retryPolicy":"RETRY_POLICY_DO_NOT_RETRY"},"state":"ACTIVE","updateTime":"2026-08-06T16:54:51.217071626Z","labels":{"deployment-tool":"cli-firebase","firebase-functions-hash":"5efaf1777d259b9855b4eeb91a96fbac3aed1a65"},"environment":"GEN_2","url":"https://us-central1-reservaeldia-7a440.cloudfunctions.net/onIconCatalogDocWriteV2","createTime":"2026-03-01T13:45:57.907254867Z","satisfiesPzi":true},{"name":"projects/reservaeldia-7a440/locations/us-central1/functions/adminGetPricingConfigV1","buildConfig":{"build":"projects/860495975406/locations/us-central1/builds/63ad86be-fd19-48aa-8e52-b5898bc22654","runtime":"nodejs20","entryPoint":"adminGetPricingConfigV1","source":{"storageSource":{"bucket":"gcf-v2-sources-860495975406-us-central1","object":"adminGetPricingConfigV1/function-source.zip","generation":"1786034146483821"}},"environmentVariables":{"GOOGLE_NODE_RUN_SCRIPTS":""},"dockerRepository":"projects/reservaeldia-7a440/locations/us-central1/repositories/gcf-artifacts","sourceProvenance":{"resolvedStorageSource":{"bucket":"gcf-v2-sources-860495975406-us-central1","object":"adminGetPricingConfigV1/function-source.zip","generation":"1786034146483821"}},"dockerRegistry":"ARTIFACT_REGISTRY","serviceAccount":"projects/reservaeldia-7a440/serviceAccounts/860495975406-compute@developer.gserviceaccount.com","automaticUpdatePolicy":{}},"serviceConfig":{"service":"projects/reservaeldia-7a440/locations/us-central1/services/admingetpricingconfigv1","timeoutSeconds":60,"environmentVariables":{"SUPERADMINS_UIDS":"8mvF9cwdbtYo2leAjO11cNxhaLV2","MERCADO_PAGO_PUBLIC_KEY":"APP_USR-a0795dce-baf8-48f6-98af-4defd053ad42","MERCADO_PAGO_ACCESS_TOKEN":"APP_USR-6752615657925923-021923-055cfbc93701d8acfdd153d25b9c4ac8-3215101753","MERCADO_PAGO_CLIENT_ID":"6752615657925923","MERCADO_PAGO_CLIENT_SECRET":"37OPj64uyGyNK2db7e3GBeqizFIF3fuL","MERCADO_PAGO_WEBHOOK_URL":"https://us-central1-reservaeldia-7a440.cloudfunctions.net/mercadoPagoWebhook","MP_WEBHOOK_SECRET":"27104730db6cc9a5f93bc49e4e3f9c70b22f6090845bf7e56d47f3aa2c1589c5","GOOGLE_MAPS_EMBED_API_KEY":"AIzaSyArR56EXHhdSZ1GmpPXwOELlDkoSK-FYrk","FIREBASE_CONFIG":"{\"projectId\":\"reservaeldia-7a440\",\"storageBucket\":\"reservaeldia-7a440.firebasestorage.app\"}","GCLOUD_PROJECT":"reservaeldia-7a440","EVENTARC_CLOUD_EVENT_SOURCE":"projects/reservaeldia-7a440/locations/us-central1/services/adminGetPricingConfigV1","FUNCTION_TARGET":"adminGetPricingConfigV1","LOG_EXECUTION_ID":"true","FUNCTION_SIGNATURE_TYPE":"http"},"maxInstanceCount":100,"ingressSettings":"ALLOW_ALL","uri":"https://admingetpricingconfigv1-vntxuytzsa-uc.a.run.app","serviceAccountEmail":"860495975406-compute@developer.gserviceaccount.com","availableMemory":"256Mi","allTrafficOnLatestRevision":true,"revision":"admingetpricingconfigv1-00156-bop","maxInstanceRequestConcurrency":1,"availableCpu":"0.1666"},"state":"ACTIVE","updateTime":"2026-08-06T16:36:05.492282993Z","labels":{"firebase-functions-hash":"5efaf1777d259b9855b4eeb91a96fbac3aed1a65","deployment-tool":"cli-firebase","deployment-callable":"true"},"environment":"GEN_2","url":"https://us-central1-reservaeldia-7a440.cloudfunctions.net/adminGetPricingConfigV1","createTime":"2026-03-15T02:16:57.819836325Z","satisfiesPzi":true},{"name":"projects/reservaeldia-7a440/locations/us-central1/functions/hardDeleteLegacyPublication","buildConfig":{"build":"projects/860495975406/locations/us-central1/builds/b999ae30-31df-40f4-b488-6cb2027bfedb","runtime":"nodejs20","entryPoint":"hardDeleteLegacyPublication","source":{"storageSource":{"bucket":"gcf-v2-sources-860495975406-us-central1","object":"hardDeleteLegacyPublication/function-source.zip","generation":"1786035080804092"}},"environmentVariables":{"GOOGLE_NODE_RUN_SCRIPTS":""},"dockerRepository":"projects/reservaeldia-7a440/locations/us-central1/repositories/gcf-artifacts","sourceProvenance":{"resolvedStorageSource":{"bucket":"gcf-v2-sources-860495975406-us-central1","object":"hardDeleteLegacyPublication/function-source.zip","generation":"1786035080804092"}},"dockerRegistry":"ARTIFACT_REGISTRY","serviceAccount":"projects/reservaeldia-7a440/serviceAccounts/860495975406-compute@developer.gserviceaccount.com","automaticUpdatePolicy":{}},"serviceConfig":{"service":"projects/reservaeldia-7a440/locations/us-central1/services/harddeletelegacypublication","timeoutSeconds":60,"environmentVariables":{"SUPERADMINS_UIDS":"8mvF9cwdbtYo2leAjO11cNxhaLV2","MERCADO_PAGO_PUBLIC_KEY":"APP_USR-a0795dce-baf8-48f6-98af-4defd053ad42","MERCADO_PAGO_ACCESS_TOKEN":"APP_USR-6752615657925923-021923-055cfbc93701d8acfdd153d25b9c4ac8-3215101753","MERCADO_PAGO_CLIENT_ID":"6752615657925923","MERCADO_PAGO_CLIENT_SECRET":"37OPj64uyGyNK2db7e3GBeqizFIF3fuL","MERCADO_PAGO_WEBHOOK_URL":"https://us-central1-reservaeldia-7a440.cloudfunctions.net/mercadoPagoWebhook","MP_WEBHOOK_SECRET":"27104730db6cc9a5f93bc49e4e3f9c70b22f6090845bf7e56d47f3aa2c1589c5","GOOGLE_MAPS_EMBED_API_KEY":"AIzaSyArR56EXHhdSZ1GmpPXwOELlDkoSK-FYrk","FIREBASE_CONFIG":"{\"projectId\":\"reservaeldia-7a440\",\"storageBucket\":\"reservaeldia-7a440.firebasestorage.app\"}","GCLOUD_PROJECT":"reservaeldia-7a440","EVENTARC_CLOUD_EVENT_SOURCE":"projects/reservaeldia-7a440/locations/us-central1/services/hardDeleteLegacyPublication","FUNCTION_TARGET":"hardDeleteLegacyPublication","LOG_EXECUTION_ID":"true","FUNCTION_SIGNATURE_TYPE":"http"},"maxInstanceCount":100,"ingressSettings":"ALLOW_ALL","uri":"https://harddeletelegacypublication-vntxuytzsa-uc.a.run.app","serviceAccountEmail":"860495975406-compute@developer.gserviceaccount.com","availableMemory":"256Mi","allTrafficOnLatestRevision":true,"revision":"harddeletelegacypublication-00166-yep","maxInstanceRequestConcurrency":1,"availableCpu":"0.1666"},"state":"ACTIVE","updateTime":"2026-08-06T16:51:48.671428268Z","labels":{"deployment-tool":"cli-firebase","deployment-callable":"true","firebase-functions-hash":"5efaf1777d259b9855b4eeb91a96fbac3aed1a65"},"environment":"GEN_2","url":"https://us-central1-reservaeldia-7a440.cloudfunctions.net/hardDeleteLegacyPublication","createTime":"2026-02-26T12:07:20.630402847Z","satisfiesPzi":true},{"name":"projects/reservaeldia-7a440/locations/us-central1/functions/getAdminUserByEmail","buildConfig":{"build":"projects/860495975406/locations/us-central1/builds/7d221b80-df8a-44b4-8701-79eec488f161","runtime":"nodejs20","entryPoint":"getAdminUserByEmail","source":{"storageSource":{"bucket":"gcf-v2-sources-860495975406-us-central1","object":"getAdminUserByEmail/function-source.zip","generation":"1786034902654145"}},"environmentVariables":{"GOOGLE_NODE_RUN_SCRIPTS":""},"dockerRepository":"projects/reservaeldia-7a440/locations/us-central1/repositories/gcf-artifacts","sourceProvenance":{"resolvedStorageSource":{"bucket":"gcf-v2-sources-860495975406-us-central1","object":"getAdminUserByEmail/function-source.zip","generation":"1786034902654145"}},"dockerRegistry":"ARTIFACT_REGISTRY","serviceAccount":"projects/reservaeldia-7a440/serviceAccounts/860495975406-compute@developer.gserviceaccount.com","automaticUpdatePolicy":{}},"serviceConfig":{"service":"projects/reservaeldia-7a440/locations/us-central1/services/getadminuserbyemail","timeoutSeconds":60,"environmentVariables":{"SUPERADMINS_UIDS":"8mvF9cwdbtYo2leAjO11cNxhaLV2","MERCADO_PAGO_PUBLIC_KEY":"APP_USR-a0795dce-baf8-48f6-98af-4defd053ad42","MERCADO_PAGO_ACCESS_TOKEN":"APP_USR-6752615657925923-021923-055cfbc93701d8acfdd153d25b9c4ac8-3215101753","MERCADO_PAGO_CLIENT_ID":"6752615657925923","MERCADO_PAGO_CLIENT_SECRET":"37OPj64uyGyNK2db7e3GBeqizFIF3fuL","MERCADO_PAGO_WEBHOOK_URL":"https://us-central1-reservaeldia-7a440.cloudfunctions.net/mercadoPagoWebhook","MP_WEBHOOK_SECRET":"27104730db6cc9a5f93bc49e4e3f9c70b22f6090845bf7e56d47f3aa2c1589c5","GOOGLE_MAPS_EMBED_API_KEY":"AIzaSyArR56EXHhdSZ1GmpPXwOELlDkoSK-FYrk","FIREBASE_CONFIG":"{\"projectId\":\"reservaeldia-7a440\",\"storageBucket\":\"reservaeldia-7a440.firebasestorage.app\"}","GCLOUD_PROJECT":"reservaeldia-7a440","EVENTARC_CLOUD_EVENT_SOURCE":"projects/reservaeldia-7a440/locations/us-central1/services/getAdminUserByEmail","FUNCTION_TARGET":"getAdminUserByEmail","LOG_EXECUTION_ID":"true","FUNCTION_SIGNATURE_TYPE":"http"},"maxInstanceCount":100,"ingressSettings":"ALLOW_ALL","uri":"https://getadminuserbyemail-vntxuytzsa-uc.a.run.app","serviceAccountEmail":"860495975406-compute@developer.gserviceaccount.com","availableMemory":"256Mi","allTrafficOnLatestRevision":true,"revision":"getadminuserbyemail-00255-han","maxInstanceRequestConcurrency":1,"availableCpu":"0.1666"},"state":"ACTIVE","updateTime":"2026-08-06T16:49:08.129457292Z","labels":{"firebase-functions-hash":"5efaf1777d259b9855b4eeb91a96fbac3aed1a65","deployment-tool":"cli-firebase","deployment-callable":"true"},"environment":"GEN_2","url":"https://us-central1-reservaeldia-7a440.cloudfunctions.net/getAdminUserByEmail","createTime":"2026-02-17T19:25:32.135821478Z","satisfiesPzi":true},{"name":"projects/reservaeldia-7a440/locations/us-central1/functions/setAdminClaim","buildConfig":{"build":"projects/860495975406/locations/us-central1/builds/449a8d66-dac3-45d6-b03c-c0736506979a","runtime":"nodejs20","entryPoint":"setAdminClaim","source":{"storageSource":{"bucket":"gcf-v2-sources-860495975406-us-central1","object":"setAdminClaim/function-source.zip","generation":"1785243148543215"}},"environmentVariables":{"GOOGLE_NODE_RUN_SCRIPTS":""},"dockerRepository":"projects/reservaeldia-7a440/locations/us-central1/repositories/gcf-artifacts","sourceProvenance":{"resolvedStorageSource":{"bucket":"gcf-v2-sources-860495975406-us-central1","object":"setAdminClaim/function-source.zip","generation":"1785243148543215"}},"dockerRegistry":"ARTIFACT_REGISTRY","serviceAccount":"projects/reservaeldia-7a440/serviceAccounts/860495975406-compute@developer.gserviceaccount.com","automaticUpdatePolicy":{}},"serviceConfig":{"service":"projects/reservaeldia-7a440/locations/us-central1/services/setadminclaim","timeoutSeconds":60,"environmentVariables":{"SUPERADMINS_UIDS":"8mvF9cwdbtYo2leAjO11cNxhaLV2","MERCADO_PAGO_PUBLIC_KEY":"APP_USR-a0795dce-baf8-48f6-98af-4defd053ad42","MERCADO_PAGO_ACCESS_TOKEN":"APP_USR-6752615657925923-021923-055cfbc93701d8acfdd153d25b9c4ac8-3215101753","MERCADO_PAGO_CLIENT_ID":"6752615657925923","MERCADO_PAGO_CLIENT_SECRET":"37OPj64uyGyNK2db7e3GBeqizFIF3fuL","MERCADO_PAGO_WEBHOOK_URL":"https://us-central1-reservaeldia-7a440.cloudfunctions.net/mercadoPagoWebhook","MP_WEBHOOK_SECRET":"27104730db6cc9a5f93bc49e4e3f9c70b22f6090845bf7e56d47f3aa2c1589c5","GOOGLE_MAPS_EMBED_API_KEY":"AIzaSyArR56EXHhdSZ1GmpPXwOELlDkoSK-FYrk","FIREBASE_CONFIG":"{\"projectId\":\"reservaeldia-7a440\",\"storageBucket\":\"reservaeldia-7a440.firebasestorage.app\"}","GCLOUD_PROJECT":"reservaeldia-7a440","EVENTARC_CLOUD_EVENT_SOURCE":"projects/reservaeldia-7a440/locations/us-central1/services/setAdminClaim","FUNCTION_TARGET":"setAdminClaim","LOG_EXECUTION_ID":"true","FUNCTION_SIGNATURE_TYPE":"http"},"maxInstanceCount":100,"ingressSettings":"ALLOW_ALL","uri":"https://setadminclaim-vntxuytzsa-uc.a.run.app","serviceAccountEmail":"860495975406-compute@developer.gserviceaccount.com","availableMemory":"256Mi","allTrafficOnLatestRevision":true,"revision":"setadminclaim-00285-nup","maxInstanceRequestConcurrency":1,"availableCpu":"0.1666"},"state":"ACTIVE","updateTime":"2026-07-28T12:53:18.260481127Z","labels":{"deployment-tool":"cli-firebase","deployment-callable":"true","firebase-functions-hash":"d122378e98f45effe92711c767be8035f097d07d"},"environment":"GEN_2","url":"https://us-central1-reservaeldia-7a440.cloudfunctions.net/setAdminClaim","createTime":"2026-01-22T21:22:26.977752792Z","satisfiesPzi":true},{"name":"projects/reservaeldia-7a440/locations/us-central1/functions/adminCreateTemplateFromDraftV1","buildConfig":{"build":"projects/860495975406/locations/us-central1/builds/63ad86be-fd19-48aa-8e52-b5898bc22654","runtime":"nodejs20","entryPoint":"adminCreateTemplateFromDraftV1","source":{"storageSource":{"bucket":"gcf-v2-sources-860495975406-us-central1","object":"adminCreateTemplateFromDraftV1/function-source.zip","generation":"1786034147139769"}},"environmentVariables":{"GOOGLE_NODE_RUN_SCRIPTS":""},"dockerRepository":"projects/reservaeldia-7a440/locations/us-central1/repositories/gcf-artifacts","sourceProvenance":{"resolvedStorageSource":{"bucket":"gcf-v2-sources-860495975406-us-central1","object":"adminCreateTemplateFromDraftV1/function-source.zip","generation":"1786034147139769"}},"dockerRegistry":"ARTIFACT_REGISTRY","serviceAccount":"projects/reservaeldia-7a440/serviceAccounts/860495975406-compute@developer.gserviceaccount.com","automaticUpdatePolicy":{}},"serviceConfig":{"service":"projects/reservaeldia-7a440/locations/us-central1/services/admincreatetemplatefromdraftv1","timeoutSeconds":60,"environmentVariables":{"SUPERADMINS_UIDS":"8mvF9cwdbtYo2leAjO11cNxhaLV2","MERCADO_PAGO_PUBLIC_KEY":"APP_USR-a0795dce-baf8-48f6-98af-4defd053ad42","MERCADO_PAGO_ACCESS_TOKEN":"APP_USR-6752615657925923-021923-055cfbc93701d8acfdd153d25b9c4ac8-3215101753","MERCADO_PAGO_CLIENT_ID":"6752615657925923","MERCADO_PAGO_CLIENT_SECRET":"37OPj64uyGyNK2db7e3GBeqizFIF3fuL","MERCADO_PAGO_WEBHOOK_URL":"https://us-central1-reservaeldia-7a440.cloudfunctions.net/mercadoPagoWebhook","MP_WEBHOOK_SECRET":"27104730db6cc9a5f93bc49e4e3f9c70b22f6090845bf7e56d47f3aa2c1589c5","GOOGLE_MAPS_EMBED_API_KEY":"AIzaSyArR56EXHhdSZ1GmpPXwOELlDkoSK-FYrk","FIREBASE_CONFIG":"{\"projectId\":\"reservaeldia-7a440\",\"storageBucket\":\"reservaeldia-7a440.firebasestorage.app\"}","GCLOUD_PROJECT":"reservaeldia-7a440","EVENTARC_CLOUD_EVENT_SOURCE":"projects/reservaeldia-7a440/locations/us-central1/services/adminCreateTemplateFromDraftV1","FUNCTION_TARGET":"adminCreateTemplateFromDraftV1","LOG_EXECUTION_ID":"true","FUNCTION_SIGNATURE_TYPE":"http"},"maxInstanceCount":100,"ingressSettings":"ALLOW_ALL","uri":"https://admincreatetemplatefromdraftv1-vntxuytzsa-uc.a.run.app","serviceAccountEmail":"860495975406-compute@developer.gserviceaccount.com","availableMemory":"256Mi","allTrafficOnLatestRevision":true,"revision":"admincreatetemplatefromdraftv1-00171-gub","maxInstanceRequestConcurrency":1,"availableCpu":"0.1666"},"state":"ACTIVE","updateTime":"2026-08-06T16:36:06.785304342Z","labels":{"deployment-tool":"cli-firebase","deployment-callable":"true","firebase-functions-hash":"5efaf1777d259b9855b4eeb91a96fbac3aed1a65"},"environment":"GEN_2","url":"https://us-central1-reservaeldia-7a440.cloudfunctions.net/adminCreateTemplateFromDraftV1","createTime":"2026-03-12T21:47:40.839443591Z","satisfiesPzi":true},{"name":"projects/reservaeldia-7a440/locations/us-central1/functions/adminPatchIconMetadataV2","buildConfig":{"build":"projects/860495975406/locations/us-central1/builds/57e95542-d7dd-437d-98c6-b8d327037379","runtime":"nodejs20","entryPoint":"adminPatchIconMetadataV2","source":{"storageSource":{"bucket":"gcf-v2-sources-860495975406-us-central1","object":"adminPatchIconMetadataV2/function-source.zip","generation":"1786034373807160"}},"environmentVariables":{"GOOGLE_NODE_RUN_SCRIPTS":""},"dockerRepository":"projects/reservaeldia-7a440/locations/us-central1/repositories/gcf-artifacts","sourceProvenance":{"resolvedStorageSource":{"bucket":"gcf-v2-sources-860495975406-us-central1","object":"adminPatchIconMetadataV2/function-source.zip","generation":"1786034373807160"}},"dockerRegistry":"ARTIFACT_REGISTRY","serviceAccount":"projects/reservaeldia-7a440/serviceAccounts/860495975406-compute@developer.gserviceaccount.com","automaticUpdatePolicy":{}},"serviceConfig":{"service":"projects/reservaeldia-7a440/locations/us-central1/services/adminpatchiconmetadatav2","timeoutSeconds":60,"environmentVariables":{"SUPERADMINS_UIDS":"8mvF9cwdbtYo2leAjO11cNxhaLV2","MERCADO_PAGO_PUBLIC_KEY":"APP_USR-a0795dce-baf8-48f6-98af-4defd053ad42","MERCADO_PAGO_ACCESS_TOKEN":"APP_USR-6752615657925923-021923-055cfbc93701d8acfdd153d25b9c4ac8-3215101753","MERCADO_PAGO_CLIENT_ID":"6752615657925923","MERCADO_PAGO_CLIENT_SECRET":"37OPj64uyGyNK2db7e3GBeqizFIF3fuL","MERCADO_PAGO_WEBHOOK_URL":"https://us-central1-reservaeldia-7a440.cloudfunctions.net/mercadoPagoWebhook","MP_WEBHOOK_SECRET":"27104730db6cc9a5f93bc49e4e3f9c70b22f6090845bf7e56d47f3aa2c1589c5","GOOGLE_MAPS_EMBED_API_KEY":"AIzaSyArR56EXHhdSZ1GmpPXwOELlDkoSK-FYrk","FIREBASE_CONFIG":"{\"projectId\":\"reservaeldia-7a440\",\"storageBucket\":\"reservaeldia-7a440.firebasestorage.app\"}","GCLOUD_PROJECT":"reservaeldia-7a440","EVENTARC_CLOUD_EVENT_SOURCE":"projects/reservaeldia-7a440/locations/us-central1/services/adminPatchIconMetadataV2","FUNCTION_TARGET":"adminPatchIconMetadataV2","LOG_EXECUTION_ID":"true"},"maxInstanceCount":100,"ingressSettings":"ALLOW_ALL","uri":"https://adminpatchiconmetadatav2-vntxuytzsa-uc.a.run.app","serviceAccountEmail":"860495975406-compute@developer.gserviceaccount.com","availableMemory":"256Mi","allTrafficOnLatestRevision":true,"revision":"adminpatchiconmetadatav2-00184-kuq","maxInstanceRequestConcurrency":1,"availableCpu":"0.1666"},"state":"ACTIVE","updateTime":"2026-08-06T16:40:47.166832229Z","labels":{"deployment-callable":"true","firebase-functions-hash":"5efaf1777d259b9855b4eeb91a96fbac3aed1a65","deployment-tool":"cli-firebase"},"environment":"GEN_2","url":"https://us-central1-reservaeldia-7a440.cloudfunctions.net/adminPatchIconMetadataV2","createTime":"2026-03-01T13:41:05.582782104Z","satisfiesPzi":true},{"name":"projects/reservaeldia-7a440/locations/us-central1/functions/listTextPresetsPublicV1","buildConfig":{"build":"projects/860495975406/locations/us-central1/builds/60c261c2-c5d1-4ee9-8c1e-0439e139ea86","runtime":"nodejs20","entryPoint":"listTextPresetsPublicV1","source":{"storageSource":{"bucket":"gcf-v2-sources-860495975406-us-central1","object":"listTextPresetsPublicV1/function-source.zip","generation":"1785242812925718"}},"environmentVariables":{"GOOGLE_NODE_RUN_SCRIPTS":""},"dockerRepository":"projects/reservaeldia-7a440/locations/us-central1/repositories/gcf-artifacts","sourceProvenance":{"resolvedStorageSource":{"bucket":"gcf-v2-sources-860495975406-us-central1","object":"listTextPresetsPublicV1/function-source.zip","generation":"1785242812925718"}},"dockerRegistry":"ARTIFACT_REGISTRY","serviceAccount":"projects/reservaeldia-7a440/serviceAccounts/860495975406-compute@developer.gserviceaccount.com","automaticUpdatePolicy":{}},"serviceConfig":{"service":"projects/reservaeldia-7a440/locations/us-central1/services/listtextpresetspublicv1","timeoutSeconds":60,"environmentVariables":{"SUPERADMINS_UIDS":"8mvF9cwdbtYo2leAjO11cNxhaLV2","MERCADO_PAGO_PUBLIC_KEY":"APP_USR-a0795dce-baf8-48f6-98af-4defd053ad42","MERCADO_PAGO_ACCESS_TOKEN":"APP_USR-6752615657925923-021923-055cfbc93701d8acfdd153d25b9c4ac8-3215101753","MERCADO_PAGO_CLIENT_ID":"6752615657925923","MERCADO_PAGO_CLIENT_SECRET":"37OPj64uyGyNK2db7e3GBeqizFIF3fuL","MERCADO_PAGO_WEBHOOK_URL":"https://us-central1-reservaeldia-7a440.cloudfunctions.net/mercadoPagoWebhook","MP_WEBHOOK_SECRET":"27104730db6cc9a5f93bc49e4e3f9c70b22f6090845bf7e56d47f3aa2c1589c5","GOOGLE_MAPS_EMBED_API_KEY":"AIzaSyArR56EXHhdSZ1GmpPXwOELlDkoSK-FYrk","FIREBASE_CONFIG":"{\"projectId\":\"reservaeldia-7a440\",\"storageBucket\":\"reservaeldia-7a440.firebasestorage.app\"}","GCLOUD_PROJECT":"reservaeldia-7a440","EVENTARC_CLOUD_EVENT_SOURCE":"projects/reservaeldia-7a440/locations/us-central1/services/listTextPresetsPublicV1","FUNCTION_TARGET":"listTextPresetsPublicV1","LOG_EXECUTION_ID":"true","FUNCTION_SIGNATURE_TYPE":"http"},"maxInstanceCount":100,"ingressSettings":"ALLOW_ALL","uri":"https://listtextpresetspublicv1-vntxuytzsa-uc.a.run.app","serviceAccountEmail":"860495975406-compute@developer.gserviceaccount.com","availableMemory":"256Mi","allTrafficOnLatestRevision":true,"revision":"listtextpresetspublicv1-00168-kay","maxInstanceRequestConcurrency":1,"availableCpu":"0.1666"},"state":"ACTIVE","updateTime":"2026-07-28T12:47:26.097581587Z","labels":{"deployment-tool":"cli-firebase","deployment-callable":"true","firebase-functions-hash":"d122378e98f45effe92711c767be8035f097d07d"},"environment":"GEN_2","url":"https://us-central1-reservaeldia-7a440.cloudfunctions.net/listTextPresetsPublicV1","createTime":"2026-03-02T13:27:17.088683328Z","satisfiesPzi":true},{"name":"projects/reservaeldia-7a440/locations/us-central1/functions/duplicateCountdownPreset","buildConfig":{"build":"projects/860495975406/locations/us-central1/builds/cca5cf55-789d-4371-bd8c-c387d4e9200b","runtime":"nodejs20","entryPoint":"duplicateCountdownPreset","source":{"storageSource":{"bucket":"gcf-v2-sources-860495975406-us-central1","object":"duplicateCountdownPreset/function-source.zip","generation":"1786035315818580"}},"environmentVariables":{"GOOGLE_NODE_RUN_SCRIPTS":""},"dockerRepository":"projects/reservaeldia-7a440/locations/us-central1/repositories/gcf-artifacts","sourceProvenance":{"resolvedStorageSource":{"bucket":"gcf-v2-sources-860495975406-us-central1","object":"duplicateCountdownPreset/function-source.zip","generation":"1786035315818580"}},"dockerRegistry":"ARTIFACT_REGISTRY","serviceAccount":"projects/reservaeldia-7a440/serviceAccounts/860495975406-compute@developer.gserviceaccount.com","automaticUpdatePolicy":{}},"serviceConfig":{"service":"projects/reservaeldia-7a440/locations/us-central1/services/duplicatecountdownpreset","timeoutSeconds":60,"environmentVariables":{"SUPERADMINS_UIDS":"8mvF9cwdbtYo2leAjO11cNxhaLV2","MERCADO_PAGO_PUBLIC_KEY":"APP_USR-a0795dce-baf8-48f6-98af-4defd053ad42","MERCADO_PAGO_ACCESS_TOKEN":"APP_USR-6752615657925923-021923-055cfbc93701d8acfdd153d25b9c4ac8-3215101753","MERCADO_PAGO_CLIENT_ID":"6752615657925923","MERCADO_PAGO_CLIENT_SECRET":"37OPj64uyGyNK2db7e3GBeqizFIF3fuL","MERCADO_PAGO_WEBHOOK_URL":"https://us-central1-reservaeldia-7a440.cloudfunctions.net/mercadoPagoWebhook","MP_WEBHOOK_SECRET":"27104730db6cc9a5f93bc49e4e3f9c70b22f6090845bf7e56d47f3aa2c1589c5","GOOGLE_MAPS_EMBED_API_KEY":"AIzaSyArR56EXHhdSZ1GmpPXwOELlDkoSK-FYrk","FIREBASE_CONFIG":"{\"projectId\":\"reservaeldia-7a440\",\"storageBucket\":\"reservaeldia-7a440.firebasestorage.app\"}","GCLOUD_PROJECT":"reservaeldia-7a440","EVENTARC_CLOUD_EVENT_SOURCE":"projects/reservaeldia-7a440/locations/us-central1/services/duplicateCountdownPreset","FUNCTION_TARGET":"duplicateCountdownPreset","LOG_EXECUTION_ID":"true","FUNCTION_SIGNATURE_TYPE":"http"},"maxInstanceCount":100,"ingressSettings":"ALLOW_ALL","uri":"https://duplicatecountdownpreset-vntxuytzsa-uc.a.run.app","serviceAccountEmail":"860495975406-compute@developer.gserviceaccount.com","availableMemory":"256Mi","allTrafficOnLatestRevision":true,"revision":"duplicatecountdownpreset-00010-xot","maxInstanceRequestConcurrency":1,"availableCpu":"0.1666"},"state":"ACTIVE","updateTime":"2026-08-06T16:55:27.062374511Z","labels":{"deployment-tool":"cli-firebase","deployment-callable":"true","firebase-functions-hash":"5efaf1777d259b9855b4eeb91a96fbac3aed1a65"},"environment":"GEN_2","url":"https://us-central1-reservaeldia-7a440.cloudfunctions.net/duplicateCountdownPreset","createTime":"2026-07-24T03:05:28.229852258Z","satisfiesPzi":true},{"name":"projects/reservaeldia-7a440/locations/us-central1/functions/adminRestoreTemplateFromTrashV1","buildConfig":{"build":"projects/860495975406/locations/us-central1/builds/57e95542-d7dd-437d-98c6-b8d327037379","runtime":"nodejs20","entryPoint":"adminRestoreTemplateFromTrashV1","source":{"storageSource":{"bucket":"gcf-v2-sources-860495975406-us-central1","object":"adminRestoreTemplateFromTrashV1/function-source.zip","generation":"1786034438393742"}},"environmentVariables":{"GOOGLE_NODE_RUN_SCRIPTS":""},"dockerRepository":"projects/reservaeldia-7a440/locations/us-central1/repositories/gcf-artifacts","sourceProvenance":{"resolvedStorageSource":{"bucket":"gcf-v2-sources-860495975406-us-central1","object":"adminRestoreTemplateFromTrashV1/function-source.zip","generation":"1786034438393742"}},"dockerRegistry":"ARTIFACT_REGISTRY","serviceAccount":"projects/reservaeldia-7a440/serviceAccounts/860495975406-compute@developer.gserviceaccount.com","automaticUpdatePolicy":{}},"serviceConfig":{"service":"projects/reservaeldia-7a440/locations/us-central1/services/adminrestoretemplatefromtrashv1","timeoutSeconds":60,"environmentVariables":{"SUPERADMINS_UIDS":"8mvF9cwdbtYo2leAjO11cNxhaLV2","MERCADO_PAGO_PUBLIC_KEY":"APP_USR-a0795dce-baf8-48f6-98af-4defd053ad42","MERCADO_PAGO_ACCESS_TOKEN":"APP_USR-6752615657925923-021923-055cfbc93701d8acfdd153d25b9c4ac8-3215101753","MERCADO_PAGO_CLIENT_ID":"6752615657925923","MERCADO_PAGO_CLIENT_SECRET":"37OPj64uyGyNK2db7e3GBeqizFIF3fuL","MERCADO_PAGO_WEBHOOK_URL":"https://us-central1-reservaeldia-7a440.cloudfunctions.net/mercadoPagoWebhook","MP_WEBHOOK_SECRET":"27104730db6cc9a5f93bc49e4e3f9c70b22f6090845bf7e56d47f3aa2c1589c5","GOOGLE_MAPS_EMBED_API_KEY":"AIzaSyArR56EXHhdSZ1GmpPXwOELlDkoSK-FYrk","FIREBASE_CONFIG":"{\"projectId\":\"reservaeldia-7a440\",\"storageBucket\":\"reservaeldia-7a440.firebasestorage.app\"}","GCLOUD_PROJECT":"reservaeldia-7a440","EVENTARC_CLOUD_EVENT_SOURCE":"projects/reservaeldia-7a440/locations/us-central1/services/adminRestoreTemplateFromTrashV1","FUNCTION_TARGET":"adminRestoreTemplateFromTrashV1","LOG_EXECUTION_ID":"true","FUNCTION_SIGNATURE_TYPE":"http"},"maxInstanceCount":100,"ingressSettings":"ALLOW_ALL","uri":"https://adminrestoretemplatefromtrashv1-vntxuytzsa-uc.a.run.app","serviceAccountEmail":"860495975406-compute@developer.gserviceaccount.com","availableMemory":"256Mi","allTrafficOnLatestRevision":true,"revision":"adminrestoretemplatefromtrashv1-00161-lob","maxInstanceRequestConcurrency":1,"availableCpu":"0.1666"},"state":"ACTIVE","updateTime":"2026-08-06T16:40:49.667051865Z","labels":{"deployment-tool":"cli-firebase","deployment-callable":"true","firebase-functions-hash":"5efaf1777d259b9855b4eeb91a96fbac3aed1a65"},"environment":"GEN_2","url":"https://us-central1-reservaeldia-7a440.cloudfunctions.net/adminRestoreTemplateFromTrashV1","createTime":"2026-03-13T01:30:19.682674537Z","satisfiesPzi":true},{"name":"projects/reservaeldia-7a440/locations/us-central1/functions/borrarPlantilla","buildConfig":{"build":"projects/860495975406/locations/us-central1/builds/8ce2ba43-ac9e-4f0f-b576-ddda1866a519","runtime":"nodejs20","entryPoint":"borrarPlantilla","source":{"storageSource":{"bucket":"gcf-v2-sources-860495975406-us-central1","object":"borrarPlantilla/function-source.zip","generation":"1786034733129491"}},"environmentVariables":{"GOOGLE_NODE_RUN_SCRIPTS":""},"dockerRepository":"projects/reservaeldia-7a440/locations/us-central1/repositories/gcf-artifacts","sourceProvenance":{"resolvedStorageSource":{"bucket":"gcf-v2-sources-860495975406-us-central1","object":"borrarPlantilla/function-source.zip","generation":"1786034733129491"}},"dockerRegistry":"ARTIFACT_REGISTRY","serviceAccount":"projects/reservaeldia-7a440/serviceAccounts/860495975406-compute@developer.gserviceaccount.com","automaticUpdatePolicy":{}},"serviceConfig":{"service":"projects/reservaeldia-7a440/locations/us-central1/services/borrarplantilla","timeoutSeconds":60,"environmentVariables":{"SUPERADMINS_UIDS":"8mvF9cwdbtYo2leAjO11cNxhaLV2","MERCADO_PAGO_PUBLIC_KEY":"APP_USR-a0795dce-baf8-48f6-98af-4defd053ad42","MERCADO_PAGO_ACCESS_TOKEN":"APP_USR-6752615657925923-021923-055cfbc93701d8acfdd153d25b9c4ac8-3215101753","MERCADO_PAGO_CLIENT_ID":"6752615657925923","MERCADO_PAGO_CLIENT_SECRET":"37OPj64uyGyNK2db7e3GBeqizFIF3fuL","MERCADO_PAGO_WEBHOOK_URL":"https://us-central1-reservaeldia-7a440.cloudfunctions.net/mercadoPagoWebhook","MP_WEBHOOK_SECRET":"27104730db6cc9a5f93bc49e4e3f9c70b22f6090845bf7e56d47f3aa2c1589c5","GOOGLE_MAPS_EMBED_API_KEY":"AIzaSyArR56EXHhdSZ1GmpPXwOELlDkoSK-FYrk","FIREBASE_CONFIG":"{\"projectId\":\"reservaeldia-7a440\",\"storageBucket\":\"reservaeldia-7a440.firebasestorage.app\"}","GCLOUD_PROJECT":"reservaeldia-7a440","EVENTARC_CLOUD_EVENT_SOURCE":"projects/reservaeldia-7a440/locations/us-central1/services/borrarPlantilla","FUNCTION_TARGET":"borrarPlantilla","LOG_EXECUTION_ID":"true","FUNCTION_SIGNATURE_TYPE":"http"},"maxInstanceCount":100,"ingressSettings":"ALLOW_ALL","uri":"https://borrarplantilla-vntxuytzsa-uc.a.run.app","serviceAccountEmail":"860495975406-compute@developer.gserviceaccount.com","availableMemory":"256Mi","allTrafficOnLatestRevision":true,"revision":"borrarplantilla-00292-hic","maxInstanceRequestConcurrency":1,"availableCpu":"0.1666"},"state":"ACTIVE","updateTime":"2026-08-06T16:46:09.909361568Z","labels":{"deployment-callable":"true","firebase-functions-hash":"5efaf1777d259b9855b4eeb91a96fbac3aed1a65","deployment-tool":"cli-firebase"},"environment":"GEN_2","url":"https://us-central1-reservaeldia-7a440.cloudfunctions.net/borrarPlantilla","createTime":"2026-01-22T23:48:20.203206632Z","satisfiesPzi":true},{"name":"projects/reservaeldia-7a440/locations/us-central1/functions/publicarInvitacion","buildConfig":{"build":"projects/860495975406/locations/us-central1/builds/8862f1e9-5347-448a-b666-d8ed85862372","runtime":"nodejs20","entryPoint":"publicarInvitacion","source":{"storageSource":{"bucket":"gcf-v2-sources-860495975406-us-central1","object":"publicarInvitacion/function-source.zip","generation":"1785242986888208"}},"environmentVariables":{"GOOGLE_NODE_RUN_SCRIPTS":""},"dockerRepository":"projects/reservaeldia-7a440/locations/us-central1/repositories/gcf-artifacts","sourceProvenance":{"resolvedStorageSource":{"bucket":"gcf-v2-sources-860495975406-us-central1","object":"publicarInvitacion/function-source.zip","generation":"1785242986888208"}},"dockerRegistry":"ARTIFACT_REGISTRY","serviceAccount":"projects/reservaeldia-7a440/serviceAccounts/860495975406-compute@developer.gserviceaccount.com","automaticUpdatePolicy":{}},"serviceConfig":{"service":"projects/reservaeldia-7a440/locations/us-central1/services/publicarinvitacion","timeoutSeconds":60,"environmentVariables":{"SUPERADMINS_UIDS":"8mvF9cwdbtYo2leAjO11cNxhaLV2","MERCADO_PAGO_PUBLIC_KEY":"APP_USR-a0795dce-baf8-48f6-98af-4defd053ad42","MERCADO_PAGO_ACCESS_TOKEN":"APP_USR-6752615657925923-021923-055cfbc93701d8acfdd153d25b9c4ac8-3215101753","MERCADO_PAGO_CLIENT_ID":"6752615657925923","MERCADO_PAGO_CLIENT_SECRET":"37OPj64uyGyNK2db7e3GBeqizFIF3fuL","MERCADO_PAGO_WEBHOOK_URL":"https://us-central1-reservaeldia-7a440.cloudfunctions.net/mercadoPagoWebhook","MP_WEBHOOK_SECRET":"27104730db6cc9a5f93bc49e4e3f9c70b22f6090845bf7e56d47f3aa2c1589c5","GOOGLE_MAPS_EMBED_API_KEY":"AIzaSyArR56EXHhdSZ1GmpPXwOELlDkoSK-FYrk","FIREBASE_CONFIG":"{\"projectId\":\"reservaeldia-7a440\",\"storageBucket\":\"reservaeldia-7a440.firebasestorage.app\"}","GCLOUD_PROJECT":"reservaeldia-7a440","EVENTARC_CLOUD_EVENT_SOURCE":"projects/reservaeldia-7a440/locations/us-central1/services/publicarInvitacion","FUNCTION_TARGET":"publicarInvitacion","LOG_EXECUTION_ID":"true","FUNCTION_SIGNATURE_TYPE":"http"},"maxInstanceCount":20,"ingressSettings":"ALLOW_ALL","uri":"https://publicarinvitacion-vntxuytzsa-uc.a.run.app","serviceAccountEmail":"860495975406-compute@developer.gserviceaccount.com","availableMemory":"1024Mi","allTrafficOnLatestRevision":true,"revision":"publicarinvitacion-00497-haj","maxInstanceRequestConcurrency":1,"availableCpu":"1"},"state":"ACTIVE","updateTime":"2026-07-28T12:50:11.534879616Z","labels":{"firebase-functions-hash":"d122378e98f45effe92711c767be8035f097d07d","deployment-tool":"cli-firebase","deployment-callable":"true"},"environment":"GEN_2","url":"https://us-central1-reservaeldia-7a440.cloudfunctions.net/publicarInvitacion","createTime":"2025-05-20T13:04:51.738606335Z","satisfiesPzi":true},{"name":"projects/reservaeldia-7a440/locations/us-central1/functions/adminHardDeleteTemplateFromTrashV1","buildConfig":{"build":"projects/860495975406/locations/us-central1/builds/63ad86be-fd19-48aa-8e52-b5898bc22654","runtime":"nodejs20","entryPoint":"adminHardDeleteTemplateFromTrashV1","source":{"storageSource":{"bucket":"gcf-v2-sources-860495975406-us-central1","object":"adminHardDeleteTemplateFromTrashV1/function-source.zip","generation":"1786034147201666"}},"environmentVariables":{"GOOGLE_NODE_RUN_SCRIPTS":""},"dockerRepository":"projects/reservaeldia-7a440/locations/us-central1/repositories/gcf-artifacts","sourceProvenance":{"resolvedStorageSource":{"bucket":"gcf-v2-sources-860495975406-us-central1","object":"adminHardDeleteTemplateFromTrashV1/function-source.zip","generation":"1786034147201666"}},"dockerRegistry":"ARTIFACT_REGISTRY","serviceAccount":"projects/reservaeldia-7a440/serviceAccounts/860495975406-compute@developer.gserviceaccount.com","automaticUpdatePolicy":{}},"serviceConfig":{"service":"projects/reservaeldia-7a440/locations/us-central1/services/adminharddeletetemplatefromtrashv1","timeoutSeconds":60,"environmentVariables":{"SUPERADMINS_UIDS":"8mvF9cwdbtYo2leAjO11cNxhaLV2","MERCADO_PAGO_PUBLIC_KEY":"APP_USR-a0795dce-baf8-48f6-98af-4defd053ad42","MERCADO_PAGO_ACCESS_TOKEN":"APP_USR-6752615657925923-021923-055cfbc93701d8acfdd153d25b9c4ac8-3215101753","MERCADO_PAGO_CLIENT_ID":"6752615657925923","MERCADO_PAGO_CLIENT_SECRET":"37OPj64uyGyNK2db7e3GBeqizFIF3fuL","MERCADO_PAGO_WEBHOOK_URL":"https://us-central1-reservaeldia-7a440.cloudfunctions.net/mercadoPagoWebhook","MP_WEBHOOK_SECRET":"27104730db6cc9a5f93bc49e4e3f9c70b22f6090845bf7e56d47f3aa2c1589c5","GOOGLE_MAPS_EMBED_API_KEY":"AIzaSyArR56EXHhdSZ1GmpPXwOELlDkoSK-FYrk","FIREBASE_CONFIG":"{\"projectId\":\"reservaeldia-7a440\",\"storageBucket\":\"reservaeldia-7a440.firebasestorage.app\"}","GCLOUD_PROJECT":"reservaeldia-7a440","EVENTARC_CLOUD_EVENT_SOURCE":"projects/reservaeldia-7a440/locations/us-central1/services/adminHardDeleteTemplateFromTrashV1","FUNCTION_TARGET":"adminHardDeleteTemplateFromTrashV1","LOG_EXECUTION_ID":"true","FUNCTION_SIGNATURE_TYPE":"http"},"maxInstanceCount":100,"ingressSettings":"ALLOW_ALL","uri":"https://adminharddeletetemplatefromtrashv1-vntxuytzsa-uc.a.run.app","serviceAccountEmail":"860495975406-compute@developer.gserviceaccount.com","availableMemory":"256Mi","allTrafficOnLatestRevision":true,"revision":"adminharddeletetemplatefromtrashv1-00168-wut","maxInstanceRequestConcurrency":1,"availableCpu":"0.1666"},"state":"ACTIVE","updateTime":"2026-08-06T16:36:06.298128168Z","labels":{"deployment-callable":"true","firebase-functions-hash":"5efaf1777d259b9855b4eeb91a96fbac3aed1a65","deployment-tool":"cli-firebase"},"environment":"GEN_2","url":"https://us-central1-reservaeldia-7a440.cloudfunctions.net/adminHardDeleteTemplateFromTrashV1","createTime":"2026-03-13T01:30:19.086537703Z","satisfiesPzi":true},{"name":"projects/reservaeldia-7a440/locations/us-central1/functions/saveCountdownPresetDraft","buildConfig":{"build":"projects/860495975406/locations/us-central1/builds/cca5cf55-789d-4371-bd8c-c387d4e9200b","runtime":"nodejs20","entryPoint":"saveCountdownPresetDraft","source":{"storageSource":{"bucket":"gcf-v2-sources-860495975406-us-central1","object":"saveCountdownPresetDraft/function-source.zip","generation":"1786035262737395"}},"environmentVariables":{"GOOGLE_NODE_RUN_SCRIPTS":""},"dockerRepository":"projects/reservaeldia-7a440/locations/us-central1/repositories/gcf-artifacts","sourceProvenance":{"resolvedStorageSource":{"bucket":"gcf-v2-sources-860495975406-us-central1","object":"saveCountdownPresetDraft/function-source.zip","generation":"1786035262737395"}},"dockerRegistry":"ARTIFACT_REGISTRY","serviceAccount":"projects/reservaeldia-7a440/serviceAccounts/860495975406-compute@developer.gserviceaccount.com","automaticUpdatePolicy":{}},"serviceConfig":{"service":"projects/reservaeldia-7a440/locations/us-central1/services/savecountdownpresetdraft","timeoutSeconds":60,"environmentVariables":{"SUPERADMINS_UIDS":"8mvF9cwdbtYo2leAjO11cNxhaLV2","MERCADO_PAGO_PUBLIC_KEY":"APP_USR-a0795dce-baf8-48f6-98af-4defd053ad42","MERCADO_PAGO_ACCESS_TOKEN":"APP_USR-6752615657925923-021923-055cfbc93701d8acfdd153d25b9c4ac8-3215101753","MERCADO_PAGO_CLIENT_ID":"6752615657925923","MERCADO_PAGO_CLIENT_SECRET":"37OPj64uyGyNK2db7e3GBeqizFIF3fuL","MERCADO_PAGO_WEBHOOK_URL":"https://us-central1-reservaeldia-7a440.cloudfunctions.net/mercadoPagoWebhook","MP_WEBHOOK_SECRET":"27104730db6cc9a5f93bc49e4e3f9c70b22f6090845bf7e56d47f3aa2c1589c5","GOOGLE_MAPS_EMBED_API_KEY":"AIzaSyArR56EXHhdSZ1GmpPXwOELlDkoSK-FYrk","FIREBASE_CONFIG":"{\"projectId\":\"reservaeldia-7a440\",\"storageBucket\":\"reservaeldia-7a440.firebasestorage.app\"}","GCLOUD_PROJECT":"reservaeldia-7a440","EVENTARC_CLOUD_EVENT_SOURCE":"projects/reservaeldia-7a440/locations/us-central1/services/saveCountdownPresetDraft","FUNCTION_TARGET":"saveCountdownPresetDraft","LOG_EXECUTION_ID":"true"},"maxInstanceCount":100,"ingressSettings":"ALLOW_ALL","uri":"https://savecountdownpresetdraft-vntxuytzsa-uc.a.run.app","serviceAccountEmail":"860495975406-compute@developer.gserviceaccount.com","availableMemory":"256Mi","allTrafficOnLatestRevision":true,"revision":"savecountdownpresetdraft-00179-xox","maxInstanceRequestConcurrency":1,"availableCpu":"0.1666"},"state":"ACTIVE","updateTime":"2026-08-06T16:55:19.959299807Z","labels":{"deployment-tool":"cli-firebase","deployment-callable":"true","firebase-functions-hash":"5efaf1777d259b9855b4eeb91a96fbac3aed1a65"},"environment":"GEN_2","url":"https://us-central1-reservaeldia-7a440.cloudfunctions.net/saveCountdownPresetDraft","createTime":"2026-02-27T02:12:14.159985861Z","satisfiesPzi":true},{"name":"projects/reservaeldia-7a440/locations/us-central1/functions/processPendingAnalyticsEventsV1","buildConfig":{"build":"projects/860495975406/locations/us-central1/builds/1751d5b5-2b3a-424b-8023-0dbd64c1b2c2","runtime":"nodejs20","entryPoint":"processPendingAnalyticsEventsV1","source":{"storageSource":{"bucket":"gcf-v2-sources-860495975406-us-central1","object":"processPendingAnalyticsEventsV1/function-source.zip","generation":"1785242986073406"}},"environmentVariables":{"GOOGLE_NODE_RUN_SCRIPTS":""},"dockerRepository":"projects/reservaeldia-7a440/locations/us-central1/repositories/gcf-artifacts","sourceProvenance":{"resolvedStorageSource":{"bucket":"gcf-v2-sources-860495975406-us-central1","object":"processPendingAnalyticsEventsV1/function-source.zip","generation":"1785242986073406"}},"dockerRegistry":"ARTIFACT_REGISTRY","serviceAccount":"projects/reservaeldia-7a440/serviceAccounts/860495975406-compute@developer.gserviceaccount.com","automaticUpdatePolicy":{}},"serviceConfig":{"service":"projects/reservaeldia-7a440/locations/us-central1/services/processpendinganalyticseventsv1","timeoutSeconds":60,"environmentVariables":{"SUPERADMINS_UIDS":"8mvF9cwdbtYo2leAjO11cNxhaLV2","MERCADO_PAGO_PUBLIC_KEY":"APP_USR-a0795dce-baf8-48f6-98af-4defd053ad42","MERCADO_PAGO_ACCESS_TOKEN":"APP_USR-6752615657925923-021923-055cfbc93701d8acfdd153d25b9c4ac8-3215101753","MERCADO_PAGO_CLIENT_ID":"6752615657925923","MERCADO_PAGO_CLIENT_SECRET":"37OPj64uyGyNK2db7e3GBeqizFIF3fuL","MERCADO_PAGO_WEBHOOK_URL":"https://us-central1-reservaeldia-7a440.cloudfunctions.net/mercadoPagoWebhook","MP_WEBHOOK_SECRET":"27104730db6cc9a5f93bc49e4e3f9c70b22f6090845bf7e56d47f3aa2c1589c5","GOOGLE_MAPS_EMBED_API_KEY":"AIzaSyArR56EXHhdSZ1GmpPXwOELlDkoSK-FYrk","FIREBASE_CONFIG":"{\"projectId\":\"reservaeldia-7a440\",\"storageBucket\":\"reservaeldia-7a440.firebasestorage.app\"}","GCLOUD_PROJECT":"reservaeldia-7a440","EVENTARC_CLOUD_EVENT_SOURCE":"projects/reservaeldia-7a440/locations/us-central1/services/processPendingAnalyticsEventsV1","FUNCTION_TARGET":"processPendingAnalyticsEventsV1","LOG_EXECUTION_ID":"true","FUNCTION_SIGNATURE_TYPE":"http"},"maxInstanceCount":60,"ingressSettings":"ALLOW_ALL","uri":"https://processpendinganalyticseventsv1-vntxuytzsa-uc.a.run.app","serviceAccountEmail":"860495975406-compute@developer.gserviceaccount.com","availableMemory":"512Mi","allTrafficOnLatestRevision":true,"revision":"processpendinganalyticseventsv1-00134-xac","maxInstanceRequestConcurrency":1,"availableCpu":"0.3333"},"state":"ACTIVE","updateTime":"2026-07-28T12:50:12.825703873Z","labels":{"deployment-tool":"cli-firebase","deployment-scheduled":"true","firebase-functions-hash":"d122378e98f45effe92711c767be8035f097d07d"},"environment":"GEN_2","url":"https://us-central1-reservaeldia-7a440.cloudfunctions.net/processPendingAnalyticsEventsV1","createTime":"2026-03-13T04:34:14.728859262Z","satisfiesPzi":true},{"name":"projects/reservaeldia-7a440/locations/us-central1/functions/restoreDraftFromTrash","buildConfig":{"build":"projects/860495975406/locations/us-central1/builds/a6177607-fe15-4f3a-96e8-9f28200f6ff9","runtime":"nodejs20","entryPoint":"restoreDraftFromTrash","source":{"storageSource":{"bucket":"gcf-v2-sources-860495975406-us-central1","object":"restoreDraftFromTrash/function-source.zip","generation":"1785242919469983"}},"environmentVariables":{"GOOGLE_NODE_RUN_SCRIPTS":""},"dockerRepository":"projects/reservaeldia-7a440/locations/us-central1/repositories/gcf-artifacts","sourceProvenance":{"resolvedStorageSource":{"bucket":"gcf-v2-sources-860495975406-us-central1","object":"restoreDraftFromTrash/function-source.zip","generation":"1785242919469983"}},"dockerRegistry":"ARTIFACT_REGISTRY","serviceAccount":"projects/reservaeldia-7a440/serviceAccounts/860495975406-compute@developer.gserviceaccount.com","automaticUpdatePolicy":{}},"serviceConfig":{"service":"projects/reservaeldia-7a440/locations/us-central1/services/restoredraftfromtrash","timeoutSeconds":60,"environmentVariables":{"SUPERADMINS_UIDS":"8mvF9cwdbtYo2leAjO11cNxhaLV2","MERCADO_PAGO_PUBLIC_KEY":"APP_USR-a0795dce-baf8-48f6-98af-4defd053ad42","MERCADO_PAGO_ACCESS_TOKEN":"APP_USR-6752615657925923-021923-055cfbc93701d8acfdd153d25b9c4ac8-3215101753","MERCADO_PAGO_CLIENT_ID":"6752615657925923","MERCADO_PAGO_CLIENT_SECRET":"37OPj64uyGyNK2db7e3GBeqizFIF3fuL","MERCADO_PAGO_WEBHOOK_URL":"https://us-central1-reservaeldia-7a440.cloudfunctions.net/mercadoPagoWebhook","MP_WEBHOOK_SECRET":"27104730db6cc9a5f93bc49e4e3f9c70b22f6090845bf7e56d47f3aa2c1589c5","GOOGLE_MAPS_EMBED_API_KEY":"AIzaSyArR56EXHhdSZ1GmpPXwOELlDkoSK-FYrk","FIREBASE_CONFIG":"{\"projectId\":\"reservaeldia-7a440\",\"storageBucket\":\"reservaeldia-7a440.firebasestorage.app\"}","GCLOUD_PROJECT":"reservaeldia-7a440","EVENTARC_CLOUD_EVENT_SOURCE":"projects/reservaeldia-7a440/locations/us-central1/services/restoreDraftFromTrash","FUNCTION_TARGET":"restoreDraftFromTrash","LOG_EXECUTION_ID":"true"},"maxInstanceCount":100,"ingressSettings":"ALLOW_ALL","uri":"https://restoredraftfromtrash-vntxuytzsa-uc.a.run.app","serviceAccountEmail":"860495975406-compute@developer.gserviceaccount.com","availableMemory":"256Mi","allTrafficOnLatestRevision":true,"revision":"restoredraftfromtrash-00161-del","maxInstanceRequestConcurrency":1,"availableCpu":"0.1666"},"state":"ACTIVE","updateTime":"2026-07-28T12:50:05.087877319Z","labels":{"firebase-functions-hash":"d122378e98f45effe92711c767be8035f097d07d","deployment-tool":"cli-firebase","deployment-callable":"true"},"environment":"GEN_2","url":"https://us-central1-reservaeldia-7a440.cloudfunctions.net/restoreDraftFromTrash","createTime":"2026-02-26T18:00:50.947515019Z","satisfiesPzi":true},{"name":"projects/reservaeldia-7a440/locations/us-central1/functions/adminConvertDraftToTemplateV1","buildConfig":{"build":"projects/860495975406/locations/us-central1/builds/63ad86be-fd19-48aa-8e52-b5898bc22654","runtime":"nodejs20","entryPoint":"adminConvertDraftToTemplateV1","source":{"storageSource":{"bucket":"gcf-v2-sources-860495975406-us-central1","object":"adminConvertDraftToTemplateV1/function-source.zip","generation":"1786034146489089"}},"environmentVariables":{"GOOGLE_NODE_RUN_SCRIPTS":""},"dockerRepository":"projects/reservaeldia-7a440/locations/us-central1/repositories/gcf-artifacts","sourceProvenance":{"resolvedStorageSource":{"bucket":"gcf-v2-sources-860495975406-us-central1","object":"adminConvertDraftToTemplateV1/function-source.zip","generation":"1786034146489089"}},"dockerRegistry":"ARTIFACT_REGISTRY","serviceAccount":"projects/reservaeldia-7a440/serviceAccounts/860495975406-compute@developer.gserviceaccount.com","automaticUpdatePolicy":{}},"serviceConfig":{"service":"projects/reservaeldia-7a440/locations/us-central1/services/adminconvertdrafttotemplatev1","timeoutSeconds":60,"environmentVariables":{"SUPERADMINS_UIDS":"8mvF9cwdbtYo2leAjO11cNxhaLV2","MERCADO_PAGO_PUBLIC_KEY":"APP_USR-a0795dce-baf8-48f6-98af-4defd053ad42","MERCADO_PAGO_ACCESS_TOKEN":"APP_USR-6752615657925923-021923-055cfbc93701d8acfdd153d25b9c4ac8-3215101753","MERCADO_PAGO_CLIENT_ID":"6752615657925923","MERCADO_PAGO_CLIENT_SECRET":"37OPj64uyGyNK2db7e3GBeqizFIF3fuL","MERCADO_PAGO_WEBHOOK_URL":"https://us-central1-reservaeldia-7a440.cloudfunctions.net/mercadoPagoWebhook","MP_WEBHOOK_SECRET":"27104730db6cc9a5f93bc49e4e3f9c70b22f6090845bf7e56d47f3aa2c1589c5","GOOGLE_MAPS_EMBED_API_KEY":"AIzaSyArR56EXHhdSZ1GmpPXwOELlDkoSK-FYrk","FIREBASE_CONFIG":"{\"projectId\":\"reservaeldia-7a440\",\"storageBucket\":\"reservaeldia-7a440.firebasestorage.app\"}","GCLOUD_PROJECT":"reservaeldia-7a440","EVENTARC_CLOUD_EVENT_SOURCE":"projects/reservaeldia-7a440/locations/us-central1/services/adminConvertDraftToTemplateV1","FUNCTION_TARGET":"adminConvertDraftToTemplateV1","LOG_EXECUTION_ID":"true","FUNCTION_SIGNATURE_TYPE":"http"},"maxInstanceCount":100,"ingressSettings":"ALLOW_ALL","uri":"https://adminconvertdrafttotemplatev1-vntxuytzsa-uc.a.run.app","serviceAccountEmail":"860495975406-compute@developer.gserviceaccount.com","availableMemory":"256Mi","allTrafficOnLatestRevision":true,"revision":"adminconvertdrafttotemplatev1-00169-voy","maxInstanceRequestConcurrency":1,"availableCpu":"0.1666"},"state":"ACTIVE","updateTime":"2026-08-06T16:36:07.368633863Z","labels":{"firebase-functions-hash":"5efaf1777d259b9855b4eeb91a96fbac3aed1a65","deployment-tool":"cli-firebase","deployment-callable":"true"},"environment":"GEN_2","url":"https://us-central1-reservaeldia-7a440.cloudfunctions.net/adminConvertDraftToTemplateV1","createTime":"2026-03-12T22:55:02.612882133Z","satisfiesPzi":true},{"name":"projects/reservaeldia-7a440/locations/us-central1/functions/purgeTrashedDrafts","buildConfig":{"build":"projects/860495975406/locations/us-central1/builds/a6177607-fe15-4f3a-96e8-9f28200f6ff9","runtime":"nodejs20","entryPoint":"purgeTrashedDrafts","source":{"storageSource":{"bucket":"gcf-v2-sources-860495975406-us-central1","object":"purgeTrashedDrafts/function-source.zip","generation":"1785242974727177"}},"environmentVariables":{"GOOGLE_NODE_RUN_SCRIPTS":""},"dockerRepository":"projects/reservaeldia-7a440/locations/us-central1/repositories/gcf-artifacts","sourceProvenance":{"resolvedStorageSource":{"bucket":"gcf-v2-sources-860495975406-us-central1","object":"purgeTrashedDrafts/function-source.zip","generation":"1785242974727177"}},"dockerRegistry":"ARTIFACT_REGISTRY","serviceAccount":"projects/reservaeldia-7a440/serviceAccounts/860495975406-compute@developer.gserviceaccount.com","automaticUpdatePolicy":{}},"serviceConfig":{"service":"projects/reservaeldia-7a440/locations/us-central1/services/purgetrasheddrafts","timeoutSeconds":60,"environmentVariables":{"SUPERADMINS_UIDS":"8mvF9cwdbtYo2leAjO11cNxhaLV2","MERCADO_PAGO_PUBLIC_KEY":"APP_USR-a0795dce-baf8-48f6-98af-4defd053ad42","MERCADO_PAGO_ACCESS_TOKEN":"APP_USR-6752615657925923-021923-055cfbc93701d8acfdd153d25b9c4ac8-3215101753","MERCADO_PAGO_CLIENT_ID":"6752615657925923","MERCADO_PAGO_CLIENT_SECRET":"37OPj64uyGyNK2db7e3GBeqizFIF3fuL","MERCADO_PAGO_WEBHOOK_URL":"https://us-central1-reservaeldia-7a440.cloudfunctions.net/mercadoPagoWebhook","MP_WEBHOOK_SECRET":"27104730db6cc9a5f93bc49e4e3f9c70b22f6090845bf7e56d47f3aa2c1589c5","GOOGLE_MAPS_EMBED_API_KEY":"AIzaSyArR56EXHhdSZ1GmpPXwOELlDkoSK-FYrk","FIREBASE_CONFIG":"{\"projectId\":\"reservaeldia-7a440\",\"storageBucket\":\"reservaeldia-7a440.firebasestorage.app\"}","GCLOUD_PROJECT":"reservaeldia-7a440","EVENTARC_CLOUD_EVENT_SOURCE":"projects/reservaeldia-7a440/locations/us-central1/services/purgeTrashedDrafts","FUNCTION_TARGET":"purgeTrashedDrafts","LOG_EXECUTION_ID":"true","FUNCTION_SIGNATURE_TYPE":"http"},"maxInstanceCount":100,"ingressSettings":"ALLOW_ALL","uri":"https://purgetrasheddrafts-vntxuytzsa-uc.a.run.app","serviceAccountEmail":"860495975406-compute@developer.gserviceaccount.com","availableMemory":"256Mi","allTrafficOnLatestRevision":true,"revision":"purgetrasheddrafts-00161-cih","maxInstanceRequestConcurrency":1,"availableCpu":"0.1666"},"state":"ACTIVE","updateTime":"2026-07-28T12:50:13.393229620Z","labels":{"deployment-tool":"cli-firebase","deployment-scheduled":"true","firebase-functions-hash":"d122378e98f45effe92711c767be8035f097d07d"},"environment":"GEN_2","url":"https://us-central1-reservaeldia-7a440.cloudfunctions.net/purgeTrashedDrafts","createTime":"2026-02-26T18:00:50.964722798Z","satisfiesPzi":true},{"name":"projects/reservaeldia-7a440/locations/us-central1/functions/verInvitacionPublicada","buildConfig":{"build":"projects/860495975406/locations/us-central1/builds/6454e527-95a8-45f7-ba38-5303cfa010a9","runtime":"nodejs20","entryPoint":"verInvitacionPublicada","source":{"storageSource":{"bucket":"gcf-v2-sources-860495975406-us-central1","object":"verInvitacionPublicada/function-source.zip","generation":"1785243278321225"}},"environmentVariables":{"GOOGLE_NODE_RUN_SCRIPTS":""},"dockerRepository":"projects/reservaeldia-7a440/locations/us-central1/repositories/gcf-artifacts","sourceProvenance":{"resolvedStorageSource":{"bucket":"gcf-v2-sources-860495975406-us-central1","object":"verInvitacionPublicada/function-source.zip","generation":"1785243278321225"}},"dockerRegistry":"ARTIFACT_REGISTRY","serviceAccount":"projects/reservaeldia-7a440/serviceAccounts/860495975406-compute@developer.gserviceaccount.com","automaticUpdatePolicy":{}},"serviceConfig":{"service":"projects/reservaeldia-7a440/locations/us-central1/services/verinvitacionpublicada","timeoutSeconds":60,"environmentVariables":{"SUPERADMINS_UIDS":"8mvF9cwdbtYo2leAjO11cNxhaLV2","MERCADO_PAGO_PUBLIC_KEY":"APP_USR-a0795dce-baf8-48f6-98af-4defd053ad42","MERCADO_PAGO_ACCESS_TOKEN":"APP_USR-6752615657925923-021923-055cfbc93701d8acfdd153d25b9c4ac8-3215101753","MERCADO_PAGO_CLIENT_ID":"6752615657925923","MERCADO_PAGO_CLIENT_SECRET":"37OPj64uyGyNK2db7e3GBeqizFIF3fuL","MERCADO_PAGO_WEBHOOK_URL":"https://us-central1-reservaeldia-7a440.cloudfunctions.net/mercadoPagoWebhook","MP_WEBHOOK_SECRET":"27104730db6cc9a5f93bc49e4e3f9c70b22f6090845bf7e56d47f3aa2c1589c5","GOOGLE_MAPS_EMBED_API_KEY":"AIzaSyArR56EXHhdSZ1GmpPXwOELlDkoSK-FYrk","FIREBASE_CONFIG":"{\"projectId\":\"reservaeldia-7a440\",\"storageBucket\":\"reservaeldia-7a440.firebasestorage.app\"}","GCLOUD_PROJECT":"reservaeldia-7a440","EVENTARC_CLOUD_EVENT_SOURCE":"projects/reservaeldia-7a440/locations/us-central1/services/verInvitacionPublicada","FUNCTION_TARGET":"verInvitacionPublicada","LOG_EXECUTION_ID":"true"},"maxInstanceCount":100,"ingressSettings":"ALLOW_ALL","uri":"https://verinvitacionpublicada-vntxuytzsa-uc.a.run.app","serviceAccountEmail":"860495975406-compute@developer.gserviceaccount.com","availableMemory":"256Mi","allTrafficOnLatestRevision":true,"revision":"verinvitacionpublicada-00469-puf","maxInstanceRequestConcurrency":1,"availableCpu":"0.1666"},"state":"ACTIVE","updateTime":"2026-07-28T12:56:11.390710290Z","labels":{"firebase-functions-hash":"d122378e98f45effe92711c767be8035f097d07d","deployment-tool":"cli-firebase"},"environment":"GEN_2","url":"https://us-central1-reservaeldia-7a440.cloudfunctions.net/verInvitacionPublicada","createTime":"2025-05-26T11:55:09.762122799Z","satisfiesPzi":true},{"name":"projects/reservaeldia-7a440/locations/us-central1/functions/adminListPricingHistoryV1","buildConfig":{"build":"projects/860495975406/locations/us-central1/builds/bec2d25e-e9f3-42aa-8b95-38038883b25a","runtime":"nodejs20","entryPoint":"adminListPricingHistoryV1","source":{"storageSource":{"bucket":"gcf-v2-sources-860495975406-us-central1","object":"adminListPricingHistoryV1/function-source.zip","generation":"1786034292642868"}},"environmentVariables":{"GOOGLE_NODE_RUN_SCRIPTS":""},"dockerRepository":"projects/reservaeldia-7a440/locations/us-central1/repositories/gcf-artifacts","sourceProvenance":{"resolvedStorageSource":{"bucket":"gcf-v2-sources-860495975406-us-central1","object":"adminListPricingHistoryV1/function-source.zip","generation":"1786034292642868"}},"dockerRegistry":"ARTIFACT_REGISTRY","serviceAccount":"projects/reservaeldia-7a440/serviceAccounts/860495975406-compute@developer.gserviceaccount.com","automaticUpdatePolicy":{}},"serviceConfig":{"service":"projects/reservaeldia-7a440/locations/us-central1/services/adminlistpricinghistoryv1","timeoutSeconds":60,"environmentVariables":{"SUPERADMINS_UIDS":"8mvF9cwdbtYo2leAjO11cNxhaLV2","MERCADO_PAGO_PUBLIC_KEY":"APP_USR-a0795dce-baf8-48f6-98af-4defd053ad42","MERCADO_PAGO_ACCESS_TOKEN":"APP_USR-6752615657925923-021923-055cfbc93701d8acfdd153d25b9c4ac8-3215101753","MERCADO_PAGO_CLIENT_ID":"6752615657925923","MERCADO_PAGO_CLIENT_SECRET":"37OPj64uyGyNK2db7e3GBeqizFIF3fuL","MERCADO_PAGO_WEBHOOK_URL":"https://us-central1-reservaeldia-7a440.cloudfunctions.net/mercadoPagoWebhook","MP_WEBHOOK_SECRET":"27104730db6cc9a5f93bc49e4e3f9c70b22f6090845bf7e56d47f3aa2c1589c5","GOOGLE_MAPS_EMBED_API_KEY":"AIzaSyArR56EXHhdSZ1GmpPXwOELlDkoSK-FYrk","FIREBASE_CONFIG":"{\"projectId\":\"reservaeldia-7a440\",\"storageBucket\":\"reservaeldia-7a440.firebasestorage.app\"}","GCLOUD_PROJECT":"reservaeldia-7a440","EVENTARC_CLOUD_EVENT_SOURCE":"projects/reservaeldia-7a440/locations/us-central1/services/adminListPricingHistoryV1","FUNCTION_TARGET":"adminListPricingHistoryV1","LOG_EXECUTION_ID":"true","FUNCTION_SIGNATURE_TYPE":"http"},"maxInstanceCount":100,"ingressSettings":"ALLOW_ALL","uri":"https://adminlistpricinghistoryv1-vntxuytzsa-uc.a.run.app","serviceAccountEmail":"860495975406-compute@developer.gserviceaccount.com","availableMemory":"256Mi","allTrafficOnLatestRevision":true,"revision":"adminlistpricinghistoryv1-00150-pey","maxInstanceRequestConcurrency":1,"availableCpu":"0.1666"},"state":"ACTIVE","updateTime":"2026-08-06T16:38:23.116217755Z","labels":{"deployment-tool":"cli-firebase","deployment-callable":"true","firebase-functions-hash":"5efaf1777d259b9855b4eeb91a96fbac3aed1a65"},"environment":"GEN_2","url":"https://us-central1-reservaeldia-7a440.cloudfunctions.net/adminListPricingHistoryV1","createTime":"2026-03-15T02:17:53.752380443Z","satisfiesPzi":true},{"name":"projects/reservaeldia-7a440/locations/us-central1/functions/prepareDraftPreviewRender","buildConfig":{"build":"projects/860495975406/locations/us-central1/builds/22484978-b1d3-449a-abac-aa313257b63b","runtime":"nodejs20","entryPoint":"prepareDraftPreviewRender","source":{"storageSource":{"bucket":"gcf-v2-sources-860495975406-us-central1","object":"prepareDraftPreviewRender/function-source.zip","generation":"1786035169303151"}},"environmentVariables":{"GOOGLE_NODE_RUN_SCRIPTS":""},"dockerRepository":"projects/reservaeldia-7a440/locations/us-central1/repositories/gcf-artifacts","sourceProvenance":{"resolvedStorageSource":{"bucket":"gcf-v2-sources-860495975406-us-central1","object":"prepareDraftPreviewRender/function-source.zip","generation":"1786035169303151"}},"dockerRegistry":"ARTIFACT_REGISTRY","serviceAccount":"projects/reservaeldia-7a440/serviceAccounts/860495975406-compute@developer.gserviceaccount.com","automaticUpdatePolicy":{}},"serviceConfig":{"service":"projects/reservaeldia-7a440/locations/us-central1/services/preparedraftpreviewrender","timeoutSeconds":60,"environmentVariables":{"SUPERADMINS_UIDS":"8mvF9cwdbtYo2leAjO11cNxhaLV2","MERCADO_PAGO_PUBLIC_KEY":"APP_USR-a0795dce-baf8-48f6-98af-4defd053ad42","MERCADO_PAGO_ACCESS_TOKEN":"APP_USR-6752615657925923-021923-055cfbc93701d8acfdd153d25b9c4ac8-3215101753","MERCADO_PAGO_CLIENT_ID":"6752615657925923","MERCADO_PAGO_CLIENT_SECRET":"37OPj64uyGyNK2db7e3GBeqizFIF3fuL","MERCADO_PAGO_WEBHOOK_URL":"https://us-central1-reservaeldia-7a440.cloudfunctions.net/mercadoPagoWebhook","MP_WEBHOOK_SECRET":"27104730db6cc9a5f93bc49e4e3f9c70b22f6090845bf7e56d47f3aa2c1589c5","GOOGLE_MAPS_EMBED_API_KEY":"AIzaSyArR56EXHhdSZ1GmpPXwOELlDkoSK-FYrk","FIREBASE_CONFIG":"{\"projectId\":\"reservaeldia-7a440\",\"storageBucket\":\"reservaeldia-7a440.firebasestorage.app\"}","GCLOUD_PROJECT":"reservaeldia-7a440","EVENTARC_CLOUD_EVENT_SOURCE":"projects/reservaeldia-7a440/locations/us-central1/services/prepareDraftPreviewRender","FUNCTION_TARGET":"prepareDraftPreviewRender","LOG_EXECUTION_ID":"true"},"maxInstanceCount":60,"ingressSettings":"ALLOW_ALL","uri":"https://preparedraftpreviewrender-vntxuytzsa-uc.a.run.app","serviceAccountEmail":"860495975406-compute@developer.gserviceaccount.com","availableMemory":"512Mi","allTrafficOnLatestRevision":true,"revision":"preparedraftpreviewrender-00084-yuj","maxInstanceRequestConcurrency":1,"availableCpu":"0.3333"},"state":"ACTIVE","updateTime":"2026-08-06T16:54:51.963129249Z","labels":{"deployment-tool":"cli-firebase","deployment-callable":"true","firebase-functions-hash":"5efaf1777d259b9855b4eeb91a96fbac3aed1a65"},"environment":"GEN_2","url":"https://us-central1-reservaeldia-7a440.cloudfunctions.net/prepareDraftPreviewRender","createTime":"2026-04-24T19:12:45.410577254Z","satisfiesPzi":true},{"name":"projects/reservaeldia-7a440/locations/us-central1/functions/getDashboardHomeConfigV1","buildConfig":{"build":"projects/860495975406/locations/us-central1/builds/7d221b80-df8a-44b4-8701-79eec488f161","runtime":"nodejs20","entryPoint":"getDashboardHomeConfigV1","source":{"storageSource":{"bucket":"gcf-v2-sources-860495975406-us-central1","object":"getDashboardHomeConfigV1/function-source.zip","generation":"1786034902687482"}},"environmentVariables":{"GOOGLE_NODE_RUN_SCRIPTS":""},"dockerRepository":"projects/reservaeldia-7a440/locations/us-central1/repositories/gcf-artifacts","sourceProvenance":{"resolvedStorageSource":{"bucket":"gcf-v2-sources-860495975406-us-central1","object":"getDashboardHomeConfigV1/function-source.zip","generation":"1786034902687482"}},"dockerRegistry":"ARTIFACT_REGISTRY","serviceAccount":"projects/reservaeldia-7a440/serviceAccounts/860495975406-compute@developer.gserviceaccount.com","automaticUpdatePolicy":{}},"serviceConfig":{"service":"projects/reservaeldia-7a440/locations/us-central1/services/getdashboardhomeconfigv1","timeoutSeconds":60,"environmentVariables":{"SUPERADMINS_UIDS":"8mvF9cwdbtYo2leAjO11cNxhaLV2","MERCADO_PAGO_PUBLIC_KEY":"APP_USR-a0795dce-baf8-48f6-98af-4defd053ad42","MERCADO_PAGO_ACCESS_TOKEN":"APP_USR-6752615657925923-021923-055cfbc93701d8acfdd153d25b9c4ac8-3215101753","MERCADO_PAGO_CLIENT_ID":"6752615657925923","MERCADO_PAGO_CLIENT_SECRET":"37OPj64uyGyNK2db7e3GBeqizFIF3fuL","MERCADO_PAGO_WEBHOOK_URL":"https://us-central1-reservaeldia-7a440.cloudfunctions.net/mercadoPagoWebhook","MP_WEBHOOK_SECRET":"27104730db6cc9a5f93bc49e4e3f9c70b22f6090845bf7e56d47f3aa2c1589c5","GOOGLE_MAPS_EMBED_API_KEY":"AIzaSyArR56EXHhdSZ1GmpPXwOELlDkoSK-FYrk","FIREBASE_CONFIG":"{\"projectId\":\"reservaeldia-7a440\",\"storageBucket\":\"reservaeldia-7a440.firebasestorage.app\"}","GCLOUD_PROJECT":"reservaeldia-7a440","EVENTARC_CLOUD_EVENT_SOURCE":"projects/reservaeldia-7a440/locations/us-central1/services/getDashboardHomeConfigV1","FUNCTION_TARGET":"getDashboardHomeConfigV1","LOG_EXECUTION_ID":"true","FUNCTION_SIGNATURE_TYPE":"http"},"maxInstanceCount":100,"ingressSettings":"ALLOW_ALL","uri":"https://getdashboardhomeconfigv1-vntxuytzsa-uc.a.run.app","serviceAccountEmail":"860495975406-compute@developer.gserviceaccount.com","availableMemory":"256Mi","allTrafficOnLatestRevision":true,"revision":"getdashboardhomeconfigv1-00141-taf","maxInstanceRequestConcurrency":1,"availableCpu":"0.1666"},"state":"ACTIVE","updateTime":"2026-08-06T16:49:09.907815635Z","labels":{"deployment-tool":"cli-firebase","deployment-callable":"true","firebase-functions-hash":"5efaf1777d259b9855b4eeb91a96fbac3aed1a65"},"environment":"GEN_2","url":"https://us-central1-reservaeldia-7a440.cloudfunctions.net/getDashboardHomeConfigV1","createTime":"2026-03-14T01:26:20.094705468Z","satisfiesPzi":true},{"name":"projects/reservaeldia-7a440/locations/us-central1/functions/adminSetTextPresetActivationV1","buildConfig":{"build":"projects/860495975406/locations/us-central1/builds/286972ba-d751-4f29-8f90-2c27e53fc4e6","runtime":"nodejs20","entryPoint":"adminSetTextPresetActivationV1","source":{"storageSource":{"bucket":"gcf-v2-sources-860495975406-us-central1","object":"adminSetTextPresetActivationV1/function-source.zip","generation":"1786034593161542"}},"environmentVariables":{"GOOGLE_NODE_RUN_SCRIPTS":""},"dockerRepository":"projects/reservaeldia-7a440/locations/us-central1/repositories/gcf-artifacts","sourceProvenance":{"resolvedStorageSource":{"bucket":"gcf-v2-sources-860495975406-us-central1","object":"adminSetTextPresetActivationV1/function-source.zip","generation":"1786034593161542"}},"dockerRegistry":"ARTIFACT_REGISTRY","serviceAccount":"projects/reservaeldia-7a440/serviceAccounts/860495975406-compute@developer.gserviceaccount.com","automaticUpdatePolicy":{}},"serviceConfig":{"service":"projects/reservaeldia-7a440/locations/us-central1/services/adminsettextpresetactivationv1","timeoutSeconds":60,"environmentVariables":{"SUPERADMINS_UIDS":"8mvF9cwdbtYo2leAjO11cNxhaLV2","MERCADO_PAGO_PUBLIC_KEY":"APP_USR-a0795dce-baf8-48f6-98af-4defd053ad42","MERCADO_PAGO_ACCESS_TOKEN":"APP_USR-6752615657925923-021923-055cfbc93701d8acfdd153d25b9c4ac8-3215101753","MERCADO_PAGO_CLIENT_ID":"6752615657925923","MERCADO_PAGO_CLIENT_SECRET":"37OPj64uyGyNK2db7e3GBeqizFIF3fuL","MERCADO_PAGO_WEBHOOK_URL":"https://us-central1-reservaeldia-7a440.cloudfunctions.net/mercadoPagoWebhook","MP_WEBHOOK_SECRET":"27104730db6cc9a5f93bc49e4e3f9c70b22f6090845bf7e56d47f3aa2c1589c5","GOOGLE_MAPS_EMBED_API_KEY":"AIzaSyArR56EXHhdSZ1GmpPXwOELlDkoSK-FYrk","FIREBASE_CONFIG":"{\"projectId\":\"reservaeldia-7a440\",\"storageBucket\":\"reservaeldia-7a440.firebasestorage.app\"}","GCLOUD_PROJECT":"reservaeldia-7a440","EVENTARC_CLOUD_EVENT_SOURCE":"projects/reservaeldia-7a440/locations/us-central1/services/adminSetTextPresetActivationV1","FUNCTION_TARGET":"adminSetTextPresetActivationV1","LOG_EXECUTION_ID":"true","FUNCTION_SIGNATURE_TYPE":"http"},"maxInstanceCount":100,"ingressSettings":"ALLOW_ALL","uri":"https://adminsettextpresetactivationv1-vntxuytzsa-uc.a.run.app","serviceAccountEmail":"860495975406-compute@developer.gserviceaccount.com","availableMemory":"256Mi","allTrafficOnLatestRevision":true,"revision":"adminsettextpresetactivationv1-00177-gib","maxInstanceRequestConcurrency":1,"availableCpu":"0.1666"},"state":"ACTIVE","updateTime":"2026-08-06T16:43:34.055898738Z","labels":{"firebase-functions-hash":"5efaf1777d259b9855b4eeb91a96fbac3aed1a65","deployment-tool":"cli-firebase","deployment-callable":"true"},"environment":"GEN_2","url":"https://us-central1-reservaeldia-7a440.cloudfunctions.net/adminSetTextPresetActivationV1","createTime":"2026-03-02T13:27:17.085435901Z","satisfiesPzi":true},{"name":"projects/reservaeldia-7a440/locations/us-central1/functions/retryPaidPublicationWithNewSlug","buildConfig":{"build":"projects/860495975406/locations/us-central1/builds/8862f1e9-5347-448a-b666-d8ed85862372","runtime":"nodejs20","entryPoint":"retryPaidPublicationWithNewSlug","source":{"storageSource":{"bucket":"gcf-v2-sources-860495975406-us-central1","object":"retryPaidPublicationWithNewSlug/function-source.zip","generation":"1785242919544332"}},"environmentVariables":{"GOOGLE_NODE_RUN_SCRIPTS":""},"dockerRepository":"projects/reservaeldia-7a440/locations/us-central1/repositories/gcf-artifacts","sourceProvenance":{"resolvedStorageSource":{"bucket":"gcf-v2-sources-860495975406-us-central1","object":"retryPaidPublicationWithNewSlug/function-source.zip","generation":"1785242919544332"}},"dockerRegistry":"ARTIFACT_REGISTRY","serviceAccount":"projects/reservaeldia-7a440/serviceAccounts/860495975406-compute@developer.gserviceaccount.com","automaticUpdatePolicy":{}},"serviceConfig":{"service":"projects/reservaeldia-7a440/locations/us-central1/services/retrypaidpublicationwithnewslug","timeoutSeconds":60,"environmentVariables":{"SUPERADMINS_UIDS":"8mvF9cwdbtYo2leAjO11cNxhaLV2","MERCADO_PAGO_PUBLIC_KEY":"APP_USR-a0795dce-baf8-48f6-98af-4defd053ad42","MERCADO_PAGO_ACCESS_TOKEN":"APP_USR-6752615657925923-021923-055cfbc93701d8acfdd153d25b9c4ac8-3215101753","MERCADO_PAGO_CLIENT_ID":"6752615657925923","MERCADO_PAGO_CLIENT_SECRET":"37OPj64uyGyNK2db7e3GBeqizFIF3fuL","MERCADO_PAGO_WEBHOOK_URL":"https://us-central1-reservaeldia-7a440.cloudfunctions.net/mercadoPagoWebhook","MP_WEBHOOK_SECRET":"27104730db6cc9a5f93bc49e4e3f9c70b22f6090845bf7e56d47f3aa2c1589c5","GOOGLE_MAPS_EMBED_API_KEY":"AIzaSyArR56EXHhdSZ1GmpPXwOELlDkoSK-FYrk","FIREBASE_CONFIG":"{\"projectId\":\"reservaeldia-7a440\",\"storageBucket\":\"reservaeldia-7a440.firebasestorage.app\"}","GCLOUD_PROJECT":"reservaeldia-7a440","EVENTARC_CLOUD_EVENT_SOURCE":"projects/reservaeldia-7a440/locations/us-central1/services/retryPaidPublicationWithNewSlug","FUNCTION_TARGET":"retryPaidPublicationWithNewSlug","LOG_EXECUTION_ID":"true"},"maxInstanceCount":20,"ingressSettings":"ALLOW_ALL","uri":"https://retrypaidpublicationwithnewslug-vntxuytzsa-uc.a.run.app","serviceAccountEmail":"860495975406-compute@developer.gserviceaccount.com","availableMemory":"1024Mi","allTrafficOnLatestRevision":true,"revision":"retrypaidpublicationwithnewslug-00230-vup","maxInstanceRequestConcurrency":1,"availableCpu":"1"},"state":"ACTIVE","updateTime":"2026-07-28T12:50:13.589966289Z","labels":{"firebase-functions-hash":"d122378e98f45effe92711c767be8035f097d07d","deployment-tool":"cli-firebase","deployment-callable":"true"},"environment":"GEN_2","url":"https://us-central1-reservaeldia-7a440.cloudfunctions.net/retryPaidPublicationWithNewSlug","createTime":"2026-02-20T09:35:09.381116274Z","satisfiesPzi":true},{"name":"projects/reservaeldia-7a440/locations/us-central1/functions/adminListTextPresetsV1","buildConfig":{"build":"projects/860495975406/locations/us-central1/builds/bec2d25e-e9f3-42aa-8b95-38038883b25a","runtime":"nodejs20","entryPoint":"adminListTextPresetsV1","source":{"storageSource":{"bucket":"gcf-v2-sources-860495975406-us-central1","object":"adminListTextPresetsV1/function-source.zip","generation":"1786034292434499"}},"environmentVariables":{"GOOGLE_NODE_RUN_SCRIPTS":""},"dockerRepository":"projects/reservaeldia-7a440/locations/us-central1/repositories/gcf-artifacts","sourceProvenance":{"resolvedStorageSource":{"bucket":"gcf-v2-sources-860495975406-us-central1","object":"adminListTextPresetsV1/function-source.zip","generation":"1786034292434499"}},"dockerRegistry":"ARTIFACT_REGISTRY","serviceAccount":"projects/reservaeldia-7a440/serviceAccounts/860495975406-compute@developer.gserviceaccount.com","automaticUpdatePolicy":{}},"serviceConfig":{"service":"projects/reservaeldia-7a440/locations/us-central1/services/adminlisttextpresetsv1","timeoutSeconds":60,"environmentVariables":{"SUPERADMINS_UIDS":"8mvF9cwdbtYo2leAjO11cNxhaLV2","MERCADO_PAGO_PUBLIC_KEY":"APP_USR-a0795dce-baf8-48f6-98af-4defd053ad42","MERCADO_PAGO_ACCESS_TOKEN":"APP_USR-6752615657925923-021923-055cfbc93701d8acfdd153d25b9c4ac8-3215101753","MERCADO_PAGO_CLIENT_ID":"6752615657925923","MERCADO_PAGO_CLIENT_SECRET":"37OPj64uyGyNK2db7e3GBeqizFIF3fuL","MERCADO_PAGO_WEBHOOK_URL":"https://us-central1-reservaeldia-7a440.cloudfunctions.net/mercadoPagoWebhook","MP_WEBHOOK_SECRET":"27104730db6cc9a5f93bc49e4e3f9c70b22f6090845bf7e56d47f3aa2c1589c5","GOOGLE_MAPS_EMBED_API_KEY":"AIzaSyArR56EXHhdSZ1GmpPXwOELlDkoSK-FYrk","FIREBASE_CONFIG":"{\"projectId\":\"reservaeldia-7a440\",\"storageBucket\":\"reservaeldia-7a440.firebasestorage.app\"}","GCLOUD_PROJECT":"reservaeldia-7a440","EVENTARC_CLOUD_EVENT_SOURCE":"projects/reservaeldia-7a440/locations/us-central1/services/adminListTextPresetsV1","FUNCTION_TARGET":"adminListTextPresetsV1","LOG_EXECUTION_ID":"true","FUNCTION_SIGNATURE_TYPE":"http"},"maxInstanceCount":100,"ingressSettings":"ALLOW_ALL","uri":"https://adminlisttextpresetsv1-vntxuytzsa-uc.a.run.app","serviceAccountEmail":"860495975406-compute@developer.gserviceaccount.com","availableMemory":"256Mi","allTrafficOnLatestRevision":true,"revision":"adminlisttextpresetsv1-00181-qet","maxInstanceRequestConcurrency":1,"availableCpu":"0.1666"},"state":"ACTIVE","updateTime":"2026-08-06T16:38:23.279543005Z","labels":{"deployment-tool":"cli-firebase","deployment-callable":"true","firebase-functions-hash":"5efaf1777d259b9855b4eeb91a96fbac3aed1a65"},"environment":"GEN_2","url":"https://us-central1-reservaeldia-7a440.cloudfunctions.net/adminListTextPresetsV1","createTime":"2026-03-02T13:26:11.424236151Z","satisfiesPzi":true},{"name":"projects/reservaeldia-7a440/locations/us-central1/functions/getAdminAccess","buildConfig":{"build":"projects/860495975406/locations/us-central1/builds/7d221b80-df8a-44b4-8701-79eec488f161","runtime":"nodejs20","entryPoint":"getAdminAccess","source":{"storageSource":{"bucket":"gcf-v2-sources-860495975406-us-central1","object":"getAdminAccess/function-source.zip","generation":"1786034902191834"}},"environmentVariables":{"GOOGLE_NODE_RUN_SCRIPTS":""},"dockerRepository":"projects/reservaeldia-7a440/locations/us-central1/repositories/gcf-artifacts","sourceProvenance":{"resolvedStorageSource":{"bucket":"gcf-v2-sources-860495975406-us-central1","object":"getAdminAccess/function-source.zip","generation":"1786034902191834"}},"dockerRegistry":"ARTIFACT_REGISTRY","serviceAccount":"projects/reservaeldia-7a440/serviceAccounts/860495975406-compute@developer.gserviceaccount.com","automaticUpdatePolicy":{}},"serviceConfig":{"service":"projects/reservaeldia-7a440/locations/us-central1/services/getadminaccess","timeoutSeconds":60,"environmentVariables":{"SUPERADMINS_UIDS":"8mvF9cwdbtYo2leAjO11cNxhaLV2","MERCADO_PAGO_PUBLIC_KEY":"APP_USR-a0795dce-baf8-48f6-98af-4defd053ad42","MERCADO_PAGO_ACCESS_TOKEN":"APP_USR-6752615657925923-021923-055cfbc93701d8acfdd153d25b9c4ac8-3215101753","MERCADO_PAGO_CLIENT_ID":"6752615657925923","MERCADO_PAGO_CLIENT_SECRET":"37OPj64uyGyNK2db7e3GBeqizFIF3fuL","MERCADO_PAGO_WEBHOOK_URL":"https://us-central1-reservaeldia-7a440.cloudfunctions.net/mercadoPagoWebhook","MP_WEBHOOK_SECRET":"27104730db6cc9a5f93bc49e4e3f9c70b22f6090845bf7e56d47f3aa2c1589c5","GOOGLE_MAPS_EMBED_API_KEY":"AIzaSyArR56EXHhdSZ1GmpPXwOELlDkoSK-FYrk","FIREBASE_CONFIG":"{\"projectId\":\"reservaeldia-7a440\",\"storageBucket\":\"reservaeldia-7a440.firebasestorage.app\"}","GCLOUD_PROJECT":"reservaeldia-7a440","EVENTARC_CLOUD_EVENT_SOURCE":"projects/reservaeldia-7a440/locations/us-central1/services/getAdminAccess","FUNCTION_TARGET":"getAdminAccess","LOG_EXECUTION_ID":"true","FUNCTION_SIGNATURE_TYPE":"http"},"maxInstanceCount":100,"ingressSettings":"ALLOW_ALL","uri":"https://getadminaccess-vntxuytzsa-uc.a.run.app","serviceAccountEmail":"860495975406-compute@developer.gserviceaccount.com","availableMemory":"256Mi","allTrafficOnLatestRevision":true,"revision":"getadminaccess-00256-dal","maxInstanceRequestConcurrency":1,"availableCpu":"0.1666"},"state":"ACTIVE","updateTime":"2026-08-06T16:49:07.578200860Z","labels":{"deployment-callable":"true","firebase-functions-hash":"5efaf1777d259b9855b4eeb91a96fbac3aed1a65","deployment-tool":"cli-firebase"},"environment":"GEN_2","url":"https://us-central1-reservaeldia-7a440.cloudfunctions.net/getAdminAccess","createTime":"2026-02-17T19:24:38.539001589Z","satisfiesPzi":true},{"name":"projects/reservaeldia-7a440/locations/us-central1/functions/finalizeExpiredPublications","buildConfig":{"build":"projects/860495975406/locations/us-central1/builds/df84799d-9210-4f19-9fb8-70b9739e49a1","runtime":"nodejs20","entryPoint":"finalizeExpiredPublications","source":{"storageSource":{"bucket":"gcf-v2-sources-860495975406-us-central1","object":"finalizeExpiredPublications/function-source.zip","generation":"1786034837980985"}},"environmentVariables":{"GOOGLE_NODE_RUN_SCRIPTS":""},"dockerRepository":"projects/reservaeldia-7a440/locations/us-central1/repositories/gcf-artifacts","sourceProvenance":{"resolvedStorageSource":{"bucket":"gcf-v2-sources-860495975406-us-central1","object":"finalizeExpiredPublications/function-source.zip","generation":"1786034837980985"}},"dockerRegistry":"ARTIFACT_REGISTRY","serviceAccount":"projects/reservaeldia-7a440/serviceAccounts/860495975406-compute@developer.gserviceaccount.com","automaticUpdatePolicy":{}},"serviceConfig":{"service":"projects/reservaeldia-7a440/locations/us-central1/services/finalizeexpiredpublications","timeoutSeconds":60,"environmentVariables":{"SUPERADMINS_UIDS":"8mvF9cwdbtYo2leAjO11cNxhaLV2","MERCADO_PAGO_PUBLIC_KEY":"APP_USR-a0795dce-baf8-48f6-98af-4defd053ad42","MERCADO_PAGO_ACCESS_TOKEN":"APP_USR-6752615657925923-021923-055cfbc93701d8acfdd153d25b9c4ac8-3215101753","MERCADO_PAGO_CLIENT_ID":"6752615657925923","MERCADO_PAGO_CLIENT_SECRET":"37OPj64uyGyNK2db7e3GBeqizFIF3fuL","MERCADO_PAGO_WEBHOOK_URL":"https://us-central1-reservaeldia-7a440.cloudfunctions.net/mercadoPagoWebhook","MP_WEBHOOK_SECRET":"27104730db6cc9a5f93bc49e4e3f9c70b22f6090845bf7e56d47f3aa2c1589c5","GOOGLE_MAPS_EMBED_API_KEY":"AIzaSyArR56EXHhdSZ1GmpPXwOELlDkoSK-FYrk","FIREBASE_CONFIG":"{\"projectId\":\"reservaeldia-7a440\",\"storageBucket\":\"reservaeldia-7a440.firebasestorage.app\"}","GCLOUD_PROJECT":"reservaeldia-7a440","EVENTARC_CLOUD_EVENT_SOURCE":"projects/reservaeldia-7a440/locations/us-central1/services/finalizeExpiredPublications","FUNCTION_TARGET":"finalizeExpiredPublications","LOG_EXECUTION_ID":"true"},"maxInstanceCount":100,"ingressSettings":"ALLOW_ALL","uri":"https://finalizeexpiredpublications-vntxuytzsa-uc.a.run.app","serviceAccountEmail":"860495975406-compute@developer.gserviceaccount.com","availableMemory":"256Mi","allTrafficOnLatestRevision":true,"revision":"finalizeexpiredpublications-00170-mah","maxInstanceRequestConcurrency":1,"availableCpu":"0.1666"},"state":"ACTIVE","updateTime":"2026-08-06T16:48:13.682152806Z","labels":{"deployment-tool":"cli-firebase","deployment-scheduled":"true","firebase-functions-hash":"5efaf1777d259b9855b4eeb91a96fbac3aed1a65"},"environment":"GEN_2","url":"https://us-central1-reservaeldia-7a440.cloudfunctions.net/finalizeExpiredPublications","createTime":"2026-02-26T04:56:23.391208400Z","satisfiesPzi":true},{"name":"projects/reservaeldia-7a440/locations/us-central1/functions/adminDuplicateTextPresetV1","buildConfig":{"build":"projects/860495975406/locations/us-central1/builds/63ad86be-fd19-48aa-8e52-b5898bc22654","runtime":"nodejs20","entryPoint":"adminDuplicateTextPresetV1","source":{"storageSource":{"bucket":"gcf-v2-sources-860495975406-us-central1","object":"adminDuplicateTextPresetV1/function-source.zip","generation":"1786034146489512"}},"environmentVariables":{"GOOGLE_NODE_RUN_SCRIPTS":""},"dockerRepository":"projects/reservaeldia-7a440/locations/us-central1/repositories/gcf-artifacts","sourceProvenance":{"resolvedStorageSource":{"bucket":"gcf-v2-sources-860495975406-us-central1","object":"adminDuplicateTextPresetV1/function-source.zip","generation":"1786034146489512"}},"dockerRegistry":"ARTIFACT_REGISTRY","serviceAccount":"projects/reservaeldia-7a440/serviceAccounts/860495975406-compute@developer.gserviceaccount.com","automaticUpdatePolicy":{}},"serviceConfig":{"service":"projects/reservaeldia-7a440/locations/us-central1/services/adminduplicatetextpresetv1","timeoutSeconds":60,"environmentVariables":{"SUPERADMINS_UIDS":"8mvF9cwdbtYo2leAjO11cNxhaLV2","MERCADO_PAGO_PUBLIC_KEY":"APP_USR-a0795dce-baf8-48f6-98af-4defd053ad42","MERCADO_PAGO_ACCESS_TOKEN":"APP_USR-6752615657925923-021923-055cfbc93701d8acfdd153d25b9c4ac8-3215101753","MERCADO_PAGO_CLIENT_ID":"6752615657925923","MERCADO_PAGO_CLIENT_SECRET":"37OPj64uyGyNK2db7e3GBeqizFIF3fuL","MERCADO_PAGO_WEBHOOK_URL":"https://us-central1-reservaeldia-7a440.cloudfunctions.net/mercadoPagoWebhook","MP_WEBHOOK_SECRET":"27104730db6cc9a5f93bc49e4e3f9c70b22f6090845bf7e56d47f3aa2c1589c5","GOOGLE_MAPS_EMBED_API_KEY":"AIzaSyArR56EXHhdSZ1GmpPXwOELlDkoSK-FYrk","FIREBASE_CONFIG":"{\"projectId\":\"reservaeldia-7a440\",\"storageBucket\":\"reservaeldia-7a440.firebasestorage.app\"}","GCLOUD_PROJECT":"reservaeldia-7a440","EVENTARC_CLOUD_EVENT_SOURCE":"projects/reservaeldia-7a440/locations/us-central1/services/adminDuplicateTextPresetV1","FUNCTION_TARGET":"adminDuplicateTextPresetV1","LOG_EXECUTION_ID":"true","FUNCTION_SIGNATURE_TYPE":"http"},"maxInstanceCount":100,"ingressSettings":"ALLOW_ALL","uri":"https://adminduplicatetextpresetv1-vntxuytzsa-uc.a.run.app","serviceAccountEmail":"860495975406-compute@developer.gserviceaccount.com","availableMemory":"256Mi","allTrafficOnLatestRevision":true,"revision":"adminduplicatetextpresetv1-00187-cus","maxInstanceRequestConcurrency":1,"availableCpu":"0.1666"},"state":"ACTIVE","updateTime":"2026-08-06T16:36:07.078189531Z","labels":{"firebase-functions-hash":"5efaf1777d259b9855b4eeb91a96fbac3aed1a65","deployment-tool":"cli-firebase","deployment-callable":"true"},"environment":"GEN_2","url":"https://us-central1-reservaeldia-7a440.cloudfunctions.net/adminDuplicateTextPresetV1","createTime":"2026-03-02T13:27:17.087037026Z","satisfiesPzi":true},{"name":"projects/reservaeldia-7a440/locations/us-central1/functions/getBusinessAnalyticsRawExportStatusV1","buildConfig":{"build":"projects/860495975406/locations/us-central1/builds/7654573e-d2ef-47e6-84cc-9dd14a77245a","runtime":"nodejs20","entryPoint":"getBusinessAnalyticsRawExportStatusV1","source":{"storageSource":{"bucket":"gcf-v2-sources-860495975406-us-central1","object":"getBusinessAnalyticsRawExportStatusV1/function-source.zip","generation":"1786034923153352"}},"environmentVariables":{"GOOGLE_NODE_RUN_SCRIPTS":""},"dockerRepository":"projects/reservaeldia-7a440/locations/us-central1/repositories/gcf-artifacts","sourceProvenance":{"resolvedStorageSource":{"bucket":"gcf-v2-sources-860495975406-us-central1","object":"getBusinessAnalyticsRawExportStatusV1/function-source.zip","generation":"1786034923153352"}},"dockerRegistry":"ARTIFACT_REGISTRY","serviceAccount":"projects/reservaeldia-7a440/serviceAccounts/860495975406-compute@developer.gserviceaccount.com","automaticUpdatePolicy":{}},"serviceConfig":{"service":"projects/reservaeldia-7a440/locations/us-central1/services/getbusinessanalyticsrawexportstatusv1","timeoutSeconds":60,"environmentVariables":{"SUPERADMINS_UIDS":"8mvF9cwdbtYo2leAjO11cNxhaLV2","MERCADO_PAGO_PUBLIC_KEY":"APP_USR-a0795dce-baf8-48f6-98af-4defd053ad42","MERCADO_PAGO_ACCESS_TOKEN":"APP_USR-6752615657925923-021923-055cfbc93701d8acfdd153d25b9c4ac8-3215101753","MERCADO_PAGO_CLIENT_ID":"6752615657925923","MERCADO_PAGO_CLIENT_SECRET":"37OPj64uyGyNK2db7e3GBeqizFIF3fuL","MERCADO_PAGO_WEBHOOK_URL":"https://us-central1-reservaeldia-7a440.cloudfunctions.net/mercadoPagoWebhook","MP_WEBHOOK_SECRET":"27104730db6cc9a5f93bc49e4e3f9c70b22f6090845bf7e56d47f3aa2c1589c5","GOOGLE_MAPS_EMBED_API_KEY":"AIzaSyArR56EXHhdSZ1GmpPXwOELlDkoSK-FYrk","FIREBASE_CONFIG":"{\"projectId\":\"reservaeldia-7a440\",\"storageBucket\":\"reservaeldia-7a440.firebasestorage.app\"}","GCLOUD_PROJECT":"reservaeldia-7a440","EVENTARC_CLOUD_EVENT_SOURCE":"projects/reservaeldia-7a440/locations/us-central1/services/getBusinessAnalyticsRawExportStatusV1","FUNCTION_TARGET":"getBusinessAnalyticsRawExportStatusV1","LOG_EXECUTION_ID":"true","FUNCTION_SIGNATURE_TYPE":"http"},"maxInstanceCount":60,"ingressSettings":"ALLOW_ALL","uri":"https://getbusinessanalyticsrawexportstatusv1-vntxuytzsa-uc.a.run.app","serviceAccountEmail":"860495975406-compute@developer.gserviceaccount.com","availableMemory":"512Mi","allTrafficOnLatestRevision":true,"revision":"getbusinessanalyticsrawexportstatusv1-00131-pun","maxInstanceRequestConcurrency":1,"availableCpu":"0.3333"},"state":"ACTIVE","updateTime":"2026-08-06T16:49:07.931798670Z","labels":{"firebase-functions-hash":"5efaf1777d259b9855b4eeb91a96fbac3aed1a65","deployment-tool":"cli-firebase","deployment-callable":"true"},"environment":"GEN_2","url":"https://us-central1-reservaeldia-7a440.cloudfunctions.net/getBusinessAnalyticsRawExportStatusV1","createTime":"2026-03-13T15:36:35.042762738Z","satisfiesPzi":true},{"name":"projects/reservaeldia-7a440/locations/us-central1/functions/borrarBorrador","buildConfig":{"build":"projects/860495975406/locations/us-central1/builds/286972ba-d751-4f29-8f90-2c27e53fc4e6","runtime":"nodejs20","entryPoint":"borrarBorrador","source":{"storageSource":{"bucket":"gcf-v2-sources-860495975406-us-central1","object":"borrarBorrador/function-source.zip","generation":"1786034592517195"}},"environmentVariables":{"GOOGLE_NODE_RUN_SCRIPTS":""},"dockerRepository":"projects/reservaeldia-7a440/locations/us-central1/repositories/gcf-artifacts","sourceProvenance":{"resolvedStorageSource":{"bucket":"gcf-v2-sources-860495975406-us-central1","object":"borrarBorrador/function-source.zip","generation":"1786034592517195"}},"dockerRegistry":"ARTIFACT_REGISTRY","serviceAccount":"projects/reservaeldia-7a440/serviceAccounts/860495975406-compute@developer.gserviceaccount.com","automaticUpdatePolicy":{}},"serviceConfig":{"service":"projects/reservaeldia-7a440/locations/us-central1/services/borrarborrador","timeoutSeconds":60,"environmentVariables":{"SUPERADMINS_UIDS":"8mvF9cwdbtYo2leAjO11cNxhaLV2","MERCADO_PAGO_PUBLIC_KEY":"APP_USR-a0795dce-baf8-48f6-98af-4defd053ad42","MERCADO_PAGO_ACCESS_TOKEN":"APP_USR-6752615657925923-021923-055cfbc93701d8acfdd153d25b9c4ac8-3215101753","MERCADO_PAGO_CLIENT_ID":"6752615657925923","MERCADO_PAGO_CLIENT_SECRET":"37OPj64uyGyNK2db7e3GBeqizFIF3fuL","MERCADO_PAGO_WEBHOOK_URL":"https://us-central1-reservaeldia-7a440.cloudfunctions.net/mercadoPagoWebhook","MP_WEBHOOK_SECRET":"27104730db6cc9a5f93bc49e4e3f9c70b22f6090845bf7e56d47f3aa2c1589c5","GOOGLE_MAPS_EMBED_API_KEY":"AIzaSyArR56EXHhdSZ1GmpPXwOELlDkoSK-FYrk","FIREBASE_CONFIG":"{\"projectId\":\"reservaeldia-7a440\",\"storageBucket\":\"reservaeldia-7a440.firebasestorage.app\"}","GCLOUD_PROJECT":"reservaeldia-7a440","EVENTARC_CLOUD_EVENT_SOURCE":"projects/reservaeldia-7a440/locations/us-central1/services/borrarBorrador","FUNCTION_TARGET":"borrarBorrador","LOG_EXECUTION_ID":"true","FUNCTION_SIGNATURE_TYPE":"http"},"maxInstanceCount":100,"ingressSettings":"ALLOW_ALL","uri":"https://borrarborrador-vntxuytzsa-uc.a.run.app","serviceAccountEmail":"860495975406-compute@developer.gserviceaccount.com","availableMemory":"256Mi","allTrafficOnLatestRevision":true,"revision":"borrarborrador-00516-paf","maxInstanceRequestConcurrency":1,"availableCpu":"0.1666"},"state":"ACTIVE","updateTime":"2026-08-06T16:43:32.789254457Z","labels":{"deployment-tool":"cli-firebase","deployment-callable":"true","firebase-functions-hash":"5efaf1777d259b9855b4eeb91a96fbac3aed1a65"},"environment":"GEN_2","url":"https://us-central1-reservaeldia-7a440.cloudfunctions.net/borrarBorrador","createTime":"2025-05-19T19:47:49.568835159Z","satisfiesPzi":true},{"name":"projects/reservaeldia-7a440/locations/us-central1/functions/adminDeleteTextPresetV1","buildConfig":{"build":"projects/860495975406/locations/us-central1/builds/63ad86be-fd19-48aa-8e52-b5898bc22654","runtime":"nodejs20","entryPoint":"adminDeleteTextPresetV1","source":{"storageSource":{"bucket":"gcf-v2-sources-860495975406-us-central1","object":"adminDeleteTextPresetV1/function-source.zip","generation":"1786034147190156"}},"environmentVariables":{"GOOGLE_NODE_RUN_SCRIPTS":""},"dockerRepository":"projects/reservaeldia-7a440/locations/us-central1/repositories/gcf-artifacts","sourceProvenance":{"resolvedStorageSource":{"bucket":"gcf-v2-sources-860495975406-us-central1","object":"adminDeleteTextPresetV1/function-source.zip","generation":"1786034147190156"}},"dockerRegistry":"ARTIFACT_REGISTRY","serviceAccount":"projects/reservaeldia-7a440/serviceAccounts/860495975406-compute@developer.gserviceaccount.com","automaticUpdatePolicy":{}},"serviceConfig":{"service":"projects/reservaeldia-7a440/locations/us-central1/services/admindeletetextpresetv1","timeoutSeconds":60,"environmentVariables":{"SUPERADMINS_UIDS":"8mvF9cwdbtYo2leAjO11cNxhaLV2","MERCADO_PAGO_PUBLIC_KEY":"APP_USR-a0795dce-baf8-48f6-98af-4defd053ad42","MERCADO_PAGO_ACCESS_TOKEN":"APP_USR-6752615657925923-021923-055cfbc93701d8acfdd153d25b9c4ac8-3215101753","MERCADO_PAGO_CLIENT_ID":"6752615657925923","MERCADO_PAGO_CLIENT_SECRET":"37OPj64uyGyNK2db7e3GBeqizFIF3fuL","MERCADO_PAGO_WEBHOOK_URL":"https://us-central1-reservaeldia-7a440.cloudfunctions.net/mercadoPagoWebhook","MP_WEBHOOK_SECRET":"27104730db6cc9a5f93bc49e4e3f9c70b22f6090845bf7e56d47f3aa2c1589c5","GOOGLE_MAPS_EMBED_API_KEY":"AIzaSyArR56EXHhdSZ1GmpPXwOELlDkoSK-FYrk","FIREBASE_CONFIG":"{\"projectId\":\"reservaeldia-7a440\",\"storageBucket\":\"reservaeldia-7a440.firebasestorage.app\"}","GCLOUD_PROJECT":"reservaeldia-7a440","EVENTARC_CLOUD_EVENT_SOURCE":"projects/reservaeldia-7a440/locations/us-central1/services/adminDeleteTextPresetV1","FUNCTION_TARGET":"adminDeleteTextPresetV1","LOG_EXECUTION_ID":"true","FUNCTION_SIGNATURE_TYPE":"http"},"maxInstanceCount":100,"ingressSettings":"ALLOW_ALL","uri":"https://admindeletetextpresetv1-vntxuytzsa-uc.a.run.app","serviceAccountEmail":"860495975406-compute@developer.gserviceaccount.com","availableMemory":"256Mi","allTrafficOnLatestRevision":true,"revision":"admindeletetextpresetv1-00187-kag","maxInstanceRequestConcurrency":1,"availableCpu":"0.1666"},"state":"ACTIVE","updateTime":"2026-08-06T16:36:04.281285517Z","labels":{"firebase-functions-hash":"5efaf1777d259b9855b4eeb91a96fbac3aed1a65","deployment-tool":"cli-firebase","deployment-callable":"true"},"environment":"GEN_2","url":"https://us-central1-reservaeldia-7a440.cloudfunctions.net/adminDeleteTextPresetV1","createTime":"2026-03-02T13:27:17.080318952Z","satisfiesPzi":true},{"name":"projects/reservaeldia-7a440/locations/us-central1/functions/getMyUiPreferences","buildConfig":{"build":"projects/860495975406/locations/us-central1/builds/1d897e22-49c0-4118-9110-b1fdfddc94cc","runtime":"nodejs20","entryPoint":"getMyUiPreferences","source":{"storageSource":{"bucket":"gcf-v2-sources-860495975406-us-central1","object":"getMyUiPreferences/function-source.zip","generation":"1786035079190415"}},"environmentVariables":{"GOOGLE_NODE_RUN_SCRIPTS":""},"dockerRepository":"projects/reservaeldia-7a440/locations/us-central1/repositories/gcf-artifacts","sourceProvenance":{"resolvedStorageSource":{"bucket":"gcf-v2-sources-860495975406-us-central1","object":"getMyUiPreferences/function-source.zip","generation":"1786035079190415"}},"dockerRegistry":"ARTIFACT_REGISTRY","serviceAccount":"projects/reservaeldia-7a440/serviceAccounts/860495975406-compute@developer.gserviceaccount.com","automaticUpdatePolicy":{}},"serviceConfig":{"service":"projects/reservaeldia-7a440/locations/us-central1/services/getmyuipreferences","timeoutSeconds":60,"environmentVariables":{"SUPERADMINS_UIDS":"8mvF9cwdbtYo2leAjO11cNxhaLV2","MERCADO_PAGO_PUBLIC_KEY":"APP_USR-a0795dce-baf8-48f6-98af-4defd053ad42","MERCADO_PAGO_ACCESS_TOKEN":"APP_USR-6752615657925923-021923-055cfbc93701d8acfdd153d25b9c4ac8-3215101753","MERCADO_PAGO_CLIENT_ID":"6752615657925923","MERCADO_PAGO_CLIENT_SECRET":"37OPj64uyGyNK2db7e3GBeqizFIF3fuL","MERCADO_PAGO_WEBHOOK_URL":"https://us-central1-reservaeldia-7a440.cloudfunctions.net/mercadoPagoWebhook","MP_WEBHOOK_SECRET":"27104730db6cc9a5f93bc49e4e3f9c70b22f6090845bf7e56d47f3aa2c1589c5","GOOGLE_MAPS_EMBED_API_KEY":"AIzaSyArR56EXHhdSZ1GmpPXwOELlDkoSK-FYrk","FIREBASE_CONFIG":"{\"projectId\":\"reservaeldia-7a440\",\"storageBucket\":\"reservaeldia-7a440.firebasestorage.app\"}","GCLOUD_PROJECT":"reservaeldia-7a440","EVENTARC_CLOUD_EVENT_SOURCE":"projects/reservaeldia-7a440/locations/us-central1/services/getMyUiPreferences","FUNCTION_TARGET":"getMyUiPreferences","LOG_EXECUTION_ID":"true","FUNCTION_SIGNATURE_TYPE":"http"},"maxInstanceCount":100,"ingressSettings":"ALLOW_ALL","uri":"https://getmyuipreferences-vntxuytzsa-uc.a.run.app","serviceAccountEmail":"860495975406-compute@developer.gserviceaccount.com","availableMemory":"256Mi","allTrafficOnLatestRevision":true,"revision":"getmyuipreferences-00014-kuj","maxInstanceRequestConcurrency":1,"availableCpu":"0.1666"},"state":"ACTIVE","updateTime":"2026-08-06T16:51:49.699367465Z","labels":{"deployment-tool":"cli-firebase","deployment-callable":"true","firebase-functions-hash":"5efaf1777d259b9855b4eeb91a96fbac3aed1a65"},"environment":"GEN_2","url":"https://us-central1-reservaeldia-7a440.cloudfunctions.net/getMyUiPreferences","createTime":"2026-07-17T20:33:19.964100884Z","satisfiesPzi":true},{"name":"projects/reservaeldia-7a440/locations/us-central1/functions/adminMoveTemplateToTrashV1","buildConfig":{"build":"projects/860495975406/locations/us-central1/builds/bec2d25e-e9f3-42aa-8b95-38038883b25a","runtime":"nodejs20","entryPoint":"adminMoveTemplateToTrashV1","source":{"storageSource":{"bucket":"gcf-v2-sources-860495975406-us-central1","object":"adminMoveTemplateToTrashV1/function-source.zip","generation":"1786034293241077"}},"environmentVariables":{"GOOGLE_NODE_RUN_SCRIPTS":""},"dockerRepository":"projects/reservaeldia-7a440/locations/us-central1/repositories/gcf-artifacts","sourceProvenance":{"resolvedStorageSource":{"bucket":"gcf-v2-sources-860495975406-us-central1","object":"adminMoveTemplateToTrashV1/function-source.zip","generation":"1786034293241077"}},"dockerRegistry":"ARTIFACT_REGISTRY","serviceAccount":"projects/reservaeldia-7a440/serviceAccounts/860495975406-compute@developer.gserviceaccount.com","automaticUpdatePolicy":{}},"serviceConfig":{"service":"projects/reservaeldia-7a440/locations/us-central1/services/adminmovetemplatetotrashv1","timeoutSeconds":60,"environmentVariables":{"SUPERADMINS_UIDS":"8mvF9cwdbtYo2leAjO11cNxhaLV2","MERCADO_PAGO_PUBLIC_KEY":"APP_USR-a0795dce-baf8-48f6-98af-4defd053ad42","MERCADO_PAGO_ACCESS_TOKEN":"APP_USR-6752615657925923-021923-055cfbc93701d8acfdd153d25b9c4ac8-3215101753","MERCADO_PAGO_CLIENT_ID":"6752615657925923","MERCADO_PAGO_CLIENT_SECRET":"37OPj64uyGyNK2db7e3GBeqizFIF3fuL","MERCADO_PAGO_WEBHOOK_URL":"https://us-central1-reservaeldia-7a440.cloudfunctions.net/mercadoPagoWebhook","MP_WEBHOOK_SECRET":"27104730db6cc9a5f93bc49e4e3f9c70b22f6090845bf7e56d47f3aa2c1589c5","GOOGLE_MAPS_EMBED_API_KEY":"AIzaSyArR56EXHhdSZ1GmpPXwOELlDkoSK-FYrk","FIREBASE_CONFIG":"{\"projectId\":\"reservaeldia-7a440\",\"storageBucket\":\"reservaeldia-7a440.firebasestorage.app\"}","GCLOUD_PROJECT":"reservaeldia-7a440","EVENTARC_CLOUD_EVENT_SOURCE":"projects/reservaeldia-7a440/locations/us-central1/services/adminMoveTemplateToTrashV1","FUNCTION_TARGET":"adminMoveTemplateToTrashV1","LOG_EXECUTION_ID":"true","FUNCTION_SIGNATURE_TYPE":"http"},"maxInstanceCount":100,"ingressSettings":"ALLOW_ALL","uri":"https://adminmovetemplatetotrashv1-vntxuytzsa-uc.a.run.app","serviceAccountEmail":"860495975406-compute@developer.gserviceaccount.com","availableMemory":"256Mi","allTrafficOnLatestRevision":true,"revision":"adminmovetemplatetotrashv1-00162-vik","maxInstanceRequestConcurrency":1,"availableCpu":"0.1666"},"state":"ACTIVE","updateTime":"2026-08-06T16:38:23.214143368Z","labels":{"deployment-tool":"cli-firebase","deployment-callable":"true","firebase-functions-hash":"5efaf1777d259b9855b4eeb91a96fbac3aed1a65"},"environment":"GEN_2","url":"https://us-central1-reservaeldia-7a440.cloudfunctions.net/adminMoveTemplateToTrashV1","createTime":"2026-03-13T01:30:19.588213443Z","satisfiesPzi":true},{"name":"projects/reservaeldia-7a440/locations/us-central1/functions/listCountdownPresetsPublic","buildConfig":{"build":"projects/860495975406/locations/us-central1/builds/cca5cf55-789d-4371-bd8c-c387d4e9200b","runtime":"nodejs20","entryPoint":"listCountdownPresetsPublic","source":{"storageSource":{"bucket":"gcf-v2-sources-860495975406-us-central1","object":"listCountdownPresetsPublic/function-source.zip","generation":"1786035316789338"}},"environmentVariables":{"GOOGLE_NODE_RUN_SCRIPTS":""},"dockerRepository":"projects/reservaeldia-7a440/locations/us-central1/repositories/gcf-artifacts","sourceProvenance":{"resolvedStorageSource":{"bucket":"gcf-v2-sources-860495975406-us-central1","object":"listCountdownPresetsPublic/function-source.zip","generation":"1786035316789338"}},"dockerRegistry":"ARTIFACT_REGISTRY","serviceAccount":"projects/reservaeldia-7a440/serviceAccounts/860495975406-compute@developer.gserviceaccount.com","automaticUpdatePolicy":{}},"serviceConfig":{"service":"projects/reservaeldia-7a440/locations/us-central1/services/listcountdownpresetspublic","timeoutSeconds":60,"environmentVariables":{"SUPERADMINS_UIDS":"8mvF9cwdbtYo2leAjO11cNxhaLV2","MERCADO_PAGO_PUBLIC_KEY":"APP_USR-a0795dce-baf8-48f6-98af-4defd053ad42","MERCADO_PAGO_ACCESS_TOKEN":"APP_USR-6752615657925923-021923-055cfbc93701d8acfdd153d25b9c4ac8-3215101753","MERCADO_PAGO_CLIENT_ID":"6752615657925923","MERCADO_PAGO_CLIENT_SECRET":"37OPj64uyGyNK2db7e3GBeqizFIF3fuL","MERCADO_PAGO_WEBHOOK_URL":"https://us-central1-reservaeldia-7a440.cloudfunctions.net/mercadoPagoWebhook","MP_WEBHOOK_SECRET":"27104730db6cc9a5f93bc49e4e3f9c70b22f6090845bf7e56d47f3aa2c1589c5","GOOGLE_MAPS_EMBED_API_KEY":"AIzaSyArR56EXHhdSZ1GmpPXwOELlDkoSK-FYrk","FIREBASE_CONFIG":"{\"projectId\":\"reservaeldia-7a440\",\"storageBucket\":\"reservaeldia-7a440.firebasestorage.app\"}","GCLOUD_PROJECT":"reservaeldia-7a440","EVENTARC_CLOUD_EVENT_SOURCE":"projects/reservaeldia-7a440/locations/us-central1/services/listCountdownPresetsPublic","FUNCTION_TARGET":"listCountdownPresetsPublic","LOG_EXECUTION_ID":"true","FUNCTION_SIGNATURE_TYPE":"http"},"maxInstanceCount":100,"ingressSettings":"ALLOW_ALL","uri":"https://listcountdownpresetspublic-vntxuytzsa-uc.a.run.app","serviceAccountEmail":"860495975406-compute@developer.gserviceaccount.com","availableMemory":"256Mi","allTrafficOnLatestRevision":true,"revision":"listcountdownpresetspublic-00182-gul","maxInstanceRequestConcurrency":1,"availableCpu":"0.1666"},"state":"ACTIVE","updateTime":"2026-08-06T16:55:31.447991453Z","labels":{"deployment-tool":"cli-firebase","deployment-callable":"true","firebase-functions-hash":"5efaf1777d259b9855b4eeb91a96fbac3aed1a65"},"environment":"GEN_2","url":"https://us-central1-reservaeldia-7a440.cloudfunctions.net/listCountdownPresetsPublic","createTime":"2026-02-27T02:21:45.502370146Z","satisfiesPzi":true},{"name":"projects/reservaeldia-7a440/locations/us-central1/functions/getUserDirectoryDetail","buildConfig":{"build":"projects/860495975406/locations/us-central1/builds/1d897e22-49c0-4118-9110-b1fdfddc94cc","runtime":"nodejs20","entryPoint":"getUserDirectoryDetail","source":{"storageSource":{"bucket":"gcf-v2-sources-860495975406-us-central1","object":"getUserDirectoryDetail/function-source.zip","generation":"1786035079164531"}},"environmentVariables":{"GOOGLE_NODE_RUN_SCRIPTS":""},"dockerRepository":"projects/reservaeldia-7a440/locations/us-central1/repositories/gcf-artifacts","sourceProvenance":{"resolvedStorageSource":{"bucket":"gcf-v2-sources-860495975406-us-central1","object":"getUserDirectoryDetail/function-source.zip","generation":"1786035079164531"}},"dockerRegistry":"ARTIFACT_REGISTRY","serviceAccount":"projects/reservaeldia-7a440/serviceAccounts/860495975406-compute@developer.gserviceaccount.com","automaticUpdatePolicy":{}},"serviceConfig":{"service":"projects/reservaeldia-7a440/locations/us-central1/services/getuserdirectorydetail","timeoutSeconds":60,"environmentVariables":{"SUPERADMINS_UIDS":"8mvF9cwdbtYo2leAjO11cNxhaLV2","MERCADO_PAGO_PUBLIC_KEY":"APP_USR-a0795dce-baf8-48f6-98af-4defd053ad42","MERCADO_PAGO_ACCESS_TOKEN":"APP_USR-6752615657925923-021923-055cfbc93701d8acfdd153d25b9c4ac8-3215101753","MERCADO_PAGO_CLIENT_ID":"6752615657925923","MERCADO_PAGO_CLIENT_SECRET":"37OPj64uyGyNK2db7e3GBeqizFIF3fuL","MERCADO_PAGO_WEBHOOK_URL":"https://us-central1-reservaeldia-7a440.cloudfunctions.net/mercadoPagoWebhook","MP_WEBHOOK_SECRET":"27104730db6cc9a5f93bc49e4e3f9c70b22f6090845bf7e56d47f3aa2c1589c5","GOOGLE_MAPS_EMBED_API_KEY":"AIzaSyArR56EXHhdSZ1GmpPXwOELlDkoSK-FYrk","FIREBASE_CONFIG":"{\"projectId\":\"reservaeldia-7a440\",\"storageBucket\":\"reservaeldia-7a440.firebasestorage.app\"}","GCLOUD_PROJECT":"reservaeldia-7a440","EVENTARC_CLOUD_EVENT_SOURCE":"projects/reservaeldia-7a440/locations/us-central1/services/getUserDirectoryDetail","FUNCTION_TARGET":"getUserDirectoryDetail","LOG_EXECUTION_ID":"true","FUNCTION_SIGNATURE_TYPE":"http"},"maxInstanceCount":100,"ingressSettings":"ALLOW_ALL","uri":"https://getuserdirectorydetail-vntxuytzsa-uc.a.run.app","serviceAccountEmail":"860495975406-compute@developer.gserviceaccount.com","availableMemory":"256Mi","allTrafficOnLatestRevision":true,"revision":"getuserdirectorydetail-00154-yup","maxInstanceRequestConcurrency":1,"availableCpu":"0.1666"},"state":"ACTIVE","updateTime":"2026-08-06T16:51:49.873699635Z","labels":{"deployment-tool":"cli-firebase","deployment-callable":"true","firebase-functions-hash":"5efaf1777d259b9855b4eeb91a96fbac3aed1a65"},"environment":"GEN_2","url":"https://us-central1-reservaeldia-7a440.cloudfunctions.net/getUserDirectoryDetail","createTime":"2026-03-12T02:31:10.848211790Z","satisfiesPzi":true},{"name":"projects/reservaeldia-7a440/locations/us-central1/functions/publicRsvpSubmit","buildConfig":{"build":"projects/860495975406/locations/us-central1/builds/a6177607-fe15-4f3a-96e8-9f28200f6ff9","runtime":"nodejs20","entryPoint":"publicRsvpSubmit","source":{"storageSource":{"bucket":"gcf-v2-sources-860495975406-us-central1","object":"publicRsvpSubmit/function-source.zip","generation":"1785242974752194"}},"environmentVariables":{"GOOGLE_NODE_RUN_SCRIPTS":""},"dockerRepository":"projects/reservaeldia-7a440/locations/us-central1/repositories/gcf-artifacts","sourceProvenance":{"resolvedStorageSource":{"bucket":"gcf-v2-sources-860495975406-us-central1","object":"publicRsvpSubmit/function-source.zip","generation":"1785242974752194"}},"dockerRegistry":"ARTIFACT_REGISTRY","serviceAccount":"projects/reservaeldia-7a440/serviceAccounts/860495975406-compute@developer.gserviceaccount.com","automaticUpdatePolicy":{}},"serviceConfig":{"service":"projects/reservaeldia-7a440/locations/us-central1/services/publicrsvpsubmit","timeoutSeconds":60,"environmentVariables":{"SUPERADMINS_UIDS":"8mvF9cwdbtYo2leAjO11cNxhaLV2","MERCADO_PAGO_PUBLIC_KEY":"APP_USR-a0795dce-baf8-48f6-98af-4defd053ad42","MERCADO_PAGO_ACCESS_TOKEN":"APP_USR-6752615657925923-021923-055cfbc93701d8acfdd153d25b9c4ac8-3215101753","MERCADO_PAGO_CLIENT_ID":"6752615657925923","MERCADO_PAGO_CLIENT_SECRET":"37OPj64uyGyNK2db7e3GBeqizFIF3fuL","MERCADO_PAGO_WEBHOOK_URL":"https://us-central1-reservaeldia-7a440.cloudfunctions.net/mercadoPagoWebhook","MP_WEBHOOK_SECRET":"27104730db6cc9a5f93bc49e4e3f9c70b22f6090845bf7e56d47f3aa2c1589c5","GOOGLE_MAPS_EMBED_API_KEY":"AIzaSyArR56EXHhdSZ1GmpPXwOELlDkoSK-FYrk","FIREBASE_CONFIG":"{\"projectId\":\"reservaeldia-7a440\",\"storageBucket\":\"reservaeldia-7a440.firebasestorage.app\"}","GCLOUD_PROJECT":"reservaeldia-7a440","EVENTARC_CLOUD_EVENT_SOURCE":"projects/reservaeldia-7a440/locations/us-central1/services/publicRsvpSubmit","FUNCTION_TARGET":"publicRsvpSubmit","LOG_EXECUTION_ID":"true","FUNCTION_SIGNATURE_TYPE":"http"},"maxInstanceCount":100,"ingressSettings":"ALLOW_ALL","uri":"https://publicrsvpsubmit-vntxuytzsa-uc.a.run.app","serviceAccountEmail":"860495975406-compute@developer.gserviceaccount.com","availableMemory":"256Mi","allTrafficOnLatestRevision":true,"revision":"publicrsvpsubmit-00169-xag","maxInstanceRequestConcurrency":1,"availableCpu":"0.1666"},"state":"ACTIVE","updateTime":"2026-07-28T12:50:11.535225145Z","labels":{"deployment-tool":"cli-firebase","firebase-functions-hash":"d122378e98f45effe92711c767be8035f097d07d"},"environment":"GEN_2","url":"https://us-central1-reservaeldia-7a440.cloudfunctions.net/publicRsvpSubmit","createTime":"2026-02-25T23:53:22.483876727Z","satisfiesPzi":true},{"name":"projects/reservaeldia-7a440/locations/us-central1/functions/adminSetDecorPriorityV1","buildConfig":{"build":"projects/860495975406/locations/us-central1/builds/57e95542-d7dd-437d-98c6-b8d327037379","runtime":"nodejs20","entryPoint":"adminSetDecorPriorityV1","source":{"storageSource":{"bucket":"gcf-v2-sources-860495975406-us-central1","object":"adminSetDecorPriorityV1/function-source.zip","generation":"1786034437820552"}},"environmentVariables":{"GOOGLE_NODE_RUN_SCRIPTS":""},"dockerRepository":"projects/reservaeldia-7a440/locations/us-central1/repositories/gcf-artifacts","sourceProvenance":{"resolvedStorageSource":{"bucket":"gcf-v2-sources-860495975406-us-central1","object":"adminSetDecorPriorityV1/function-source.zip","generation":"1786034437820552"}},"dockerRegistry":"ARTIFACT_REGISTRY","serviceAccount":"projects/reservaeldia-7a440/serviceAccounts/860495975406-compute@developer.gserviceaccount.com","automaticUpdatePolicy":{}},"serviceConfig":{"service":"projects/reservaeldia-7a440/locations/us-central1/services/adminsetdecorpriorityv1","timeoutSeconds":60,"environmentVariables":{"SUPERADMINS_UIDS":"8mvF9cwdbtYo2leAjO11cNxhaLV2","MERCADO_PAGO_PUBLIC_KEY":"APP_USR-a0795dce-baf8-48f6-98af-4defd053ad42","MERCADO_PAGO_ACCESS_TOKEN":"APP_USR-6752615657925923-021923-055cfbc93701d8acfdd153d25b9c4ac8-3215101753","MERCADO_PAGO_CLIENT_ID":"6752615657925923","MERCADO_PAGO_CLIENT_SECRET":"37OPj64uyGyNK2db7e3GBeqizFIF3fuL","MERCADO_PAGO_WEBHOOK_URL":"https://us-central1-reservaeldia-7a440.cloudfunctions.net/mercadoPagoWebhook","MP_WEBHOOK_SECRET":"27104730db6cc9a5f93bc49e4e3f9c70b22f6090845bf7e56d47f3aa2c1589c5","GOOGLE_MAPS_EMBED_API_KEY":"AIzaSyArR56EXHhdSZ1GmpPXwOELlDkoSK-FYrk","FIREBASE_CONFIG":"{\"projectId\":\"reservaeldia-7a440\",\"storageBucket\":\"reservaeldia-7a440.firebasestorage.app\"}","GCLOUD_PROJECT":"reservaeldia-7a440","EVENTARC_CLOUD_EVENT_SOURCE":"projects/reservaeldia-7a440/locations/us-central1/services/adminSetDecorPriorityV1","FUNCTION_TARGET":"adminSetDecorPriorityV1","LOG_EXECUTION_ID":"true","FUNCTION_SIGNATURE_TYPE":"http"},"maxInstanceCount":100,"ingressSettings":"ALLOW_ALL","uri":"https://adminsetdecorpriorityv1-vntxuytzsa-uc.a.run.app","serviceAccountEmail":"860495975406-compute@developer.gserviceaccount.com","availableMemory":"256Mi","allTrafficOnLatestRevision":true,"revision":"adminsetdecorpriorityv1-00181-ver","maxInstanceRequestConcurrency":1,"availableCpu":"0.1666"},"state":"ACTIVE","updateTime":"2026-08-06T16:40:49.339665682Z","labels":{"deployment-tool":"cli-firebase","deployment-callable":"true","firebase-functions-hash":"5efaf1777d259b9855b4eeb91a96fbac3aed1a65"},"environment":"GEN_2","url":"https://us-central1-reservaeldia-7a440.cloudfunctions.net/adminSetDecorPriorityV1","createTime":"2026-03-02T00:10:40.988862091Z","satisfiesPzi":true},{"name":"projects/reservaeldia-7a440/locations/us-central1/functions/syncLegacyCountdownPresets","buildConfig":{"build":"projects/860495975406/locations/us-central1/builds/cca5cf55-789d-4371-bd8c-c387d4e9200b","runtime":"nodejs20","entryPoint":"syncLegacyCountdownPresets","source":{"storageSource":{"bucket":"gcf-v2-sources-860495975406-us-central1","object":"syncLegacyCountdownPresets/function-source.zip","generation":"1786035316686603"}},"environmentVariables":{"GOOGLE_NODE_RUN_SCRIPTS":""},"dockerRepository":"projects/reservaeldia-7a440/locations/us-central1/repositories/gcf-artifacts","sourceProvenance":{"resolvedStorageSource":{"bucket":"gcf-v2-sources-860495975406-us-central1","object":"syncLegacyCountdownPresets/function-source.zip","generation":"1786035316686603"}},"dockerRegistry":"ARTIFACT_REGISTRY","serviceAccount":"projects/reservaeldia-7a440/serviceAccounts/860495975406-compute@developer.gserviceaccount.com","automaticUpdatePolicy":{}},"serviceConfig":{"service":"projects/reservaeldia-7a440/locations/us-central1/services/synclegacycountdownpresets","timeoutSeconds":60,"environmentVariables":{"SUPERADMINS_UIDS":"8mvF9cwdbtYo2leAjO11cNxhaLV2","MERCADO_PAGO_PUBLIC_KEY":"APP_USR-a0795dce-baf8-48f6-98af-4defd053ad42","MERCADO_PAGO_ACCESS_TOKEN":"APP_USR-6752615657925923-021923-055cfbc93701d8acfdd153d25b9c4ac8-3215101753","MERCADO_PAGO_CLIENT_ID":"6752615657925923","MERCADO_PAGO_CLIENT_SECRET":"37OPj64uyGyNK2db7e3GBeqizFIF3fuL","MERCADO_PAGO_WEBHOOK_URL":"https://us-central1-reservaeldia-7a440.cloudfunctions.net/mercadoPagoWebhook","MP_WEBHOOK_SECRET":"27104730db6cc9a5f93bc49e4e3f9c70b22f6090845bf7e56d47f3aa2c1589c5","GOOGLE_MAPS_EMBED_API_KEY":"AIzaSyArR56EXHhdSZ1GmpPXwOELlDkoSK-FYrk","FIREBASE_CONFIG":"{\"projectId\":\"reservaeldia-7a440\",\"storageBucket\":\"reservaeldia-7a440.firebasestorage.app\"}","GCLOUD_PROJECT":"reservaeldia-7a440","EVENTARC_CLOUD_EVENT_SOURCE":"projects/reservaeldia-7a440/locations/us-central1/services/syncLegacyCountdownPresets","FUNCTION_TARGET":"syncLegacyCountdownPresets","LOG_EXECUTION_ID":"true","FUNCTION_SIGNATURE_TYPE":"http"},"maxInstanceCount":100,"ingressSettings":"ALLOW_ALL","uri":"https://synclegacycountdownpresets-vntxuytzsa-uc.a.run.app","serviceAccountEmail":"860495975406-compute@developer.gserviceaccount.com","availableMemory":"256Mi","allTrafficOnLatestRevision":true,"revision":"synclegacycountdownpresets-00177-qam","maxInstanceRequestConcurrency":1,"availableCpu":"0.1666"},"state":"ACTIVE","updateTime":"2026-08-06T16:55:33.187019568Z","labels":{"deployment-tool":"cli-firebase","deployment-callable":"true","firebase-functions-hash":"5efaf1777d259b9855b4eeb91a96fbac3aed1a65"},"environment":"GEN_2","url":"https://us-central1-reservaeldia-7a440.cloudfunctions.net/syncLegacyCountdownPresets","createTime":"2026-02-27T03:14:00.930717759Z","satisfiesPzi":true},{"name":"projects/reservaeldia-7a440/locations/us-central1/functions/publishCountdownPresetDraft","buildConfig":{"build":"projects/860495975406/locations/us-central1/builds/cca5cf55-789d-4371-bd8c-c387d4e9200b","runtime":"nodejs20","entryPoint":"publishCountdownPresetDraft","source":{"storageSource":{"bucket":"gcf-v2-sources-860495975406-us-central1","object":"publishCountdownPresetDraft/function-source.zip","generation":"1786035316574090"}},"environmentVariables":{"GOOGLE_NODE_RUN_SCRIPTS":""},"dockerRepository":"projects/reservaeldia-7a440/locations/us-central1/repositories/gcf-artifacts","sourceProvenance":{"resolvedStorageSource":{"bucket":"gcf-v2-sources-860495975406-us-central1","object":"publishCountdownPresetDraft/function-source.zip","generation":"1786035316574090"}},"dockerRegistry":"ARTIFACT_REGISTRY","serviceAccount":"projects/reservaeldia-7a440/serviceAccounts/860495975406-compute@developer.gserviceaccount.com","automaticUpdatePolicy":{}},"serviceConfig":{"service":"projects/reservaeldia-7a440/locations/us-central1/services/publishcountdownpresetdraft","timeoutSeconds":60,"environmentVariables":{"SUPERADMINS_UIDS":"8mvF9cwdbtYo2leAjO11cNxhaLV2","MERCADO_PAGO_PUBLIC_KEY":"APP_USR-a0795dce-baf8-48f6-98af-4defd053ad42","MERCADO_PAGO_ACCESS_TOKEN":"APP_USR-6752615657925923-021923-055cfbc93701d8acfdd153d25b9c4ac8-3215101753","MERCADO_PAGO_CLIENT_ID":"6752615657925923","MERCADO_PAGO_CLIENT_SECRET":"37OPj64uyGyNK2db7e3GBeqizFIF3fuL","MERCADO_PAGO_WEBHOOK_URL":"https://us-central1-reservaeldia-7a440.cloudfunctions.net/mercadoPagoWebhook","MP_WEBHOOK_SECRET":"27104730db6cc9a5f93bc49e4e3f9c70b22f6090845bf7e56d47f3aa2c1589c5","GOOGLE_MAPS_EMBED_API_KEY":"AIzaSyArR56EXHhdSZ1GmpPXwOELlDkoSK-FYrk","FIREBASE_CONFIG":"{\"projectId\":\"reservaeldia-7a440\",\"storageBucket\":\"reservaeldia-7a440.firebasestorage.app\"}","GCLOUD_PROJECT":"reservaeldia-7a440","EVENTARC_CLOUD_EVENT_SOURCE":"projects/reservaeldia-7a440/locations/us-central1/services/publishCountdownPresetDraft","FUNCTION_TARGET":"publishCountdownPresetDraft","LOG_EXECUTION_ID":"true","FUNCTION_SIGNATURE_TYPE":"http"},"maxInstanceCount":100,"ingressSettings":"ALLOW_ALL","uri":"https://publishcountdownpresetdraft-vntxuytzsa-uc.a.run.app","serviceAccountEmail":"860495975406-compute@developer.gserviceaccount.com","availableMemory":"256Mi","allTrafficOnLatestRevision":true,"revision":"publishcountdownpresetdraft-00179-saf","maxInstanceRequestConcurrency":1,"availableCpu":"0.1666"},"state":"ACTIVE","updateTime":"2026-08-06T16:55:30.695443677Z","labels":{"firebase-functions-hash":"5efaf1777d259b9855b4eeb91a96fbac3aed1a65","deployment-tool":"cli-firebase","deployment-callable":"true"},"environment":"GEN_2","url":"https://us-central1-reservaeldia-7a440.cloudfunctions.net/publishCountdownPresetDraft","createTime":"2026-02-27T02:14:28.560886117Z","satisfiesPzi":true},{"name":"projects/reservaeldia-7a440/locations/us-central1/functions/adminGetIconUsageStatsV2","buildConfig":{"build":"projects/860495975406/locations/us-central1/builds/63ad86be-fd19-48aa-8e52-b5898bc22654","runtime":"nodejs20","entryPoint":"adminGetIconUsageStatsV2","source":{"storageSource":{"bucket":"gcf-v2-sources-860495975406-us-central1","object":"adminGetIconUsageStatsV2/function-source.zip","generation":"1786034072590042"}},"environmentVariables":{"GOOGLE_NODE_RUN_SCRIPTS":""},"dockerRepository":"projects/reservaeldia-7a440/locations/us-central1/repositories/gcf-artifacts","sourceProvenance":{"resolvedStorageSource":{"bucket":"gcf-v2-sources-860495975406-us-central1","object":"adminGetIconUsageStatsV2/function-source.zip","generation":"1786034072590042"}},"dockerRegistry":"ARTIFACT_REGISTRY","serviceAccount":"projects/reservaeldia-7a440/serviceAccounts/860495975406-compute@developer.gserviceaccount.com","automaticUpdatePolicy":{}},"serviceConfig":{"service":"projects/reservaeldia-7a440/locations/us-central1/services/admingeticonusagestatsv2","timeoutSeconds":60,"environmentVariables":{"SUPERADMINS_UIDS":"8mvF9cwdbtYo2leAjO11cNxhaLV2","MERCADO_PAGO_PUBLIC_KEY":"APP_USR-a0795dce-baf8-48f6-98af-4defd053ad42","MERCADO_PAGO_ACCESS_TOKEN":"APP_USR-6752615657925923-021923-055cfbc93701d8acfdd153d25b9c4ac8-3215101753","MERCADO_PAGO_CLIENT_ID":"6752615657925923","MERCADO_PAGO_CLIENT_SECRET":"37OPj64uyGyNK2db7e3GBeqizFIF3fuL","MERCADO_PAGO_WEBHOOK_URL":"https://us-central1-reservaeldia-7a440.cloudfunctions.net/mercadoPagoWebhook","MP_WEBHOOK_SECRET":"27104730db6cc9a5f93bc49e4e3f9c70b22f6090845bf7e56d47f3aa2c1589c5","GOOGLE_MAPS_EMBED_API_KEY":"AIzaSyArR56EXHhdSZ1GmpPXwOELlDkoSK-FYrk","FIREBASE_CONFIG":"{\"projectId\":\"reservaeldia-7a440\",\"storageBucket\":\"reservaeldia-7a440.firebasestorage.app\"}","GCLOUD_PROJECT":"reservaeldia-7a440","EVENTARC_CLOUD_EVENT_SOURCE":"projects/reservaeldia-7a440/locations/us-central1/services/adminGetIconUsageStatsV2","FUNCTION_TARGET":"adminGetIconUsageStatsV2","LOG_EXECUTION_ID":"true"},"maxInstanceCount":100,"ingressSettings":"ALLOW_ALL","uri":"https://admingeticonusagestatsv2-vntxuytzsa-uc.a.run.app","serviceAccountEmail":"860495975406-compute@developer.gserviceaccount.com","availableMemory":"256Mi","allTrafficOnLatestRevision":true,"revision":"admingeticonusagestatsv2-00193-zex","maxInstanceRequestConcurrency":1,"availableCpu":"0.1666"},"state":"ACTIVE","updateTime":"2026-08-06T16:36:08.002298038Z","labels":{"deployment-tool":"cli-firebase","deployment-callable":"true","firebase-functions-hash":"5efaf1777d259b9855b4eeb91a96fbac3aed1a65"},"environment":"GEN_2","url":"https://us-central1-reservaeldia-7a440.cloudfunctions.net/adminGetIconUsageStatsV2","createTime":"2026-03-01T13:41:06.362838584Z","satisfiesPzi":true},{"name":"projects/reservaeldia-7a440/locations/us-central1/functions/preparePublicTemplatePreview","buildConfig":{"build":"projects/860495975406/locations/us-central1/builds/cdc08e7e-2094-4d8a-9f6f-34dd7e0c8792","runtime":"nodejs20","entryPoint":"preparePublicTemplatePreview","source":{"storageSource":{"bucket":"gcf-v2-sources-860495975406-us-central1","object":"preparePublicTemplatePreview/function-source.zip","generation":"1785242812548863"}},"environmentVariables":{"GOOGLE_NODE_RUN_SCRIPTS":""},"dockerRepository":"projects/reservaeldia-7a440/locations/us-central1/repositories/gcf-artifacts","sourceProvenance":{"resolvedStorageSource":{"bucket":"gcf-v2-sources-860495975406-us-central1","object":"preparePublicTemplatePreview/function-source.zip","generation":"1785242812548863"}},"dockerRegistry":"ARTIFACT_REGISTRY","serviceAccount":"projects/reservaeldia-7a440/serviceAccounts/860495975406-compute@developer.gserviceaccount.com","automaticUpdatePolicy":{}},"serviceConfig":{"service":"projects/reservaeldia-7a440/locations/us-central1/services/preparepublictemplatepreview","timeoutSeconds":60,"environmentVariables":{"SUPERADMINS_UIDS":"8mvF9cwdbtYo2leAjO11cNxhaLV2","MERCADO_PAGO_PUBLIC_KEY":"APP_USR-a0795dce-baf8-48f6-98af-4defd053ad42","MERCADO_PAGO_ACCESS_TOKEN":"APP_USR-6752615657925923-021923-055cfbc93701d8acfdd153d25b9c4ac8-3215101753","MERCADO_PAGO_CLIENT_ID":"6752615657925923","MERCADO_PAGO_CLIENT_SECRET":"37OPj64uyGyNK2db7e3GBeqizFIF3fuL","MERCADO_PAGO_WEBHOOK_URL":"https://us-central1-reservaeldia-7a440.cloudfunctions.net/mercadoPagoWebhook","MP_WEBHOOK_SECRET":"27104730db6cc9a5f93bc49e4e3f9c70b22f6090845bf7e56d47f3aa2c1589c5","GOOGLE_MAPS_EMBED_API_KEY":"AIzaSyArR56EXHhdSZ1GmpPXwOELlDkoSK-FYrk","FIREBASE_CONFIG":"{\"projectId\":\"reservaeldia-7a440\",\"storageBucket\":\"reservaeldia-7a440.firebasestorage.app\"}","GCLOUD_PROJECT":"reservaeldia-7a440","EVENTARC_CLOUD_EVENT_SOURCE":"projects/reservaeldia-7a440/locations/us-central1/services/preparePublicTemplatePreview","FUNCTION_TARGET":"preparePublicTemplatePreview","LOG_EXECUTION_ID":"true","FUNCTION_SIGNATURE_TYPE":"http"},"maxInstanceCount":60,"ingressSettings":"ALLOW_ALL","uri":"https://preparepublictemplatepreview-vntxuytzsa-uc.a.run.app","serviceAccountEmail":"860495975406-compute@developer.gserviceaccount.com","availableMemory":"512Mi","allTrafficOnLatestRevision":true,"revision":"preparepublictemplatepreview-00047-qom","maxInstanceRequestConcurrency":1,"availableCpu":"0.3333"},"state":"ACTIVE","updateTime":"2026-07-28T12:47:27.711046616Z","labels":{"deployment-tool":"cli-firebase","deployment-callable":"true","firebase-functions-hash":"d122378e98f45effe92711c767be8035f097d07d"},"environment":"GEN_2","url":"https://us-central1-reservaeldia-7a440.cloudfunctions.net/preparePublicTemplatePreview","createTime":"2026-05-17T15:16:02.627832246Z","satisfiesPzi":true},{"name":"projects/reservaeldia-7a440/locations/us-central1/functions/upsertPublicationDiscountCode","buildConfig":{"build":"projects/860495975406/locations/us-central1/builds/c3503ba9-b25a-49e9-a523-0dd176fa3346","runtime":"nodejs20","entryPoint":"upsertPublicationDiscountCode","source":{"storageSource":{"bucket":"gcf-v2-sources-860495975406-us-central1","object":"upsertPublicationDiscountCode/function-source.zip","generation":"1785243150485192"}},"environmentVariables":{"GOOGLE_NODE_RUN_SCRIPTS":""},"dockerRepository":"projects/reservaeldia-7a440/locations/us-central1/repositories/gcf-artifacts","sourceProvenance":{"resolvedStorageSource":{"bucket":"gcf-v2-sources-860495975406-us-central1","object":"upsertPublicationDiscountCode/function-source.zip","generation":"1785243150485192"}},"dockerRegistry":"ARTIFACT_REGISTRY","serviceAccount":"projects/reservaeldia-7a440/serviceAccounts/860495975406-compute@developer.gserviceaccount.com","automaticUpdatePolicy":{}},"serviceConfig":{"service":"projects/reservaeldia-7a440/locations/us-central1/services/upsertpublicationdiscountcode","timeoutSeconds":60,"environmentVariables":{"SUPERADMINS_UIDS":"8mvF9cwdbtYo2leAjO11cNxhaLV2","MERCADO_PAGO_PUBLIC_KEY":"APP_USR-a0795dce-baf8-48f6-98af-4defd053ad42","MERCADO_PAGO_ACCESS_TOKEN":"APP_USR-6752615657925923-021923-055cfbc93701d8acfdd153d25b9c4ac8-3215101753","MERCADO_PAGO_CLIENT_ID":"6752615657925923","MERCADO_PAGO_CLIENT_SECRET":"37OPj64uyGyNK2db7e3GBeqizFIF3fuL","MERCADO_PAGO_WEBHOOK_URL":"https://us-central1-reservaeldia-7a440.cloudfunctions.net/mercadoPagoWebhook","MP_WEBHOOK_SECRET":"27104730db6cc9a5f93bc49e4e3f9c70b22f6090845bf7e56d47f3aa2c1589c5","GOOGLE_MAPS_EMBED_API_KEY":"AIzaSyArR56EXHhdSZ1GmpPXwOELlDkoSK-FYrk","FIREBASE_CONFIG":"{\"projectId\":\"reservaeldia-7a440\",\"storageBucket\":\"reservaeldia-7a440.firebasestorage.app\"}","GCLOUD_PROJECT":"reservaeldia-7a440","EVENTARC_CLOUD_EVENT_SOURCE":"projects/reservaeldia-7a440/locations/us-central1/services/upsertPublicationDiscountCode","FUNCTION_TARGET":"upsertPublicationDiscountCode","LOG_EXECUTION_ID":"true","FUNCTION_SIGNATURE_TYPE":"http"},"maxInstanceCount":100,"ingressSettings":"ALLOW_ALL","uri":"https://upsertpublicationdiscountcode-vntxuytzsa-uc.a.run.app","serviceAccountEmail":"860495975406-compute@developer.gserviceaccount.com","availableMemory":"256Mi","allTrafficOnLatestRevision":true,"revision":"upsertpublicationdiscountcode-00215-gob","maxInstanceRequestConcurrency":1,"availableCpu":"0.1666"},"state":"ACTIVE","updateTime":"2026-07-28T12:53:17.989432855Z","labels":{"deployment-tool":"cli-firebase","deployment-callable":"true","firebase-functions-hash":"d122378e98f45effe92711c767be8035f097d07d"},"environment":"GEN_2","url":"https://us-central1-reservaeldia-7a440.cloudfunctions.net/upsertPublicationDiscountCode","createTime":"2026-02-20T14:26:45.406431012Z","satisfiesPzi":true},{"name":"projects/reservaeldia-7a440/locations/us-central1/functions/getMyProfileStatus","buildConfig":{"build":"projects/860495975406/locations/us-central1/builds/7d221b80-df8a-44b4-8701-79eec488f161","runtime":"nodejs20","entryPoint":"getMyProfileStatus","source":{"storageSource":{"bucket":"gcf-v2-sources-860495975406-us-central1","object":"getMyProfileStatus/function-source.zip","generation":"1786034902735450"}},"environmentVariables":{"GOOGLE_NODE_RUN_SCRIPTS":""},"dockerRepository":"projects/reservaeldia-7a440/locations/us-central1/repositories/gcf-artifacts","sourceProvenance":{"resolvedStorageSource":{"bucket":"gcf-v2-sources-860495975406-us-central1","object":"getMyProfileStatus/function-source.zip","generation":"1786034902735450"}},"dockerRegistry":"ARTIFACT_REGISTRY","serviceAccount":"projects/reservaeldia-7a440/serviceAccounts/860495975406-compute@developer.gserviceaccount.com","automaticUpdatePolicy":{}},"serviceConfig":{"service":"projects/reservaeldia-7a440/locations/us-central1/services/getmyprofilestatus","timeoutSeconds":60,"environmentVariables":{"SUPERADMINS_UIDS":"8mvF9cwdbtYo2leAjO11cNxhaLV2","MERCADO_PAGO_PUBLIC_KEY":"APP_USR-a0795dce-baf8-48f6-98af-4defd053ad42","MERCADO_PAGO_ACCESS_TOKEN":"APP_USR-6752615657925923-021923-055cfbc93701d8acfdd153d25b9c4ac8-3215101753","MERCADO_PAGO_CLIENT_ID":"6752615657925923","MERCADO_PAGO_CLIENT_SECRET":"37OPj64uyGyNK2db7e3GBeqizFIF3fuL","MERCADO_PAGO_WEBHOOK_URL":"https://us-central1-reservaeldia-7a440.cloudfunctions.net/mercadoPagoWebhook","MP_WEBHOOK_SECRET":"27104730db6cc9a5f93bc49e4e3f9c70b22f6090845bf7e56d47f3aa2c1589c5","GOOGLE_MAPS_EMBED_API_KEY":"AIzaSyArR56EXHhdSZ1GmpPXwOELlDkoSK-FYrk","FIREBASE_CONFIG":"{\"projectId\":\"reservaeldia-7a440\",\"storageBucket\":\"reservaeldia-7a440.firebasestorage.app\"}","GCLOUD_PROJECT":"reservaeldia-7a440","EVENTARC_CLOUD_EVENT_SOURCE":"projects/reservaeldia-7a440/locations/us-central1/services/getMyProfileStatus","FUNCTION_TARGET":"getMyProfileStatus","LOG_EXECUTION_ID":"true","FUNCTION_SIGNATURE_TYPE":"http"},"maxInstanceCount":100,"ingressSettings":"ALLOW_ALL","uri":"https://getmyprofilestatus-vntxuytzsa-uc.a.run.app","serviceAccountEmail":"860495975406-compute@developer.gserviceaccount.com","availableMemory":"256Mi","allTrafficOnLatestRevision":true,"revision":"getmyprofilestatus-00249-quh","maxInstanceRequestConcurrency":1,"availableCpu":"0.1666"},"state":"ACTIVE","updateTime":"2026-08-06T16:49:07.639383751Z","labels":{"deployment-tool":"cli-firebase","deployment-callable":"true","firebase-functions-hash":"5efaf1777d259b9855b4eeb91a96fbac3aed1a65"},"environment":"GEN_2","url":"https://us-central1-reservaeldia-7a440.cloudfunctions.net/getMyProfileStatus","createTime":"2026-02-17T21:25:28.079415305Z","satisfiesPzi":true},{"name":"projects/reservaeldia-7a440/locations/us-central1/functions/verInvitacion","buildConfig":{"build":"projects/860495975406/locations/us-central1/builds/6454e527-95a8-45f7-ba38-5303cfa010a9","runtime":"nodejs20","entryPoint":"verInvitacion","source":{"storageSource":{"bucket":"gcf-v2-sources-860495975406-us-central1","object":"verInvitacion/function-source.zip","generation":"1785243344559582"}},"environmentVariables":{"GOOGLE_NODE_RUN_SCRIPTS":""},"dockerRepository":"projects/reservaeldia-7a440/locations/us-central1/repositories/gcf-artifacts","sourceProvenance":{"resolvedStorageSource":{"bucket":"gcf-v2-sources-860495975406-us-central1","object":"verInvitacion/function-source.zip","generation":"1785243344559582"}},"dockerRegistry":"ARTIFACT_REGISTRY","serviceAccount":"projects/reservaeldia-7a440/serviceAccounts/860495975406-compute@developer.gserviceaccount.com","automaticUpdatePolicy":{}},"serviceConfig":{"service":"projects/reservaeldia-7a440/locations/us-central1/services/verinvitacion","timeoutSeconds":60,"environmentVariables":{"SUPERADMINS_UIDS":"8mvF9cwdbtYo2leAjO11cNxhaLV2","MERCADO_PAGO_PUBLIC_KEY":"APP_USR-a0795dce-baf8-48f6-98af-4defd053ad42","MERCADO_PAGO_ACCESS_TOKEN":"APP_USR-6752615657925923-021923-055cfbc93701d8acfdd153d25b9c4ac8-3215101753","MERCADO_PAGO_CLIENT_ID":"6752615657925923","MERCADO_PAGO_CLIENT_SECRET":"37OPj64uyGyNK2db7e3GBeqizFIF3fuL","MERCADO_PAGO_WEBHOOK_URL":"https://us-central1-reservaeldia-7a440.cloudfunctions.net/mercadoPagoWebhook","MP_WEBHOOK_SECRET":"27104730db6cc9a5f93bc49e4e3f9c70b22f6090845bf7e56d47f3aa2c1589c5","GOOGLE_MAPS_EMBED_API_KEY":"AIzaSyArR56EXHhdSZ1GmpPXwOELlDkoSK-FYrk","FIREBASE_CONFIG":"{\"projectId\":\"reservaeldia-7a440\",\"storageBucket\":\"reservaeldia-7a440.firebasestorage.app\"}","GCLOUD_PROJECT":"reservaeldia-7a440","EVENTARC_CLOUD_EVENT_SOURCE":"projects/reservaeldia-7a440/locations/us-central1/services/verInvitacion","FUNCTION_TARGET":"verInvitacion","LOG_EXECUTION_ID":"true","FUNCTION_SIGNATURE_TYPE":"http"},"maxInstanceCount":100,"ingressSettings":"ALLOW_ALL","uri":"https://verinvitacion-vntxuytzsa-uc.a.run.app","serviceAccountEmail":"860495975406-compute@developer.gserviceaccount.com","availableMemory":"256Mi","allTrafficOnLatestRevision":true,"revision":"verinvitacion-00516-suy","maxInstanceRequestConcurrency":1,"availableCpu":"0.1666"},"state":"ACTIVE","updateTime":"2026-07-28T12:56:11.362606313Z","labels":{"deployment-tool":"cli-firebase","firebase-functions-hash":"d122378e98f45effe92711c767be8035f097d07d"},"environment":"GEN_2","url":"https://us-central1-reservaeldia-7a440.cloudfunctions.net/verInvitacion","createTime":"2025-05-18T10:49:42.969823242Z","satisfiesPzi":true},{"name":"projects/reservaeldia-7a440/locations/us-central1/functions/adminUpsertTextPresetV1","buildConfig":{"build":"projects/860495975406/locations/us-central1/builds/286972ba-d751-4f29-8f90-2c27e53fc4e6","runtime":"nodejs20","entryPoint":"adminUpsertTextPresetV1","source":{"storageSource":{"bucket":"gcf-v2-sources-860495975406-us-central1","object":"adminUpsertTextPresetV1/function-source.zip","generation":"1786034593014324"}},"environmentVariables":{"GOOGLE_NODE_RUN_SCRIPTS":""},"dockerRepository":"projects/reservaeldia-7a440/locations/us-central1/repositories/gcf-artifacts","sourceProvenance":{"resolvedStorageSource":{"bucket":"gcf-v2-sources-860495975406-us-central1","object":"adminUpsertTextPresetV1/function-source.zip","generation":"1786034593014324"}},"dockerRegistry":"ARTIFACT_REGISTRY","serviceAccount":"projects/reservaeldia-7a440/serviceAccounts/860495975406-compute@developer.gserviceaccount.com","automaticUpdatePolicy":{}},"serviceConfig":{"service":"projects/reservaeldia-7a440/locations/us-central1/services/adminupserttextpresetv1","timeoutSeconds":60,"environmentVariables":{"SUPERADMINS_UIDS":"8mvF9cwdbtYo2leAjO11cNxhaLV2","MERCADO_PAGO_PUBLIC_KEY":"APP_USR-a0795dce-baf8-48f6-98af-4defd053ad42","MERCADO_PAGO_ACCESS_TOKEN":"APP_USR-6752615657925923-021923-055cfbc93701d8acfdd153d25b9c4ac8-3215101753","MERCADO_PAGO_CLIENT_ID":"6752615657925923","MERCADO_PAGO_CLIENT_SECRET":"37OPj64uyGyNK2db7e3GBeqizFIF3fuL","MERCADO_PAGO_WEBHOOK_URL":"https://us-central1-reservaeldia-7a440.cloudfunctions.net/mercadoPagoWebhook","MP_WEBHOOK_SECRET":"27104730db6cc9a5f93bc49e4e3f9c70b22f6090845bf7e56d47f3aa2c1589c5","GOOGLE_MAPS_EMBED_API_KEY":"AIzaSyArR56EXHhdSZ1GmpPXwOELlDkoSK-FYrk","FIREBASE_CONFIG":"{\"projectId\":\"reservaeldia-7a440\",\"storageBucket\":\"reservaeldia-7a440.firebasestorage.app\"}","GCLOUD_PROJECT":"reservaeldia-7a440","EVENTARC_CLOUD_EVENT_SOURCE":"projects/reservaeldia-7a440/locations/us-central1/services/adminUpsertTextPresetV1","FUNCTION_TARGET":"adminUpsertTextPresetV1","LOG_EXECUTION_ID":"true","FUNCTION_SIGNATURE_TYPE":"http"},"maxInstanceCount":100,"ingressSettings":"ALLOW_ALL","uri":"https://adminupserttextpresetv1-vntxuytzsa-uc.a.run.app","serviceAccountEmail":"860495975406-compute@developer.gserviceaccount.com","availableMemory":"256Mi","allTrafficOnLatestRevision":true,"revision":"adminupserttextpresetv1-00177-kah","maxInstanceRequestConcurrency":1,"availableCpu":"0.1666"},"state":"ACTIVE","updateTime":"2026-08-06T16:43:34.297821238Z","labels":{"deployment-callable":"true","firebase-functions-hash":"5efaf1777d259b9855b4eeb91a96fbac3aed1a65","deployment-tool":"cli-firebase"},"environment":"GEN_2","url":"https://us-central1-reservaeldia-7a440.cloudfunctions.net/adminUpsertTextPresetV1","createTime":"2026-03-02T13:27:17.067996569Z","satisfiesPzi":true},{"name":"projects/reservaeldia-7a440/locations/us-central1/functions/adminUpsertTemplateTagV1","buildConfig":{"build":"projects/860495975406/locations/us-central1/builds/286972ba-d751-4f29-8f90-2c27e53fc4e6","runtime":"nodejs20","entryPoint":"adminUpsertTemplateTagV1","source":{"storageSource":{"bucket":"gcf-v2-sources-860495975406-us-central1","object":"adminUpsertTemplateTagV1/function-source.zip","generation":"1786034592388681"}},"environmentVariables":{"GOOGLE_NODE_RUN_SCRIPTS":""},"dockerRepository":"projects/reservaeldia-7a440/locations/us-central1/repositories/gcf-artifacts","sourceProvenance":{"resolvedStorageSource":{"bucket":"gcf-v2-sources-860495975406-us-central1","object":"adminUpsertTemplateTagV1/function-source.zip","generation":"1786034592388681"}},"dockerRegistry":"ARTIFACT_REGISTRY","serviceAccount":"projects/reservaeldia-7a440/serviceAccounts/860495975406-compute@developer.gserviceaccount.com","automaticUpdatePolicy":{}},"serviceConfig":{"service":"projects/reservaeldia-7a440/locations/us-central1/services/adminupserttemplatetagv1","timeoutSeconds":60,"environmentVariables":{"SUPERADMINS_UIDS":"8mvF9cwdbtYo2leAjO11cNxhaLV2","MERCADO_PAGO_PUBLIC_KEY":"APP_USR-a0795dce-baf8-48f6-98af-4defd053ad42","MERCADO_PAGO_ACCESS_TOKEN":"APP_USR-6752615657925923-021923-055cfbc93701d8acfdd153d25b9c4ac8-3215101753","MERCADO_PAGO_CLIENT_ID":"6752615657925923","MERCADO_PAGO_CLIENT_SECRET":"37OPj64uyGyNK2db7e3GBeqizFIF3fuL","MERCADO_PAGO_WEBHOOK_URL":"https://us-central1-reservaeldia-7a440.cloudfunctions.net/mercadoPagoWebhook","MP_WEBHOOK_SECRET":"27104730db6cc9a5f93bc49e4e3f9c70b22f6090845bf7e56d47f3aa2c1589c5","GOOGLE_MAPS_EMBED_API_KEY":"AIzaSyArR56EXHhdSZ1GmpPXwOELlDkoSK-FYrk","FIREBASE_CONFIG":"{\"projectId\":\"reservaeldia-7a440\",\"storageBucket\":\"reservaeldia-7a440.firebasestorage.app\"}","GCLOUD_PROJECT":"reservaeldia-7a440","EVENTARC_CLOUD_EVENT_SOURCE":"projects/reservaeldia-7a440/locations/us-central1/services/adminUpsertTemplateTagV1","FUNCTION_TARGET":"adminUpsertTemplateTagV1","LOG_EXECUTION_ID":"true","FUNCTION_SIGNATURE_TYPE":"http"},"maxInstanceCount":100,"ingressSettings":"ALLOW_ALL","uri":"https://adminupserttemplatetagv1-vntxuytzsa-uc.a.run.app","serviceAccountEmail":"860495975406-compute@developer.gserviceaccount.com","availableMemory":"256Mi","allTrafficOnLatestRevision":true,"revision":"adminupserttemplatetagv1-00161-huz","maxInstanceRequestConcurrency":1,"availableCpu":"0.1666"},"state":"ACTIVE","updateTime":"2026-08-06T16:43:33.771143527Z","labels":{"firebase-functions-hash":"5efaf1777d259b9855b4eeb91a96fbac3aed1a65","deployment-tool":"cli-firebase","deployment-callable":"true"},"environment":"GEN_2","url":"https://us-central1-reservaeldia-7a440.cloudfunctions.net/adminUpsertTemplateTagV1","createTime":"2026-03-12T21:47:40.895897103Z","satisfiesPzi":true},{"name":"projects/reservaeldia-7a440/locations/us-central1/functions/adminSetIconPriorityV2","buildConfig":{"build":"projects/860495975406/locations/us-central1/builds/57e95542-d7dd-437d-98c6-b8d327037379","runtime":"nodejs20","entryPoint":"adminSetIconPriorityV2","source":{"storageSource":{"bucket":"gcf-v2-sources-860495975406-us-central1","object":"adminSetIconPriorityV2/function-source.zip","generation":"1786034438360126"}},"environmentVariables":{"GOOGLE_NODE_RUN_SCRIPTS":""},"dockerRepository":"projects/reservaeldia-7a440/locations/us-central1/repositories/gcf-artifacts","sourceProvenance":{"resolvedStorageSource":{"bucket":"gcf-v2-sources-860495975406-us-central1","object":"adminSetIconPriorityV2/function-source.zip","generation":"1786034438360126"}},"dockerRegistry":"ARTIFACT_REGISTRY","serviceAccount":"projects/reservaeldia-7a440/serviceAccounts/860495975406-compute@developer.gserviceaccount.com","automaticUpdatePolicy":{}},"serviceConfig":{"service":"projects/reservaeldia-7a440/locations/us-central1/services/adminseticonpriorityv2","timeoutSeconds":60,"environmentVariables":{"SUPERADMINS_UIDS":"8mvF9cwdbtYo2leAjO11cNxhaLV2","MERCADO_PAGO_PUBLIC_KEY":"APP_USR-a0795dce-baf8-48f6-98af-4defd053ad42","MERCADO_PAGO_ACCESS_TOKEN":"APP_USR-6752615657925923-021923-055cfbc93701d8acfdd153d25b9c4ac8-3215101753","MERCADO_PAGO_CLIENT_ID":"6752615657925923","MERCADO_PAGO_CLIENT_SECRET":"37OPj64uyGyNK2db7e3GBeqizFIF3fuL","MERCADO_PAGO_WEBHOOK_URL":"https://us-central1-reservaeldia-7a440.cloudfunctions.net/mercadoPagoWebhook","MP_WEBHOOK_SECRET":"27104730db6cc9a5f93bc49e4e3f9c70b22f6090845bf7e56d47f3aa2c1589c5","GOOGLE_MAPS_EMBED_API_KEY":"AIzaSyArR56EXHhdSZ1GmpPXwOELlDkoSK-FYrk","FIREBASE_CONFIG":"{\"projectId\":\"reservaeldia-7a440\",\"storageBucket\":\"reservaeldia-7a440.firebasestorage.app\"}","GCLOUD_PROJECT":"reservaeldia-7a440","EVENTARC_CLOUD_EVENT_SOURCE":"projects/reservaeldia-7a440/locations/us-central1/services/adminSetIconPriorityV2","FUNCTION_TARGET":"adminSetIconPriorityV2","LOG_EXECUTION_ID":"true","FUNCTION_SIGNATURE_TYPE":"http"},"maxInstanceCount":100,"ingressSettings":"ALLOW_ALL","uri":"https://adminseticonpriorityv2-vntxuytzsa-uc.a.run.app","serviceAccountEmail":"860495975406-compute@developer.gserviceaccount.com","availableMemory":"256Mi","allTrafficOnLatestRevision":true,"revision":"adminseticonpriorityv2-00184-xar","maxInstanceRequestConcurrency":1,"availableCpu":"0.1666"},"state":"ACTIVE","updateTime":"2026-08-06T16:40:47.598675227Z","labels":{"deployment-tool":"cli-firebase","deployment-callable":"true","firebase-functions-hash":"5efaf1777d259b9855b4eeb91a96fbac3aed1a65"},"environment":"GEN_2","url":"https://us-central1-reservaeldia-7a440.cloudfunctions.net/adminSetIconPriorityV2","createTime":"2026-03-01T13:41:06.392186894Z","satisfiesPzi":true}]}
[debug] [2026-08-13T02:21:53.610Z] Checked if tokens are valid: true, expires at: 1786591103748
[debug] [2026-08-13T02:21:53.610Z] Checked if tokens are valid: true, expires at: 1786591103748
[debug] [2026-08-13T02:21:53.610Z] Checked if tokens are valid: true, expires at: 1786591103748
[debug] [2026-08-13T02:21:53.610Z] Checked if tokens are valid: true, expires at: 1786591103748
[debug] [2026-08-13T02:21:53.611Z] >>> [apiv2][query] GET https://firestore.googleapis.com/v1/projects/reservaeldia-7a440/databases/(default) [none]
[debug] [2026-08-13T02:21:53.616Z] >>> [apiv2][query] GET https://firestore.googleapis.com/v1/projects/reservaeldia-7a440/databases/(default) [none]
[debug] [2026-08-13T02:21:54.283Z] <<< [apiv2][status] GET https://firestore.googleapis.com/v1/projects/reservaeldia-7a440/databases/(default) 200
[debug] [2026-08-13T02:21:54.283Z] <<< [apiv2][body] GET https://firestore.googleapis.com/v1/projects/reservaeldia-7a440/databases/(default) {"name":"projects/reservaeldia-7a440/databases/(default)","uid":"e3d48a9d-06c7-4dfd-bdcc-2d3b0421a27f","createTime":"2025-05-13T17:08:24.469477Z","updateTime":"2025-05-13T17:08:24.469477Z","locationId":"southamerica-east1","type":"FIRESTORE_NATIVE","concurrencyMode":"PESSIMISTIC","versionRetentionPeriod":"3600s","earliestVersionTime":"2026-08-13T01:21:54.106348Z","appEngineIntegrationMode":"DISABLED","keyPrefix":"i","pointInTimeRecoveryEnablement":"POINT_IN_TIME_RECOVERY_DISABLED","deleteProtectionState":"DELETE_PROTECTION_DISABLED","databaseEdition":"STANDARD","freeTier":true,"realtimeUpdatesMode":"REALTIME_UPDATES_MODE_ENABLED","etag":"ILDcvPDFnJYDMN6ik+Sa15ID"}
[debug] [2026-08-13T02:21:54.517Z] <<< [apiv2][status] GET https://firestore.googleapis.com/v1/projects/reservaeldia-7a440/databases/(default) 200
[debug] [2026-08-13T02:21:54.517Z] <<< [apiv2][body] GET https://firestore.googleapis.com/v1/projects/reservaeldia-7a440/databases/(default) {"name":"projects/reservaeldia-7a440/databases/(default)","uid":"e3d48a9d-06c7-4dfd-bdcc-2d3b0421a27f","createTime":"2025-05-13T17:08:24.469477Z","updateTime":"2025-05-13T17:08:24.469477Z","locationId":"southamerica-east1","type":"FIRESTORE_NATIVE","concurrencyMode":"PESSIMISTIC","versionRetentionPeriod":"3600s","earliestVersionTime":"2026-08-13T01:21:54.420620Z","appEngineIntegrationMode":"DISABLED","keyPrefix":"i","pointInTimeRecoveryEnablement":"POINT_IN_TIME_RECOVERY_DISABLED","deleteProtectionState":"DELETE_PROTECTION_DISABLED","databaseEdition":"STANDARD","freeTier":true,"realtimeUpdatesMode":"REALTIME_UPDATES_MODE_ENABLED","etag":"IN/6z/DFnJYDMN6ik+Sa15ID"}
[info] i  functions: ensuring required API cloudscheduler.googleapis.com is enabled... 
[debug] [2026-08-13T02:21:54.525Z] Checked if tokens are valid: true, expires at: 1786591103748
[debug] [2026-08-13T02:21:54.525Z] Checked if tokens are valid: true, expires at: 1786591103748
[debug] [2026-08-13T02:21:54.526Z] >>> [apiv2][query] GET https://serviceusage.googleapis.com/v1/projects/860495975406/services/cloudscheduler.googleapis.com [none]
[debug] [2026-08-13T02:21:54.526Z] >>> [apiv2][(partial)header] GET https://serviceusage.googleapis.com/v1/projects/860495975406/services/cloudscheduler.googleapis.com x-goog-quota-user=projects/860495975406
[debug] [2026-08-13T02:21:55.554Z] <<< [apiv2][status] GET https://serviceusage.googleapis.com/v1/projects/860495975406/services/cloudscheduler.googleapis.com 200
[debug] [2026-08-13T02:21:55.555Z] <<< [apiv2][body] GET https://serviceusage.googleapis.com/v1/projects/860495975406/services/cloudscheduler.googleapis.com [omitted]
[info] +  functions: required API cloudscheduler.googleapis.com is enabled 
[info] i  functions: ensuring required API run.googleapis.com is enabled... 
[debug] [2026-08-13T02:21:55.558Z] Checked if tokens are valid: true, expires at: 1786591103748
[debug] [2026-08-13T02:21:55.559Z] Checked if tokens are valid: true, expires at: 1786591103748
[info] i  functions: ensuring required API eventarc.googleapis.com is enabled... 
[debug] [2026-08-13T02:21:55.561Z] Checked if tokens are valid: true, expires at: 1786591103748
[debug] [2026-08-13T02:21:55.561Z] Checked if tokens are valid: true, expires at: 1786591103748
[info] i  functions: ensuring required API pubsub.googleapis.com is enabled... 
[debug] [2026-08-13T02:21:55.562Z] Checked if tokens are valid: true, expires at: 1786591103748
[debug] [2026-08-13T02:21:55.563Z] Checked if tokens are valid: true, expires at: 1786591103748
[info] i  functions: ensuring required API storage.googleapis.com is enabled... 
[debug] [2026-08-13T02:21:55.564Z] Checked if tokens are valid: true, expires at: 1786591103748
[debug] [2026-08-13T02:21:55.564Z] Checked if tokens are valid: true, expires at: 1786591103748
[debug] [2026-08-13T02:21:55.564Z] >>> [apiv2][query] GET https://serviceusage.googleapis.com/v1/projects/860495975406/services/run.googleapis.com [none]
[debug] [2026-08-13T02:21:55.565Z] >>> [apiv2][(partial)header] GET https://serviceusage.googleapis.com/v1/projects/860495975406/services/run.googleapis.com x-goog-quota-user=projects/860495975406
[debug] [2026-08-13T02:21:55.567Z] >>> [apiv2][query] GET https://serviceusage.googleapis.com/v1/projects/860495975406/services/eventarc.googleapis.com [none]
[debug] [2026-08-13T02:21:55.567Z] >>> [apiv2][(partial)header] GET https://serviceusage.googleapis.com/v1/projects/860495975406/services/eventarc.googleapis.com x-goog-quota-user=projects/860495975406
[debug] [2026-08-13T02:21:55.575Z] >>> [apiv2][query] GET https://serviceusage.googleapis.com/v1/projects/860495975406/services/pubsub.googleapis.com [none]
[debug] [2026-08-13T02:21:55.576Z] >>> [apiv2][(partial)header] GET https://serviceusage.googleapis.com/v1/projects/860495975406/services/pubsub.googleapis.com x-goog-quota-user=projects/860495975406
[debug] [2026-08-13T02:21:55.583Z] >>> [apiv2][query] GET https://serviceusage.googleapis.com/v1/projects/860495975406/services/storage.googleapis.com [none]
[debug] [2026-08-13T02:21:55.583Z] >>> [apiv2][(partial)header] GET https://serviceusage.googleapis.com/v1/projects/860495975406/services/storage.googleapis.com x-goog-quota-user=projects/860495975406
[debug] [2026-08-13T02:21:55.946Z] <<< [apiv2][status] GET https://serviceusage.googleapis.com/v1/projects/860495975406/services/run.googleapis.com 200
[debug] [2026-08-13T02:21:55.947Z] <<< [apiv2][body] GET https://serviceusage.googleapis.com/v1/projects/860495975406/services/run.googleapis.com [omitted]
[info] +  functions: required API run.googleapis.com is enabled 
[debug] [2026-08-13T02:21:56.590Z] <<< [apiv2][status] GET https://serviceusage.googleapis.com/v1/projects/860495975406/services/pubsub.googleapis.com 200
[debug] [2026-08-13T02:21:56.590Z] <<< [apiv2][body] GET https://serviceusage.googleapis.com/v1/projects/860495975406/services/pubsub.googleapis.com [omitted]
[info] +  functions: required API pubsub.googleapis.com is enabled 
[debug] [2026-08-13T02:21:56.599Z] <<< [apiv2][status] GET https://serviceusage.googleapis.com/v1/projects/860495975406/services/eventarc.googleapis.com 200
[debug] [2026-08-13T02:21:56.600Z] <<< [apiv2][body] GET https://serviceusage.googleapis.com/v1/projects/860495975406/services/eventarc.googleapis.com [omitted]
[info] +  functions: required API eventarc.googleapis.com is enabled 
[debug] [2026-08-13T02:21:56.616Z] <<< [apiv2][status] GET https://serviceusage.googleapis.com/v1/projects/860495975406/services/storage.googleapis.com 200
[debug] [2026-08-13T02:21:56.617Z] <<< [apiv2][body] GET https://serviceusage.googleapis.com/v1/projects/860495975406/services/storage.googleapis.com [omitted]
[info] +  functions: required API storage.googleapis.com is enabled 
[info] i  functions: generating the service identity for pubsub.googleapis.com... 
[debug] [2026-08-13T02:21:56.619Z] Checked if tokens are valid: true, expires at: 1786591103748
[debug] [2026-08-13T02:21:56.620Z] Checked if tokens are valid: true, expires at: 1786591103748
[info] i  functions: generating the service identity for eventarc.googleapis.com... 
[debug] [2026-08-13T02:21:56.622Z] Checked if tokens are valid: true, expires at: 1786591103748
[debug] [2026-08-13T02:21:56.623Z] Checked if tokens are valid: true, expires at: 1786591103748
[debug] [2026-08-13T02:21:56.624Z] >>> [apiv2][query] POST https://serviceusage.googleapis.com/v1beta1/projects/860495975406/services/pubsub.googleapis.com:generateServiceIdentity [none]
[debug] [2026-08-13T02:21:56.627Z] >>> [apiv2][query] POST https://serviceusage.googleapis.com/v1beta1/projects/860495975406/services/eventarc.googleapis.com:generateServiceIdentity [none]
[debug] [2026-08-13T02:21:57.631Z] <<< [apiv2][status] POST https://serviceusage.googleapis.com/v1beta1/projects/860495975406/services/pubsub.googleapis.com:generateServiceIdentity 200
[debug] [2026-08-13T02:21:57.632Z] <<< [apiv2][body] POST https://serviceusage.googleapis.com/v1beta1/projects/860495975406/services/pubsub.googleapis.com:generateServiceIdentity {"name":"operations/finished.DONE_OPERATION","done":true,"response":{"@type":"type.googleapis.com/google.api.serviceusage.v1beta1.ServiceIdentity","email":"service-860495975406@gcp-sa-pubsub.iam.gserviceaccount.com","uniqueId":"102420411293368249382"}}
[debug] [2026-08-13T02:21:57.638Z] <<< [apiv2][status] POST https://serviceusage.googleapis.com/v1beta1/projects/860495975406/services/eventarc.googleapis.com:generateServiceIdentity 200
[debug] [2026-08-13T02:21:57.639Z] <<< [apiv2][body] POST https://serviceusage.googleapis.com/v1beta1/projects/860495975406/services/eventarc.googleapis.com:generateServiceIdentity {"name":"operations/finished.DONE_OPERATION","done":true,"response":{"@type":"type.googleapis.com/google.api.serviceusage.v1beta1.ServiceIdentity","email":"service-860495975406@gcp-sa-eventarc.iam.gserviceaccount.com","uniqueId":"100627634902723383119"}}
[debug] [2026-08-13T02:21:57.652Z] Checked if tokens are valid: true, expires at: 1786591103748
[debug] [2026-08-13T02:21:57.653Z] Checked if tokens are valid: true, expires at: 1786591103748
[debug] [2026-08-13T02:21:57.653Z] >>> [apiv2][query] GET https://serviceusage.googleapis.com/v1/projects/reservaeldia-7a440/services/cloudresourcemanager.googleapis.com [none]
[debug] [2026-08-13T02:21:57.653Z] >>> [apiv2][(partial)header] GET https://serviceusage.googleapis.com/v1/projects/reservaeldia-7a440/services/cloudresourcemanager.googleapis.com x-goog-quota-user=projects/reservaeldia-7a440
[debug] [2026-08-13T02:21:58.041Z] <<< [apiv2][status] GET https://serviceusage.googleapis.com/v1/projects/reservaeldia-7a440/services/cloudresourcemanager.googleapis.com 200
[debug] [2026-08-13T02:21:58.041Z] <<< [apiv2][body] GET https://serviceusage.googleapis.com/v1/projects/reservaeldia-7a440/services/cloudresourcemanager.googleapis.com [omitted]
[debug] [2026-08-13T02:21:58.042Z] Checked if tokens are valid: true, expires at: 1786591103748
[debug] [2026-08-13T02:21:58.042Z] Checked if tokens are valid: true, expires at: 1786591103748
[debug] [2026-08-13T02:21:58.043Z] >>> [apiv2][query] GET https://cloudresourcemanager.googleapis.com/v1/projects/reservaeldia-7a440 [none]
[debug] [2026-08-13T02:21:58.914Z] <<< [apiv2][status] GET https://cloudresourcemanager.googleapis.com/v1/projects/reservaeldia-7a440 200
[debug] [2026-08-13T02:21:58.914Z] <<< [apiv2][body] GET https://cloudresourcemanager.googleapis.com/v1/projects/reservaeldia-7a440 {"projectNumber":"860495975406","projectId":"reservaeldia-7a440","lifecycleState":"ACTIVE","name":"reservaeldia","labels":{"firebase":"enabled","firebase-core":"disabled"},"createTime":"2025-05-13T16:59:45.366548Z"}
[debug] [2026-08-13T02:21:58.916Z] Checked if tokens are valid: true, expires at: 1786591103748
[debug] [2026-08-13T02:21:58.916Z] Checked if tokens are valid: true, expires at: 1786591103748
[debug] [2026-08-13T02:21:58.917Z] >>> [apiv2][query] GET https://compute.googleapis.com/compute/v1/projects/860495975406 [none]
[debug] [2026-08-13T02:21:59.239Z] <<< [apiv2][status] GET https://compute.googleapis.com/compute/v1/projects/860495975406 403
[debug] [2026-08-13T02:21:59.240Z] <<< [apiv2][body] GET https://compute.googleapis.com/compute/v1/projects/860495975406 {"error":{"code":403,"message":"Compute Engine API has not been used in project 860495975406 before or it is disabled. Enable it by visiting https://console.developers.google.com/apis/api/compute.googleapis.com/overview?project=860495975406 then retry. If you enabled this API recently, wait a few minutes for the action to propagate to our systems and retry.","errors":[{"message":"Compute Engine API has not been used in project 860495975406 before or it is disabled. Enable it by visiting https://console.developers.google.com/apis/api/compute.googleapis.com/overview?project=860495975406 then retry. If you enabled this API recently, wait a few minutes for the action to propagate to our systems and retry.","domain":"usageLimits","reason":"accessNotConfigured","extendedHelp":"https://console.developers.google.com"}],"status":"PERMISSION_DENIED","details":[{"@type":"type.googleapis.com/google.rpc.ErrorInfo","reason":"SERVICE_DISABLED","domain":"googleapis.com","metadata":{"activationUrl":"https://console.developers.google.com/apis/api/compute.googleapis.com/overview?project=860495975406","consumer":"projects/860495975406","service":"compute.googleapis.com","containerInfo":"860495975406","serviceTitle":"Compute Engine API"}},{"@type":"type.googleapis.com/google.rpc.LocalizedMessage","locale":"en-US","message":"Compute Engine API has not been used in project 860495975406 before or it is disabled. Enable it by visiting https://console.developers.google.com/apis/api/compute.googleapis.com/overview?project=860495975406 then retry. If you enabled this API recently, wait a few minutes for the action to propagate to our systems and retry."},{"@type":"type.googleapis.com/google.rpc.Help","links":[{"description":"Google developers console API activation","url":"https://console.developers.google.com/apis/api/compute.googleapis.com/overview?project=860495975406"}]}]}}
[debug] [2026-08-13T02:21:59.244Z] unable to look up default compute service account. Falling back to 860495975406-compute@developer.gserviceaccount.com. Error: {"name":"FirebaseError","children":[],"context":{"body":{"error":{"code":403,"message":"Compute Engine API has not been used in project 860495975406 before or it is disabled. Enable it by visiting https://console.developers.google.com/apis/api/compute.googleapis.com/overview?project=860495975406 then retry. If you enabled this API recently, wait a few minutes for the action to propagate to our systems and retry.","errors":[{"message":"Compute Engine API has not been used in project 860495975406 before or it is disabled. Enable it by visiting https://console.developers.google.com/apis/api/compute.googleapis.com/overview?project=860495975406 then retry. If you enabled this API recently, wait a few minutes for the action to propagate to our systems and retry.","domain":"usageLimits","reason":"accessNotConfigured","extendedHelp":"https://console.developers.google.com"}],"status":"PERMISSION_DENIED","details":[{"@type":"type.googleapis.com/google.rpc.ErrorInfo","reason":"SERVICE_DISABLED","domain":"googleapis.com","metadata":{"activationUrl":"https://console.developers.google.com/apis/api/compute.googleapis.com/overview?project=860495975406","consumer":"projects/860495975406","service":"compute.googleapis.com","containerInfo":"860495975406","serviceTitle":"Compute Engine API"}},{"@type":"type.googleapis.com/google.rpc.LocalizedMessage","locale":"en-US","message":"Compute Engine API has not been used in project 860495975406 before or it is disabled. Enable it by visiting https://console.developers.google.com/apis/api/compute.googleapis.com/overview?project=860495975406 then retry. If you enabled this API recently, wait a few minutes for the action to propagate to our systems and retry."},{"@type":"type.googleapis.com/google.rpc.Help","links":[{"description":"Google developers console API activation","url":"https://console.developers.google.com/apis/api/compute.googleapis.com/overview?project=860495975406"}]}]}},"response":{"statusCode":403}},"exit":1,"message":"Request to https://compute.googleapis.com/compute/v1/projects/860495975406 had HTTP Error: 403, Compute Engine API has not been used in project 860495975406 before or it is disabled. Enable it by visiting https://console.developers.google.com/apis/api/compute.googleapis.com/overview?project=860495975406 then retry. If you enabled this API recently, wait a few minutes for the action to propagate to our systems and retry.","status":403}
[debug] [2026-08-13T02:21:59.268Z] Checked if tokens are valid: true, expires at: 1786591103748
[debug] [2026-08-13T02:21:59.268Z] Checked if tokens are valid: true, expires at: 1786591103748
[debug] [2026-08-13T02:21:59.269Z] >>> [apiv2][query] GET https://cloudbilling.googleapis.com/v1/projects/reservaeldia-7a440/billingInfo [none]
[debug] [2026-08-13T02:22:00.502Z] <<< [apiv2][status] GET https://cloudbilling.googleapis.com/v1/projects/reservaeldia-7a440/billingInfo 200
[debug] [2026-08-13T02:22:00.503Z] <<< [apiv2][body] GET https://cloudbilling.googleapis.com/v1/projects/reservaeldia-7a440/billingInfo {"name":"projects/reservaeldia-7a440/billingInfo","projectId":"reservaeldia-7a440","billingAccountName":"billingAccounts/01C65F-EAB19D-FB5FC6","billingEnabled":true}
[debug] [2026-08-13T02:22:00.515Z] Checked if tokens are valid: true, expires at: 1786591103748
[debug] [2026-08-13T02:22:00.516Z] Checked if tokens are valid: true, expires at: 1786591103748
[debug] [2026-08-13T02:22:00.517Z] >>> [apiv2][query] POST https://cloudfunctions.googleapis.com/v2/projects/reservaeldia-7a440/locations/us-central1/functions:generateUploadUrl [none]
[debug] [2026-08-13T02:22:01.671Z] <<< [apiv2][status] POST https://cloudfunctions.googleapis.com/v2/projects/reservaeldia-7a440/locations/us-central1/functions:generateUploadUrl 200
[debug] [2026-08-13T02:22:01.671Z] <<< [apiv2][body] POST https://cloudfunctions.googleapis.com/v2/projects/reservaeldia-7a440/locations/us-central1/functions:generateUploadUrl {"uploadUrl":"https://storage.googleapis.com/gcf-v2-uploads-860495975406.us-central1.cloudfunctions.appspot.com/70496ff5-eb61-48da-b215-79f25b264dc0.zip?GoogleAccessId=service-860495975406@gcf-admin-robot.iam.gserviceaccount.com&Expires=1786589521&Signature=tZiQsIM6rpot95s%2BodJ4C%2Bo6n1LPP4DVQpfnP4G4uB8S2SxrR1xSRxgd2UhzUeVlanvNZhtCSPufOB6VJHgnRgkclb%2BJKQ9JwOIrRiQrbD5YTWzZqX3SICMFzhhE0tkomeSDGKxznXv9CQCX3T0k7jST8qggeyUQo%2BpFuqRTcllbhKYdvo%2BqN6zsk2zlWs7rf0O1d4gzPNXadqOJfuKiSyK1%2BlpFLvMG6%2Ffq3x2omuuuVWKsDULqKOOnMTAVIcCJIzWyjNNVeiWSAl8TUJzxT7%2BcbcfTb6dgszRDCrD723zp%2BsvjlRsu1EQMd3T4cANkO3VDiqqdMiMcvQTa1a8LzQ%3D%3D","storageSource":{"bucket":"gcf-v2-uploads-860495975406.us-central1.cloudfunctions.appspot.com","object":"70496ff5-eb61-48da-b215-79f25b264dc0.zip"}}
[debug] [2026-08-13T02:22:01.681Z] >>> [apiv2][query] PUT https://storage.googleapis.com/gcf-v2-uploads-860495975406.us-central1.cloudfunctions.appspot.com/70496ff5-eb61-48da-b215-79f25b264dc0.zip GoogleAccessId=service-860495975406%40gcf-admin-robot.iam.gserviceaccount.com&Expires=1786589521&Signature=tZiQsIM6rpot95s%2BodJ4C%2Bo6n1LPP4DVQpfnP4G4uB8S2SxrR1xSRxgd2UhzUeVlanvNZhtCSPufOB6VJHgnRgkclb%2BJKQ9JwOIrRiQrbD5YTWzZqX3SICMFzhhE0tkomeSDGKxznXv9CQCX3T0k7jST8qggeyUQo%2BpFuqRTcllbhKYdvo%2BqN6zsk2zlWs7rf0O1d4gzPNXadqOJfuKiSyK1%2BlpFLvMG6%2Ffq3x2omuuuVWKsDULqKOOnMTAVIcCJIzWyjNNVeiWSAl8TUJzxT7%2BcbcfTb6dgszRDCrD723zp%2BsvjlRsu1EQMd3T4cANkO3VDiqqdMiMcvQTa1a8LzQ%3D%3D
[debug] [2026-08-13T02:22:01.682Z] >>> [apiv2][body] PUT https://storage.googleapis.com/gcf-v2-uploads-860495975406.us-central1.cloudfunctions.appspot.com/70496ff5-eb61-48da-b215-79f25b264dc0.zip [stream]
[debug] [2026-08-13T02:22:03.426Z] <<< [apiv2][status] PUT https://storage.googleapis.com/gcf-v2-uploads-860495975406.us-central1.cloudfunctions.appspot.com/70496ff5-eb61-48da-b215-79f25b264dc0.zip 200
[debug] [2026-08-13T02:22:03.426Z] <<< [apiv2][body] PUT https://storage.googleapis.com/gcf-v2-uploads-860495975406.us-central1.cloudfunctions.appspot.com/70496ff5-eb61-48da-b215-79f25b264dc0.zip [omitted]
[info] +  functions: functions folder uploaded successfully 
[info] i  functions: updating Node.js 20 (2nd Gen) function prepareDraftPreviewRender(us-central1)... 
[debug] [2026-08-13T02:22:03.459Z] Checked if tokens are valid: true, expires at: 1786591103748
[debug] [2026-08-13T02:22:03.460Z] Checked if tokens are valid: true, expires at: 1786591103748
[debug] [2026-08-13T02:22:03.461Z] >>> [apiv2][query] PATCH https://cloudfunctions.googleapis.com/v2/projects/reservaeldia-7a440/locations/us-central1/functions/prepareDraftPreviewRender updateMask=name%2CbuildConfig.runtime%2CbuildConfig.entryPoint%2CbuildConfig.source.storageSource.bucket%2CbuildConfig.source.storageSource.object%2CbuildConfig.environmentVariables%2CbuildConfig.sourceToken%2CserviceConfig.environmentVariables%2CserviceConfig.ingressSettings%2CserviceConfig.timeoutSeconds%2CserviceConfig.serviceAccountEmail%2CserviceConfig.availableMemory%2CserviceConfig.minInstanceCount%2CserviceConfig.maxInstanceCount%2CserviceConfig.maxInstanceRequestConcurrency%2CserviceConfig.availableCpu%2CserviceConfig.vpcConnector%2CserviceConfig.vpcConnectorEgressSettings%2Clabels
[debug] [2026-08-13T02:22:03.462Z] >>> [apiv2][body] PATCH https://cloudfunctions.googleapis.com/v2/projects/reservaeldia-7a440/locations/us-central1/functions/prepareDraftPreviewRender {"name":"projects/reservaeldia-7a440/locations/us-central1/functions/prepareDraftPreviewRender","buildConfig":{"runtime":"nodejs20","entryPoint":"prepareDraftPreviewRender","source":{"storageSource":{"bucket":"gcf-v2-uploads-860495975406.us-central1.cloudfunctions.appspot.com","object":"70496ff5-eb61-48da-b215-79f25b264dc0.zip"}},"environmentVariables":{"GOOGLE_NODE_RUN_SCRIPTS":""}},"serviceConfig":{"environmentVariables":{"SUPERADMINS_UIDS":"8mvF9cwdbtYo2leAjO11cNxhaLV2","MERCADO_PAGO_PUBLIC_KEY":"APP_USR-a0795dce-baf8-48f6-98af-4defd053ad42","MERCADO_PAGO_ACCESS_TOKEN":"APP_USR-6752615657925923-021923-055cfbc93701d8acfdd153d25b9c4ac8-3215101753","MERCADO_PAGO_CLIENT_ID":"6752615657925923","MERCADO_PAGO_CLIENT_SECRET":"37OPj64uyGyNK2db7e3GBeqizFIF3fuL","MERCADO_PAGO_WEBHOOK_URL":"https://us-central1-reservaeldia-7a440.cloudfunctions.net/mercadoPagoWebhook","MP_WEBHOOK_SECRET":"27104730db6cc9a5f93bc49e4e3f9c70b22f6090845bf7e56d47f3aa2c1589c5","GOOGLE_MAPS_EMBED_API_KEY":"AIzaSyArR56EXHhdSZ1GmpPXwOELlDkoSK-FYrk","FIREBASE_CONFIG":"{\"projectId\":\"reservaeldia-7a440\",\"storageBucket\":\"reservaeldia-7a440.firebasestorage.app\"}","GCLOUD_PROJECT":"reservaeldia-7a440","EVENTARC_CLOUD_EVENT_SOURCE":"projects/reservaeldia-7a440/locations/us-central1/services/prepareDraftPreviewRender","FUNCTION_TARGET":"prepareDraftPreviewRender","LOG_EXECUTION_ID":"true"},"ingressSettings":null,"timeoutSeconds":null,"serviceAccountEmail":null,"availableMemory":"512Mi","minInstanceCount":null,"maxInstanceCount":null,"maxInstanceRequestConcurrency":1,"availableCpu":"0.3333","vpcConnector":null,"vpcConnectorEgressSettings":null},"labels":{"deployment-tool":"cli-firebase","deployment-callable":"true","firebase-functions-hash":"cd79a1fcdd51589b837bd2b426add016a5910cc6"}}
[debug] [2026-08-13T02:22:05.511Z] <<< [apiv2][status] PATCH https://cloudfunctions.googleapis.com/v2/projects/reservaeldia-7a440/locations/us-central1/functions/prepareDraftPreviewRender 200
[debug] [2026-08-13T02:22:05.512Z] <<< [apiv2][body] PATCH https://cloudfunctions.googleapis.com/v2/projects/reservaeldia-7a440/locations/us-central1/functions/prepareDraftPreviewRender {"name":"projects/reservaeldia-7a440/locations/us-central1/operations/operation-1786587724325-658e45eab228f-88874956-d86906ae","metadata":{"@type":"type.googleapis.com/google.cloud.functions.v2.OperationMetadata","createTime":"2026-08-13T02:22:05.309343265Z","target":"projects/reservaeldia-7a440/locations/us-central1/functions/prepareDraftPreviewRender","verb":"update","cancelRequested":false,"apiVersion":"v2"},"done":false}
[debug] [2026-08-13T02:22:05.515Z] Checked if tokens are valid: true, expires at: 1786591103748
[debug] [2026-08-13T02:22:05.516Z] Checked if tokens are valid: true, expires at: 1786591103748
[debug] [2026-08-13T02:22:05.517Z] >>> [apiv2][query] GET https://cloudfunctions.googleapis.com/v2/projects/reservaeldia-7a440/locations/us-central1/operations/operation-1786587724325-658e45eab228f-88874956-d86906ae [none]
[debug] [2026-08-13T02:22:06.472Z] <<< [apiv2][status] GET https://cloudfunctions.googleapis.com/v2/projects/reservaeldia-7a440/locations/us-central1/operations/operation-1786587724325-658e45eab228f-88874956-d86906ae 200
[debug] [2026-08-13T02:22:06.473Z] <<< [apiv2][body] GET https://cloudfunctions.googleapis.com/v2/projects/reservaeldia-7a440/locations/us-central1/operations/operation-1786587724325-658e45eab228f-88874956-d86906ae {"name":"projects/reservaeldia-7a440/locations/us-central1/operations/operation-1786587724325-658e45eab228f-88874956-d86906ae","metadata":{"@type":"type.googleapis.com/google.cloud.functions.v2.OperationMetadata","createTime":"2026-08-13T02:22:05.309343265Z","target":"projects/reservaeldia-7a440/locations/us-central1/functions/prepareDraftPreviewRender","verb":"update","cancelRequested":false,"apiVersion":"v2","requestResource":{"@type":"type.googleapis.com/google.cloud.functions.v2.Function","name":"projects/reservaeldia-7a440/locations/us-central1/functions/prepareDraftPreviewRender","buildConfig":{"runtime":"nodejs20","entryPoint":"prepareDraftPreviewRender","source":{"storageSource":{"bucket":"gcf-v2-sources-860495975406-us-central1","object":"prepareDraftPreviewRender/function-source.zip","generation":"1786587725246791"}},"environmentVariables":{"GOOGLE_NODE_RUN_SCRIPTS":""},"dockerRepository":"projects/reservaeldia-7a440/locations/us-central1/repositories/gcf-artifacts","sourceProvenance":{"resolvedStorageSource":{"bucket":"gcf-v2-sources-860495975406-us-central1","object":"prepareDraftPreviewRender/function-source.zip","generation":"1786035169303151"}},"dockerRegistry":"ARTIFACT_REGISTRY","serviceAccount":"projects/reservaeldia-7a440/serviceAccounts/860495975406-compute@developer.gserviceaccount.com","automaticUpdatePolicy":{}},"serviceConfig":{"service":"projects/reservaeldia-7a440/locations/us-central1/services/preparedraftpreviewrender","timeoutSeconds":60,"environmentVariables":{"SUPERADMINS_UIDS":"8mvF9cwdbtYo2leAjO11cNxhaLV2","MERCADO_PAGO_PUBLIC_KEY":"APP_USR-a0795dce-baf8-48f6-98af-4defd053ad42","MERCADO_PAGO_ACCESS_TOKEN":"APP_USR-6752615657925923-021923-055cfbc93701d8acfdd153d25b9c4ac8-3215101753","MERCADO_PAGO_CLIENT_ID":"6752615657925923","MERCADO_PAGO_CLIENT_SECRET":"37OPj64uyGyNK2db7e3GBeqizFIF3fuL","MERCADO_PAGO_WEBHOOK_URL":"https://us-central1-reservaeldia-7a440.cloudfunctions.net/mercadoPagoWebhook","MP_WEBHOOK_SECRET":"27104730db6cc9a5f93bc49e4e3f9c70b22f6090845bf7e56d47f3aa2c1589c5","GOOGLE_MAPS_EMBED_API_KEY":"AIzaSyArR56EXHhdSZ1GmpPXwOELlDkoSK-FYrk","FIREBASE_CONFIG":"{\"projectId\":\"reservaeldia-7a440\",\"storageBucket\":\"reservaeldia-7a440.firebasestorage.app\"}","GCLOUD_PROJECT":"reservaeldia-7a440","EVENTARC_CLOUD_EVENT_SOURCE":"projects/reservaeldia-7a440/locations/us-central1/services/prepareDraftPreviewRender","FUNCTION_TARGET":"prepareDraftPreviewRender","LOG_EXECUTION_ID":"true"},"ingressSettings":"ALLOW_ALL","uri":"https://preparedraftpreviewrender-vntxuytzsa-uc.a.run.app","serviceAccountEmail":"860495975406-compute@developer.gserviceaccount.com","availableMemory":"512Mi","allTrafficOnLatestRevision":true,"revision":"preparedraftpreviewrender-00084-yuj","maxInstanceRequestConcurrency":1,"availableCpu":"0.3333"},"state":"ACTIVE","labels":{"deployment-tool":"cli-firebase","deployment-callable":"true","firebase-functions-hash":"cd79a1fcdd51589b837bd2b426add016a5910cc6"},"environment":"GEN_2","url":"https://us-central1-reservaeldia-7a440.cloudfunctions.net/prepareDraftPreviewRender","satisfiesPzi":true},"stages":[{"name":"BUILD","state":"NOT_STARTED","stateMessages":[{"severity":"WARNING","type":"BuildAnalysisWarning","message":"Node.js 20 is no longer supported by the Node.js community as of 30 April, 2026. Node.js 20 will be decommissioned on 2026-10-30. As of 2026-10-30 you will no longer be able to deploy your Cloud Functions using nodejs20. We recommend you to upgrade to the latest version of Node.js as soon as possible."}]},{"name":"SERVICE","state":"NOT_STARTED"}],"operationType":"UPDATE_FUNCTION"},"done":false}
[debug] [2026-08-13T02:22:06.976Z] [update-default-us-central1-prepareDraftPreviewRender] Retrying task index 0
[debug] [2026-08-13T02:22:06.977Z] Checked if tokens are valid: true, expires at: 1786591103748
[debug] [2026-08-13T02:22:06.978Z] Checked if tokens are valid: true, expires at: 1786591103748
[debug] [2026-08-13T02:22:06.978Z] >>> [apiv2][query] GET https://cloudfunctions.googleapis.com/v2/projects/reservaeldia-7a440/locations/us-central1/operations/operation-1786587724325-658e45eab228f-88874956-d86906ae [none]
[debug] [2026-08-13T02:22:07.933Z] <<< [apiv2][status] GET https://cloudfunctions.googleapis.com/v2/projects/reservaeldia-7a440/locations/us-central1/operations/operation-1786587724325-658e45eab228f-88874956-d86906ae 200
[debug] [2026-08-13T02:22:07.934Z] <<< [apiv2][body] GET https://cloudfunctions.googleapis.com/v2/projects/reservaeldia-7a440/locations/us-central1/operations/operation-1786587724325-658e45eab228f-88874956-d86906ae {"name":"projects/reservaeldia-7a440/locations/us-central1/operations/operation-1786587724325-658e45eab228f-88874956-d86906ae","metadata":{"@type":"type.googleapis.com/google.cloud.functions.v2.OperationMetadata","createTime":"2026-08-13T02:22:05.309343265Z","target":"projects/reservaeldia-7a440/locations/us-central1/functions/prepareDraftPreviewRender","verb":"update","cancelRequested":false,"apiVersion":"v2","requestResource":{"@type":"type.googleapis.com/google.cloud.functions.v2.Function","name":"projects/reservaeldia-7a440/locations/us-central1/functions/prepareDraftPreviewRender","buildConfig":{"runtime":"nodejs20","entryPoint":"prepareDraftPreviewRender","source":{"storageSource":{"bucket":"gcf-v2-sources-860495975406-us-central1","object":"prepareDraftPreviewRender/function-source.zip","generation":"1786587725246791"}},"environmentVariables":{"GOOGLE_NODE_RUN_SCRIPTS":""},"dockerRepository":"projects/reservaeldia-7a440/locations/us-central1/repositories/gcf-artifacts","sourceProvenance":{"resolvedStorageSource":{"bucket":"gcf-v2-sources-860495975406-us-central1","object":"prepareDraftPreviewRender/function-source.zip","generation":"1786035169303151"}},"dockerRegistry":"ARTIFACT_REGISTRY","serviceAccount":"projects/reservaeldia-7a440/serviceAccounts/860495975406-compute@developer.gserviceaccount.com","automaticUpdatePolicy":{}},"serviceConfig":{"service":"projects/reservaeldia-7a440/locations/us-central1/services/preparedraftpreviewrender","timeoutSeconds":60,"environmentVariables":{"SUPERADMINS_UIDS":"8mvF9cwdbtYo2leAjO11cNxhaLV2","MERCADO_PAGO_PUBLIC_KEY":"APP_USR-a0795dce-baf8-48f6-98af-4defd053ad42","MERCADO_PAGO_ACCESS_TOKEN":"APP_USR-6752615657925923-021923-055cfbc93701d8acfdd153d25b9c4ac8-3215101753","MERCADO_PAGO_CLIENT_ID":"6752615657925923","MERCADO_PAGO_CLIENT_SECRET":"37OPj64uyGyNK2db7e3GBeqizFIF3fuL","MERCADO_PAGO_WEBHOOK_URL":"https://us-central1-reservaeldia-7a440.cloudfunctions.net/mercadoPagoWebhook","MP_WEBHOOK_SECRET":"27104730db6cc9a5f93bc49e4e3f9c70b22f6090845bf7e56d47f3aa2c1589c5","GOOGLE_MAPS_EMBED_API_KEY":"AIzaSyArR56EXHhdSZ1GmpPXwOELlDkoSK-FYrk","FIREBASE_CONFIG":"{\"projectId\":\"reservaeldia-7a440\",\"storageBucket\":\"reservaeldia-7a440.firebasestorage.app\"}","GCLOUD_PROJECT":"reservaeldia-7a440","EVENTARC_CLOUD_EVENT_SOURCE":"projects/reservaeldia-7a440/locations/us-central1/services/prepareDraftPreviewRender","FUNCTION_TARGET":"prepareDraftPreviewRender","LOG_EXECUTION_ID":"true"},"ingressSettings":"ALLOW_ALL","uri":"https://preparedraftpreviewrender-vntxuytzsa-uc.a.run.app","serviceAccountEmail":"860495975406-compute@developer.gserviceaccount.com","availableMemory":"512Mi","allTrafficOnLatestRevision":true,"revision":"preparedraftpreviewrender-00084-yuj","maxInstanceRequestConcurrency":1,"availableCpu":"0.3333"},"state":"ACTIVE","labels":{"deployment-tool":"cli-firebase","deployment-callable":"true","firebase-functions-hash":"cd79a1fcdd51589b837bd2b426add016a5910cc6"},"environment":"GEN_2","url":"https://us-central1-reservaeldia-7a440.cloudfunctions.net/prepareDraftPreviewRender","satisfiesPzi":true},"stages":[{"name":"BUILD","message":"Build in progress","state":"IN_PROGRESS","resource":"projects/860495975406/locations/us-central1/builds/9697ea54-d44c-4853-8ce8-e38289ae8f6a","resourceUri":"https://console.cloud.google.com/cloud-build/builds;region=us-central1/9697ea54-d44c-4853-8ce8-e38289ae8f6a?project=860495975406"},{"name":"SERVICE","state":"NOT_STARTED"}],"operationType":"UPDATE_FUNCTION","buildName":"projects/860495975406/locations/us-central1/builds/9697ea54-d44c-4853-8ce8-e38289ae8f6a"},"done":false}
[debug] [2026-08-13T02:22:08.938Z] [update-default-us-central1-prepareDraftPreviewRender] Retrying task index 0
[debug] [2026-08-13T02:22:08.939Z] Checked if tokens are valid: true, expires at: 1786591103748
[debug] [2026-08-13T02:22:08.940Z] Checked if tokens are valid: true, expires at: 1786591103748
[debug] [2026-08-13T02:22:08.941Z] >>> [apiv2][query] GET https://cloudfunctions.googleapis.com/v2/projects/reservaeldia-7a440/locations/us-central1/operations/operation-1786587724325-658e45eab228f-88874956-d86906ae [none]
[debug] [2026-08-13T02:22:09.970Z] <<< [apiv2][status] GET https://cloudfunctions.googleapis.com/v2/projects/reservaeldia-7a440/locations/us-central1/operations/operation-1786587724325-658e45eab228f-88874956-d86906ae 200
[debug] [2026-08-13T02:22:09.971Z] <<< [apiv2][body] GET https://cloudfunctions.googleapis.com/v2/projects/reservaeldia-7a440/locations/us-central1/operations/operation-1786587724325-658e45eab228f-88874956-d86906ae {"name":"projects/reservaeldia-7a440/locations/us-central1/operations/operation-1786587724325-658e45eab228f-88874956-d86906ae","metadata":{"@type":"type.googleapis.com/google.cloud.functions.v2.OperationMetadata","createTime":"2026-08-13T02:22:05.309343265Z","target":"projects/reservaeldia-7a440/locations/us-central1/functions/prepareDraftPreviewRender","verb":"update","cancelRequested":false,"apiVersion":"v2","requestResource":{"@type":"type.googleapis.com/google.cloud.functions.v2.Function","name":"projects/reservaeldia-7a440/locations/us-central1/functions/prepareDraftPreviewRender","buildConfig":{"runtime":"nodejs20","entryPoint":"prepareDraftPreviewRender","source":{"storageSource":{"bucket":"gcf-v2-sources-860495975406-us-central1","object":"prepareDraftPreviewRender/function-source.zip","generation":"1786587725246791"}},"environmentVariables":{"GOOGLE_NODE_RUN_SCRIPTS":""},"dockerRepository":"projects/reservaeldia-7a440/locations/us-central1/repositories/gcf-artifacts","sourceProvenance":{"resolvedStorageSource":{"bucket":"gcf-v2-sources-860495975406-us-central1","object":"prepareDraftPreviewRender/function-source.zip","generation":"1786035169303151"}},"dockerRegistry":"ARTIFACT_REGISTRY","serviceAccount":"projects/reservaeldia-7a440/serviceAccounts/860495975406-compute@developer.gserviceaccount.com","automaticUpdatePolicy":{}},"serviceConfig":{"service":"projects/reservaeldia-7a440/locations/us-central1/services/preparedraftpreviewrender","timeoutSeconds":60,"environmentVariables":{"SUPERADMINS_UIDS":"8mvF9cwdbtYo2leAjO11cNxhaLV2","MERCADO_PAGO_PUBLIC_KEY":"APP_USR-a0795dce-baf8-48f6-98af-4defd053ad42","MERCADO_PAGO_ACCESS_TOKEN":"APP_USR-6752615657925923-021923-055cfbc93701d8acfdd153d25b9c4ac8-3215101753","MERCADO_PAGO_CLIENT_ID":"6752615657925923","MERCADO_PAGO_CLIENT_SECRET":"37OPj64uyGyNK2db7e3GBeqizFIF3fuL","MERCADO_PAGO_WEBHOOK_URL":"https://us-central1-reservaeldia-7a440.cloudfunctions.net/mercadoPagoWebhook","MP_WEBHOOK_SECRET":"27104730db6cc9a5f93bc49e4e3f9c70b22f6090845bf7e56d47f3aa2c1589c5","GOOGLE_MAPS_EMBED_API_KEY":"AIzaSyArR56EXHhdSZ1GmpPXwOELlDkoSK-FYrk","FIREBASE_CONFIG":"{\"projectId\":\"reservaeldia-7a440\",\"storageBucket\":\"reservaeldia-7a440.firebasestorage.app\"}","GCLOUD_PROJECT":"reservaeldia-7a440","EVENTARC_CLOUD_EVENT_SOURCE":"projects/reservaeldia-7a440/locations/us-central1/services/prepareDraftPreviewRender","FUNCTION_TARGET":"prepareDraftPreviewRender","LOG_EXECUTION_ID":"true"},"ingressSettings":"ALLOW_ALL","uri":"https://preparedraftpreviewrender-vntxuytzsa-uc.a.run.app","serviceAccountEmail":"860495975406-compute@developer.gserviceaccount.com","availableMemory":"512Mi","allTrafficOnLatestRevision":true,"revision":"preparedraftpreviewrender-00084-yuj","maxInstanceRequestConcurrency":1,"availableCpu":"0.3333"},"state":"ACTIVE","labels":{"deployment-tool":"cli-firebase","deployment-callable":"true","firebase-functions-hash":"cd79a1fcdd51589b837bd2b426add016a5910cc6"},"environment":"GEN_2","url":"https://us-central1-reservaeldia-7a440.cloudfunctions.net/prepareDraftPreviewRender","satisfiesPzi":true},"stages":[{"name":"BUILD","message":"Build in progress","state":"IN_PROGRESS","resource":"projects/860495975406/locations/us-central1/builds/9697ea54-d44c-4853-8ce8-e38289ae8f6a","resourceUri":"https://console.cloud.google.com/cloud-build/builds;region=us-central1/9697ea54-d44c-4853-8ce8-e38289ae8f6a?project=860495975406"},{"name":"SERVICE","state":"NOT_STARTED"}],"operationType":"UPDATE_FUNCTION","buildName":"projects/860495975406/locations/us-central1/builds/9697ea54-d44c-4853-8ce8-e38289ae8f6a"},"done":false}
[debug] [2026-08-13T02:22:11.985Z] [update-default-us-central1-prepareDraftPreviewRender] Retrying task index 0
[debug] [2026-08-13T02:22:11.986Z] Checked if tokens are valid: true, expires at: 1786591103748
[debug] [2026-08-13T02:22:11.986Z] Checked if tokens are valid: true, expires at: 1786591103748
[debug] [2026-08-13T02:22:11.987Z] >>> [apiv2][query] GET https://cloudfunctions.googleapis.com/v2/projects/reservaeldia-7a440/locations/us-central1/operations/operation-1786587724325-658e45eab228f-88874956-d86906ae [none]
[debug] [2026-08-13T02:22:12.243Z] <<< [apiv2][status] GET https://cloudfunctions.googleapis.com/v2/projects/reservaeldia-7a440/locations/us-central1/operations/operation-1786587724325-658e45eab228f-88874956-d86906ae 200
[debug] [2026-08-13T02:22:12.244Z] <<< [apiv2][body] GET https://cloudfunctions.googleapis.com/v2/projects/reservaeldia-7a440/locations/us-central1/operations/operation-1786587724325-658e45eab228f-88874956-d86906ae {"name":"projects/reservaeldia-7a440/locations/us-central1/operations/operation-1786587724325-658e45eab228f-88874956-d86906ae","metadata":{"@type":"type.googleapis.com/google.cloud.functions.v2.OperationMetadata","createTime":"2026-08-13T02:22:05.309343265Z","target":"projects/reservaeldia-7a440/locations/us-central1/functions/prepareDraftPreviewRender","verb":"update","cancelRequested":false,"apiVersion":"v2","requestResource":{"@type":"type.googleapis.com/google.cloud.functions.v2.Function","name":"projects/reservaeldia-7a440/locations/us-central1/functions/prepareDraftPreviewRender","buildConfig":{"runtime":"nodejs20","entryPoint":"prepareDraftPreviewRender","source":{"storageSource":{"bucket":"gcf-v2-sources-860495975406-us-central1","object":"prepareDraftPreviewRender/function-source.zip","generation":"1786587725246791"}},"environmentVariables":{"GOOGLE_NODE_RUN_SCRIPTS":""},"dockerRepository":"projects/reservaeldia-7a440/locations/us-central1/repositories/gcf-artifacts","sourceProvenance":{"resolvedStorageSource":{"bucket":"gcf-v2-sources-860495975406-us-central1","object":"prepareDraftPreviewRender/function-source.zip","generation":"1786035169303151"}},"dockerRegistry":"ARTIFACT_REGISTRY","serviceAccount":"projects/reservaeldia-7a440/serviceAccounts/860495975406-compute@developer.gserviceaccount.com","automaticUpdatePolicy":{}},"serviceConfig":{"service":"projects/reservaeldia-7a440/locations/us-central1/services/preparedraftpreviewrender","timeoutSeconds":60,"environmentVariables":{"SUPERADMINS_UIDS":"8mvF9cwdbtYo2leAjO11cNxhaLV2","MERCADO_PAGO_PUBLIC_KEY":"APP_USR-a0795dce-baf8-48f6-98af-4defd053ad42","MERCADO_PAGO_ACCESS_TOKEN":"APP_USR-6752615657925923-021923-055cfbc93701d8acfdd153d25b9c4ac8-3215101753","MERCADO_PAGO_CLIENT_ID":"6752615657925923","MERCADO_PAGO_CLIENT_SECRET":"37OPj64uyGyNK2db7e3GBeqizFIF3fuL","MERCADO_PAGO_WEBHOOK_URL":"https://us-central1-reservaeldia-7a440.cloudfunctions.net/mercadoPagoWebhook","MP_WEBHOOK_SECRET":"27104730db6cc9a5f93bc49e4e3f9c70b22f6090845bf7e56d47f3aa2c1589c5","GOOGLE_MAPS_EMBED_API_KEY":"AIzaSyArR56EXHhdSZ1GmpPXwOELlDkoSK-FYrk","FIREBASE_CONFIG":"{\"projectId\":\"reservaeldia-7a440\",\"storageBucket\":\"reservaeldia-7a440.firebasestorage.app\"}","GCLOUD_PROJECT":"reservaeldia-7a440","EVENTARC_CLOUD_EVENT_SOURCE":"projects/reservaeldia-7a440/locations/us-central1/services/prepareDraftPreviewRender","FUNCTION_TARGET":"prepareDraftPreviewRender","LOG_EXECUTION_ID":"true"},"ingressSettings":"ALLOW_ALL","uri":"https://preparedraftpreviewrender-vntxuytzsa-uc.a.run.app","serviceAccountEmail":"860495975406-compute@developer.gserviceaccount.com","availableMemory":"512Mi","allTrafficOnLatestRevision":true,"revision":"preparedraftpreviewrender-00084-yuj","maxInstanceRequestConcurrency":1,"availableCpu":"0.3333"},"state":"ACTIVE","labels":{"deployment-tool":"cli-firebase","deployment-callable":"true","firebase-functions-hash":"cd79a1fcdd51589b837bd2b426add016a5910cc6"},"environment":"GEN_2","url":"https://us-central1-reservaeldia-7a440.cloudfunctions.net/prepareDraftPreviewRender","satisfiesPzi":true},"stages":[{"name":"BUILD","message":"Build in progress","state":"IN_PROGRESS","resource":"projects/860495975406/locations/us-central1/builds/9697ea54-d44c-4853-8ce8-e38289ae8f6a","resourceUri":"https://console.cloud.google.com/cloud-build/builds;region=us-central1/9697ea54-d44c-4853-8ce8-e38289ae8f6a?project=860495975406"},{"name":"SERVICE","state":"NOT_STARTED"}],"operationType":"UPDATE_FUNCTION","buildName":"projects/860495975406/locations/us-central1/builds/9697ea54-d44c-4853-8ce8-e38289ae8f6a"},"done":false}
[debug] [2026-08-13T02:22:16.257Z] [update-default-us-central1-prepareDraftPreviewRender] Retrying task index 0
[debug] [2026-08-13T02:22:16.258Z] Checked if tokens are valid: true, expires at: 1786591103748
[debug] [2026-08-13T02:22:16.259Z] Checked if tokens are valid: true, expires at: 1786591103748
[debug] [2026-08-13T02:22:16.259Z] >>> [apiv2][query] GET https://cloudfunctions.googleapis.com/v2/projects/reservaeldia-7a440/locations/us-central1/operations/operation-1786587724325-658e45eab228f-88874956-d86906ae [none]
[debug] [2026-08-13T02:22:17.201Z] <<< [apiv2][status] GET https://cloudfunctions.googleapis.com/v2/projects/reservaeldia-7a440/locations/us-central1/operations/operation-1786587724325-658e45eab228f-88874956-d86906ae 200
[debug] [2026-08-13T02:22:17.202Z] <<< [apiv2][body] GET https://cloudfunctions.googleapis.com/v2/projects/reservaeldia-7a440/locations/us-central1/operations/operation-1786587724325-658e45eab228f-88874956-d86906ae {"name":"projects/reservaeldia-7a440/locations/us-central1/operations/operation-1786587724325-658e45eab228f-88874956-d86906ae","metadata":{"@type":"type.googleapis.com/google.cloud.functions.v2.OperationMetadata","createTime":"2026-08-13T02:22:05.309343265Z","target":"projects/reservaeldia-7a440/locations/us-central1/functions/prepareDraftPreviewRender","verb":"update","cancelRequested":false,"apiVersion":"v2","requestResource":{"@type":"type.googleapis.com/google.cloud.functions.v2.Function","name":"projects/reservaeldia-7a440/locations/us-central1/functions/prepareDraftPreviewRender","buildConfig":{"runtime":"nodejs20","entryPoint":"prepareDraftPreviewRender","source":{"storageSource":{"bucket":"gcf-v2-sources-860495975406-us-central1","object":"prepareDraftPreviewRender/function-source.zip","generation":"1786587725246791"}},"environmentVariables":{"GOOGLE_NODE_RUN_SCRIPTS":""},"dockerRepository":"projects/reservaeldia-7a440/locations/us-central1/repositories/gcf-artifacts","sourceProvenance":{"resolvedStorageSource":{"bucket":"gcf-v2-sources-860495975406-us-central1","object":"prepareDraftPreviewRender/function-source.zip","generation":"1786035169303151"}},"dockerRegistry":"ARTIFACT_REGISTRY","serviceAccount":"projects/reservaeldia-7a440/serviceAccounts/860495975406-compute@developer.gserviceaccount.com","automaticUpdatePolicy":{}},"serviceConfig":{"service":"projects/reservaeldia-7a440/locations/us-central1/services/preparedraftpreviewrender","timeoutSeconds":60,"environmentVariables":{"SUPERADMINS_UIDS":"8mvF9cwdbtYo2leAjO11cNxhaLV2","MERCADO_PAGO_PUBLIC_KEY":"APP_USR-a0795dce-baf8-48f6-98af-4defd053ad42","MERCADO_PAGO_ACCESS_TOKEN":"APP_USR-6752615657925923-021923-055cfbc93701d8acfdd153d25b9c4ac8-3215101753","MERCADO_PAGO_CLIENT_ID":"6752615657925923","MERCADO_PAGO_CLIENT_SECRET":"37OPj64uyGyNK2db7e3GBeqizFIF3fuL","MERCADO_PAGO_WEBHOOK_URL":"https://us-central1-reservaeldia-7a440.cloudfunctions.net/mercadoPagoWebhook","MP_WEBHOOK_SECRET":"27104730db6cc9a5f93bc49e4e3f9c70b22f6090845bf7e56d47f3aa2c1589c5","GOOGLE_MAPS_EMBED_API_KEY":"AIzaSyArR56EXHhdSZ1GmpPXwOELlDkoSK-FYrk","FIREBASE_CONFIG":"{\"projectId\":\"reservaeldia-7a440\",\"storageBucket\":\"reservaeldia-7a440.firebasestorage.app\"}","GCLOUD_PROJECT":"reservaeldia-7a440","EVENTARC_CLOUD_EVENT_SOURCE":"projects/reservaeldia-7a440/locations/us-central1/services/prepareDraftPreviewRender","FUNCTION_TARGET":"prepareDraftPreviewRender","LOG_EXECUTION_ID":"true"},"ingressSettings":"ALLOW_ALL","uri":"https://preparedraftpreviewrender-vntxuytzsa-uc.a.run.app","serviceAccountEmail":"860495975406-compute@developer.gserviceaccount.com","availableMemory":"512Mi","allTrafficOnLatestRevision":true,"revision":"preparedraftpreviewrender-00084-yuj","maxInstanceRequestConcurrency":1,"availableCpu":"0.3333"},"state":"ACTIVE","labels":{"deployment-tool":"cli-firebase","deployment-callable":"true","firebase-functions-hash":"cd79a1fcdd51589b837bd2b426add016a5910cc6"},"environment":"GEN_2","url":"https://us-central1-reservaeldia-7a440.cloudfunctions.net/prepareDraftPreviewRender","satisfiesPzi":true},"stages":[{"name":"BUILD","message":"Build in progress","state":"IN_PROGRESS","resource":"projects/860495975406/locations/us-central1/builds/9697ea54-d44c-4853-8ce8-e38289ae8f6a","resourceUri":"https://console.cloud.google.com/cloud-build/builds;region=us-central1/9697ea54-d44c-4853-8ce8-e38289ae8f6a?project=860495975406"},{"name":"SERVICE","state":"NOT_STARTED"}],"operationType":"UPDATE_FUNCTION","buildName":"projects/860495975406/locations/us-central1/builds/9697ea54-d44c-4853-8ce8-e38289ae8f6a"},"done":false}
[debug] [2026-08-13T02:22:25.208Z] [update-default-us-central1-prepareDraftPreviewRender] Retrying task index 0
[debug] [2026-08-13T02:22:25.209Z] Checked if tokens are valid: true, expires at: 1786591103748
[debug] [2026-08-13T02:22:25.210Z] Checked if tokens are valid: true, expires at: 1786591103748
[debug] [2026-08-13T02:22:25.211Z] >>> [apiv2][query] GET https://cloudfunctions.googleapis.com/v2/projects/reservaeldia-7a440/locations/us-central1/operations/operation-1786587724325-658e45eab228f-88874956-d86906ae [none]
[debug] [2026-08-13T02:22:26.239Z] <<< [apiv2][status] GET https://cloudfunctions.googleapis.com/v2/projects/reservaeldia-7a440/locations/us-central1/operations/operation-1786587724325-658e45eab228f-88874956-d86906ae 200
[debug] [2026-08-13T02:22:26.240Z] <<< [apiv2][body] GET https://cloudfunctions.googleapis.com/v2/projects/reservaeldia-7a440/locations/us-central1/operations/operation-1786587724325-658e45eab228f-88874956-d86906ae {"name":"projects/reservaeldia-7a440/locations/us-central1/operations/operation-1786587724325-658e45eab228f-88874956-d86906ae","metadata":{"@type":"type.googleapis.com/google.cloud.functions.v2.OperationMetadata","createTime":"2026-08-13T02:22:05.309343265Z","target":"projects/reservaeldia-7a440/locations/us-central1/functions/prepareDraftPreviewRender","verb":"update","cancelRequested":false,"apiVersion":"v2","requestResource":{"@type":"type.googleapis.com/google.cloud.functions.v2.Function","name":"projects/reservaeldia-7a440/locations/us-central1/functions/prepareDraftPreviewRender","buildConfig":{"runtime":"nodejs20","entryPoint":"prepareDraftPreviewRender","source":{"storageSource":{"bucket":"gcf-v2-sources-860495975406-us-central1","object":"prepareDraftPreviewRender/function-source.zip","generation":"1786587725246791"}},"environmentVariables":{"GOOGLE_NODE_RUN_SCRIPTS":""},"dockerRepository":"projects/reservaeldia-7a440/locations/us-central1/repositories/gcf-artifacts","sourceProvenance":{"resolvedStorageSource":{"bucket":"gcf-v2-sources-860495975406-us-central1","object":"prepareDraftPreviewRender/function-source.zip","generation":"1786035169303151"}},"dockerRegistry":"ARTIFACT_REGISTRY","serviceAccount":"projects/reservaeldia-7a440/serviceAccounts/860495975406-compute@developer.gserviceaccount.com","automaticUpdatePolicy":{}},"serviceConfig":{"service":"projects/reservaeldia-7a440/locations/us-central1/services/preparedraftpreviewrender","timeoutSeconds":60,"environmentVariables":{"SUPERADMINS_UIDS":"8mvF9cwdbtYo2leAjO11cNxhaLV2","MERCADO_PAGO_PUBLIC_KEY":"APP_USR-a0795dce-baf8-48f6-98af-4defd053ad42","MERCADO_PAGO_ACCESS_TOKEN":"APP_USR-6752615657925923-021923-055cfbc93701d8acfdd153d25b9c4ac8-3215101753","MERCADO_PAGO_CLIENT_ID":"6752615657925923","MERCADO_PAGO_CLIENT_SECRET":"37OPj64uyGyNK2db7e3GBeqizFIF3fuL","MERCADO_PAGO_WEBHOOK_URL":"https://us-central1-reservaeldia-7a440.cloudfunctions.net/mercadoPagoWebhook","MP_WEBHOOK_SECRET":"27104730db6cc9a5f93bc49e4e3f9c70b22f6090845bf7e56d47f3aa2c1589c5","GOOGLE_MAPS_EMBED_API_KEY":"AIzaSyArR56EXHhdSZ1GmpPXwOELlDkoSK-FYrk","FIREBASE_CONFIG":"{\"projectId\":\"reservaeldia-7a440\",\"storageBucket\":\"reservaeldia-7a440.firebasestorage.app\"}","GCLOUD_PROJECT":"reservaeldia-7a440","EVENTARC_CLOUD_EVENT_SOURCE":"projects/reservaeldia-7a440/locations/us-central1/services/prepareDraftPreviewRender","FUNCTION_TARGET":"prepareDraftPreviewRender","LOG_EXECUTION_ID":"true"},"ingressSettings":"ALLOW_ALL","uri":"https://preparedraftpreviewrender-vntxuytzsa-uc.a.run.app","serviceAccountEmail":"860495975406-compute@developer.gserviceaccount.com","availableMemory":"512Mi","allTrafficOnLatestRevision":true,"revision":"preparedraftpreviewrender-00084-yuj","maxInstanceRequestConcurrency":1,"availableCpu":"0.3333"},"state":"ACTIVE","labels":{"deployment-tool":"cli-firebase","deployment-callable":"true","firebase-functions-hash":"cd79a1fcdd51589b837bd2b426add016a5910cc6"},"environment":"GEN_2","url":"https://us-central1-reservaeldia-7a440.cloudfunctions.net/prepareDraftPreviewRender","satisfiesPzi":true},"stages":[{"name":"BUILD","message":"Build in progress","state":"IN_PROGRESS","resource":"projects/860495975406/locations/us-central1/builds/9697ea54-d44c-4853-8ce8-e38289ae8f6a","resourceUri":"https://console.cloud.google.com/cloud-build/builds;region=us-central1/9697ea54-d44c-4853-8ce8-e38289ae8f6a?project=860495975406"},{"name":"SERVICE","state":"NOT_STARTED"}],"operationType":"UPDATE_FUNCTION","buildName":"projects/860495975406/locations/us-central1/builds/9697ea54-d44c-4853-8ce8-e38289ae8f6a"},"done":false}
[debug] [2026-08-13T02:22:36.243Z] [update-default-us-central1-prepareDraftPreviewRender] Retrying task index 0
[debug] [2026-08-13T02:22:36.244Z] Checked if tokens are valid: true, expires at: 1786591103748
[debug] [2026-08-13T02:22:36.245Z] Checked if tokens are valid: true, expires at: 1786591103748
[debug] [2026-08-13T02:22:36.246Z] >>> [apiv2][query] GET https://cloudfunctions.googleapis.com/v2/projects/reservaeldia-7a440/locations/us-central1/operations/operation-1786587724325-658e45eab228f-88874956-d86906ae [none]
[debug] [2026-08-13T02:22:37.233Z] <<< [apiv2][status] GET https://cloudfunctions.googleapis.com/v2/projects/reservaeldia-7a440/locations/us-central1/operations/operation-1786587724325-658e45eab228f-88874956-d86906ae 200
[debug] [2026-08-13T02:22:37.234Z] <<< [apiv2][body] GET https://cloudfunctions.googleapis.com/v2/projects/reservaeldia-7a440/locations/us-central1/operations/operation-1786587724325-658e45eab228f-88874956-d86906ae {"name":"projects/reservaeldia-7a440/locations/us-central1/operations/operation-1786587724325-658e45eab228f-88874956-d86906ae","metadata":{"@type":"type.googleapis.com/google.cloud.functions.v2.OperationMetadata","createTime":"2026-08-13T02:22:05.309343265Z","target":"projects/reservaeldia-7a440/locations/us-central1/functions/prepareDraftPreviewRender","verb":"update","cancelRequested":false,"apiVersion":"v2","requestResource":{"@type":"type.googleapis.com/google.cloud.functions.v2.Function","name":"projects/reservaeldia-7a440/locations/us-central1/functions/prepareDraftPreviewRender","buildConfig":{"runtime":"nodejs20","entryPoint":"prepareDraftPreviewRender","source":{"storageSource":{"bucket":"gcf-v2-sources-860495975406-us-central1","object":"prepareDraftPreviewRender/function-source.zip","generation":"1786587725246791"}},"environmentVariables":{"GOOGLE_NODE_RUN_SCRIPTS":""},"dockerRepository":"projects/reservaeldia-7a440/locations/us-central1/repositories/gcf-artifacts","sourceProvenance":{"resolvedStorageSource":{"bucket":"gcf-v2-sources-860495975406-us-central1","object":"prepareDraftPreviewRender/function-source.zip","generation":"1786035169303151"}},"dockerRegistry":"ARTIFACT_REGISTRY","serviceAccount":"projects/reservaeldia-7a440/serviceAccounts/860495975406-compute@developer.gserviceaccount.com","automaticUpdatePolicy":{}},"serviceConfig":{"service":"projects/reservaeldia-7a440/locations/us-central1/services/preparedraftpreviewrender","timeoutSeconds":60,"environmentVariables":{"SUPERADMINS_UIDS":"8mvF9cwdbtYo2leAjO11cNxhaLV2","MERCADO_PAGO_PUBLIC_KEY":"APP_USR-a0795dce-baf8-48f6-98af-4defd053ad42","MERCADO_PAGO_ACCESS_TOKEN":"APP_USR-6752615657925923-021923-055cfbc93701d8acfdd153d25b9c4ac8-3215101753","MERCADO_PAGO_CLIENT_ID":"6752615657925923","MERCADO_PAGO_CLIENT_SECRET":"37OPj64uyGyNK2db7e3GBeqizFIF3fuL","MERCADO_PAGO_WEBHOOK_URL":"https://us-central1-reservaeldia-7a440.cloudfunctions.net/mercadoPagoWebhook","MP_WEBHOOK_SECRET":"27104730db6cc9a5f93bc49e4e3f9c70b22f6090845bf7e56d47f3aa2c1589c5","GOOGLE_MAPS_EMBED_API_KEY":"AIzaSyArR56EXHhdSZ1GmpPXwOELlDkoSK-FYrk","FIREBASE_CONFIG":"{\"projectId\":\"reservaeldia-7a440\",\"storageBucket\":\"reservaeldia-7a440.firebasestorage.app\"}","GCLOUD_PROJECT":"reservaeldia-7a440","EVENTARC_CLOUD_EVENT_SOURCE":"projects/reservaeldia-7a440/locations/us-central1/services/prepareDraftPreviewRender","FUNCTION_TARGET":"prepareDraftPreviewRender","LOG_EXECUTION_ID":"true"},"ingressSettings":"ALLOW_ALL","uri":"https://preparedraftpreviewrender-vntxuytzsa-uc.a.run.app","serviceAccountEmail":"860495975406-compute@developer.gserviceaccount.com","availableMemory":"512Mi","allTrafficOnLatestRevision":true,"revision":"preparedraftpreviewrender-00084-yuj","maxInstanceRequestConcurrency":1,"availableCpu":"0.3333"},"state":"ACTIVE","labels":{"deployment-tool":"cli-firebase","deployment-callable":"true","firebase-functions-hash":"cd79a1fcdd51589b837bd2b426add016a5910cc6"},"environment":"GEN_2","url":"https://us-central1-reservaeldia-7a440.cloudfunctions.net/prepareDraftPreviewRender","satisfiesPzi":true},"stages":[{"name":"BUILD","message":"Build in progress","state":"IN_PROGRESS","resource":"projects/860495975406/locations/us-central1/builds/9697ea54-d44c-4853-8ce8-e38289ae8f6a","resourceUri":"https://console.cloud.google.com/cloud-build/builds;region=us-central1/9697ea54-d44c-4853-8ce8-e38289ae8f6a?project=860495975406"},{"name":"SERVICE","state":"NOT_STARTED"}],"operationType":"UPDATE_FUNCTION","buildName":"projects/860495975406/locations/us-central1/builds/9697ea54-d44c-4853-8ce8-e38289ae8f6a"},"done":false}
[debug] [2026-08-13T02:22:47.241Z] [update-default-us-central1-prepareDraftPreviewRender] Retrying task index 0
[debug] [2026-08-13T02:22:47.243Z] Checked if tokens are valid: true, expires at: 1786591103748
[debug] [2026-08-13T02:22:47.243Z] Checked if tokens are valid: true, expires at: 1786591103748
[debug] [2026-08-13T02:22:47.244Z] >>> [apiv2][query] GET https://cloudfunctions.googleapis.com/v2/projects/reservaeldia-7a440/locations/us-central1/operations/operation-1786587724325-658e45eab228f-88874956-d86906ae [none]
[debug] [2026-08-13T02:22:48.233Z] <<< [apiv2][status] GET https://cloudfunctions.googleapis.com/v2/projects/reservaeldia-7a440/locations/us-central1/operations/operation-1786587724325-658e45eab228f-88874956-d86906ae 200
[debug] [2026-08-13T02:22:48.234Z] <<< [apiv2][body] GET https://cloudfunctions.googleapis.com/v2/projects/reservaeldia-7a440/locations/us-central1/operations/operation-1786587724325-658e45eab228f-88874956-d86906ae {"name":"projects/reservaeldia-7a440/locations/us-central1/operations/operation-1786587724325-658e45eab228f-88874956-d86906ae","metadata":{"@type":"type.googleapis.com/google.cloud.functions.v2.OperationMetadata","createTime":"2026-08-13T02:22:05.309343265Z","target":"projects/reservaeldia-7a440/locations/us-central1/functions/prepareDraftPreviewRender","verb":"update","cancelRequested":false,"apiVersion":"v2","requestResource":{"@type":"type.googleapis.com/google.cloud.functions.v2.Function","name":"projects/reservaeldia-7a440/locations/us-central1/functions/prepareDraftPreviewRender","buildConfig":{"runtime":"nodejs20","entryPoint":"prepareDraftPreviewRender","source":{"storageSource":{"bucket":"gcf-v2-sources-860495975406-us-central1","object":"prepareDraftPreviewRender/function-source.zip","generation":"1786587725246791"}},"environmentVariables":{"GOOGLE_NODE_RUN_SCRIPTS":""},"dockerRepository":"projects/reservaeldia-7a440/locations/us-central1/repositories/gcf-artifacts","sourceProvenance":{"resolvedStorageSource":{"bucket":"gcf-v2-sources-860495975406-us-central1","object":"prepareDraftPreviewRender/function-source.zip","generation":"1786035169303151"}},"dockerRegistry":"ARTIFACT_REGISTRY","serviceAccount":"projects/reservaeldia-7a440/serviceAccounts/860495975406-compute@developer.gserviceaccount.com","automaticUpdatePolicy":{}},"serviceConfig":{"service":"projects/reservaeldia-7a440/locations/us-central1/services/preparedraftpreviewrender","timeoutSeconds":60,"environmentVariables":{"SUPERADMINS_UIDS":"8mvF9cwdbtYo2leAjO11cNxhaLV2","MERCADO_PAGO_PUBLIC_KEY":"APP_USR-a0795dce-baf8-48f6-98af-4defd053ad42","MERCADO_PAGO_ACCESS_TOKEN":"APP_USR-6752615657925923-021923-055cfbc93701d8acfdd153d25b9c4ac8-3215101753","MERCADO_PAGO_CLIENT_ID":"6752615657925923","MERCADO_PAGO_CLIENT_SECRET":"37OPj64uyGyNK2db7e3GBeqizFIF3fuL","MERCADO_PAGO_WEBHOOK_URL":"https://us-central1-reservaeldia-7a440.cloudfunctions.net/mercadoPagoWebhook","MP_WEBHOOK_SECRET":"27104730db6cc9a5f93bc49e4e3f9c70b22f6090845bf7e56d47f3aa2c1589c5","GOOGLE_MAPS_EMBED_API_KEY":"AIzaSyArR56EXHhdSZ1GmpPXwOELlDkoSK-FYrk","FIREBASE_CONFIG":"{\"projectId\":\"reservaeldia-7a440\",\"storageBucket\":\"reservaeldia-7a440.firebasestorage.app\"}","GCLOUD_PROJECT":"reservaeldia-7a440","EVENTARC_CLOUD_EVENT_SOURCE":"projects/reservaeldia-7a440/locations/us-central1/services/prepareDraftPreviewRender","FUNCTION_TARGET":"prepareDraftPreviewRender","LOG_EXECUTION_ID":"true"},"ingressSettings":"ALLOW_ALL","uri":"https://preparedraftpreviewrender-vntxuytzsa-uc.a.run.app","serviceAccountEmail":"860495975406-compute@developer.gserviceaccount.com","availableMemory":"512Mi","allTrafficOnLatestRevision":true,"revision":"preparedraftpreviewrender-00084-yuj","maxInstanceRequestConcurrency":1,"availableCpu":"0.3333"},"state":"ACTIVE","labels":{"deployment-tool":"cli-firebase","deployment-callable":"true","firebase-functions-hash":"cd79a1fcdd51589b837bd2b426add016a5910cc6"},"environment":"GEN_2","url":"https://us-central1-reservaeldia-7a440.cloudfunctions.net/prepareDraftPreviewRender","satisfiesPzi":true},"stages":[{"name":"BUILD","message":"Build in progress","state":"IN_PROGRESS","resource":"projects/860495975406/locations/us-central1/builds/9697ea54-d44c-4853-8ce8-e38289ae8f6a","resourceUri":"https://console.cloud.google.com/cloud-build/builds;region=us-central1/9697ea54-d44c-4853-8ce8-e38289ae8f6a?project=860495975406"},{"name":"SERVICE","state":"NOT_STARTED"}],"operationType":"UPDATE_FUNCTION","buildName":"projects/860495975406/locations/us-central1/builds/9697ea54-d44c-4853-8ce8-e38289ae8f6a"},"done":false}
[debug] [2026-08-13T02:22:58.236Z] [update-default-us-central1-prepareDraftPreviewRender] Retrying task index 0
[debug] [2026-08-13T02:22:58.237Z] Checked if tokens are valid: true, expires at: 1786591103748
[debug] [2026-08-13T02:22:58.238Z] Checked if tokens are valid: true, expires at: 1786591103748
[debug] [2026-08-13T02:22:58.238Z] >>> [apiv2][query] GET https://cloudfunctions.googleapis.com/v2/projects/reservaeldia-7a440/locations/us-central1/operations/operation-1786587724325-658e45eab228f-88874956-d86906ae [none]
[debug] [2026-08-13T02:22:58.593Z] <<< [apiv2][status] GET https://cloudfunctions.googleapis.com/v2/projects/reservaeldia-7a440/locations/us-central1/operations/operation-1786587724325-658e45eab228f-88874956-d86906ae 200
[debug] [2026-08-13T02:22:58.595Z] <<< [apiv2][body] GET https://cloudfunctions.googleapis.com/v2/projects/reservaeldia-7a440/locations/us-central1/operations/operation-1786587724325-658e45eab228f-88874956-d86906ae {"name":"projects/reservaeldia-7a440/locations/us-central1/operations/operation-1786587724325-658e45eab228f-88874956-d86906ae","metadata":{"@type":"type.googleapis.com/google.cloud.functions.v2.OperationMetadata","createTime":"2026-08-13T02:22:05.309343265Z","target":"projects/reservaeldia-7a440/locations/us-central1/functions/prepareDraftPreviewRender","verb":"update","cancelRequested":false,"apiVersion":"v2","requestResource":{"@type":"type.googleapis.com/google.cloud.functions.v2.Function","name":"projects/reservaeldia-7a440/locations/us-central1/functions/prepareDraftPreviewRender","buildConfig":{"runtime":"nodejs20","entryPoint":"prepareDraftPreviewRender","source":{"storageSource":{"bucket":"gcf-v2-sources-860495975406-us-central1","object":"prepareDraftPreviewRender/function-source.zip","generation":"1786587725246791"}},"environmentVariables":{"GOOGLE_NODE_RUN_SCRIPTS":""},"dockerRepository":"projects/reservaeldia-7a440/locations/us-central1/repositories/gcf-artifacts","sourceProvenance":{"resolvedStorageSource":{"bucket":"gcf-v2-sources-860495975406-us-central1","object":"prepareDraftPreviewRender/function-source.zip","generation":"1786035169303151"}},"dockerRegistry":"ARTIFACT_REGISTRY","serviceAccount":"projects/reservaeldia-7a440/serviceAccounts/860495975406-compute@developer.gserviceaccount.com","automaticUpdatePolicy":{}},"serviceConfig":{"service":"projects/reservaeldia-7a440/locations/us-central1/services/preparedraftpreviewrender","timeoutSeconds":60,"environmentVariables":{"SUPERADMINS_UIDS":"8mvF9cwdbtYo2leAjO11cNxhaLV2","MERCADO_PAGO_PUBLIC_KEY":"APP_USR-a0795dce-baf8-48f6-98af-4defd053ad42","MERCADO_PAGO_ACCESS_TOKEN":"APP_USR-6752615657925923-021923-055cfbc93701d8acfdd153d25b9c4ac8-3215101753","MERCADO_PAGO_CLIENT_ID":"6752615657925923","MERCADO_PAGO_CLIENT_SECRET":"37OPj64uyGyNK2db7e3GBeqizFIF3fuL","MERCADO_PAGO_WEBHOOK_URL":"https://us-central1-reservaeldia-7a440.cloudfunctions.net/mercadoPagoWebhook","MP_WEBHOOK_SECRET":"27104730db6cc9a5f93bc49e4e3f9c70b22f6090845bf7e56d47f3aa2c1589c5","GOOGLE_MAPS_EMBED_API_KEY":"AIzaSyArR56EXHhdSZ1GmpPXwOELlDkoSK-FYrk","FIREBASE_CONFIG":"{\"projectId\":\"reservaeldia-7a440\",\"storageBucket\":\"reservaeldia-7a440.firebasestorage.app\"}","GCLOUD_PROJECT":"reservaeldia-7a440","EVENTARC_CLOUD_EVENT_SOURCE":"projects/reservaeldia-7a440/locations/us-central1/services/prepareDraftPreviewRender","FUNCTION_TARGET":"prepareDraftPreviewRender","LOG_EXECUTION_ID":"true"},"ingressSettings":"ALLOW_ALL","uri":"https://preparedraftpreviewrender-vntxuytzsa-uc.a.run.app","serviceAccountEmail":"860495975406-compute@developer.gserviceaccount.com","availableMemory":"512Mi","allTrafficOnLatestRevision":true,"revision":"preparedraftpreviewrender-00084-yuj","maxInstanceRequestConcurrency":1,"availableCpu":"0.3333"},"state":"ACTIVE","labels":{"deployment-tool":"cli-firebase","deployment-callable":"true","firebase-functions-hash":"cd79a1fcdd51589b837bd2b426add016a5910cc6"},"environment":"GEN_2","url":"https://us-central1-reservaeldia-7a440.cloudfunctions.net/prepareDraftPreviewRender","satisfiesPzi":true},"stages":[{"name":"BUILD","message":"Build in progress","state":"IN_PROGRESS","resource":"projects/860495975406/locations/us-central1/builds/9697ea54-d44c-4853-8ce8-e38289ae8f6a","resourceUri":"https://console.cloud.google.com/cloud-build/builds;region=us-central1/9697ea54-d44c-4853-8ce8-e38289ae8f6a?project=860495975406"},{"name":"SERVICE","state":"NOT_STARTED"}],"operationType":"UPDATE_FUNCTION","buildName":"projects/860495975406/locations/us-central1/builds/9697ea54-d44c-4853-8ce8-e38289ae8f6a"},"done":false}
[debug] [2026-08-13T02:23:08.611Z] [update-default-us-central1-prepareDraftPreviewRender] Retrying task index 0
[debug] [2026-08-13T02:23:08.612Z] Checked if tokens are valid: true, expires at: 1786591103748
[debug] [2026-08-13T02:23:08.613Z] Checked if tokens are valid: true, expires at: 1786591103748
[debug] [2026-08-13T02:23:08.614Z] >>> [apiv2][query] GET https://cloudfunctions.googleapis.com/v2/projects/reservaeldia-7a440/locations/us-central1/operations/operation-1786587724325-658e45eab228f-88874956-d86906ae [none]
[debug] [2026-08-13T02:23:09.039Z] <<< [apiv2][status] GET https://cloudfunctions.googleapis.com/v2/projects/reservaeldia-7a440/locations/us-central1/operations/operation-1786587724325-658e45eab228f-88874956-d86906ae 200
[debug] [2026-08-13T02:23:09.040Z] <<< [apiv2][body] GET https://cloudfunctions.googleapis.com/v2/projects/reservaeldia-7a440/locations/us-central1/operations/operation-1786587724325-658e45eab228f-88874956-d86906ae {"name":"projects/reservaeldia-7a440/locations/us-central1/operations/operation-1786587724325-658e45eab228f-88874956-d86906ae","metadata":{"@type":"type.googleapis.com/google.cloud.functions.v2.OperationMetadata","createTime":"2026-08-13T02:22:05.309343265Z","target":"projects/reservaeldia-7a440/locations/us-central1/functions/prepareDraftPreviewRender","verb":"update","cancelRequested":false,"apiVersion":"v2","requestResource":{"@type":"type.googleapis.com/google.cloud.functions.v2.Function","name":"projects/reservaeldia-7a440/locations/us-central1/functions/prepareDraftPreviewRender","buildConfig":{"runtime":"nodejs20","entryPoint":"prepareDraftPreviewRender","source":{"storageSource":{"bucket":"gcf-v2-sources-860495975406-us-central1","object":"prepareDraftPreviewRender/function-source.zip","generation":"1786587725246791"}},"environmentVariables":{"GOOGLE_NODE_RUN_SCRIPTS":""},"dockerRepository":"projects/reservaeldia-7a440/locations/us-central1/repositories/gcf-artifacts","sourceProvenance":{"resolvedStorageSource":{"bucket":"gcf-v2-sources-860495975406-us-central1","object":"prepareDraftPreviewRender/function-source.zip","generation":"1786035169303151"}},"dockerRegistry":"ARTIFACT_REGISTRY","serviceAccount":"projects/reservaeldia-7a440/serviceAccounts/860495975406-compute@developer.gserviceaccount.com","automaticUpdatePolicy":{}},"serviceConfig":{"service":"projects/reservaeldia-7a440/locations/us-central1/services/preparedraftpreviewrender","timeoutSeconds":60,"environmentVariables":{"SUPERADMINS_UIDS":"8mvF9cwdbtYo2leAjO11cNxhaLV2","MERCADO_PAGO_PUBLIC_KEY":"APP_USR-a0795dce-baf8-48f6-98af-4defd053ad42","MERCADO_PAGO_ACCESS_TOKEN":"APP_USR-6752615657925923-021923-055cfbc93701d8acfdd153d25b9c4ac8-3215101753","MERCADO_PAGO_CLIENT_ID":"6752615657925923","MERCADO_PAGO_CLIENT_SECRET":"37OPj64uyGyNK2db7e3GBeqizFIF3fuL","MERCADO_PAGO_WEBHOOK_URL":"https://us-central1-reservaeldia-7a440.cloudfunctions.net/mercadoPagoWebhook","MP_WEBHOOK_SECRET":"27104730db6cc9a5f93bc49e4e3f9c70b22f6090845bf7e56d47f3aa2c1589c5","GOOGLE_MAPS_EMBED_API_KEY":"AIzaSyArR56EXHhdSZ1GmpPXwOELlDkoSK-FYrk","FIREBASE_CONFIG":"{\"projectId\":\"reservaeldia-7a440\",\"storageBucket\":\"reservaeldia-7a440.firebasestorage.app\"}","GCLOUD_PROJECT":"reservaeldia-7a440","EVENTARC_CLOUD_EVENT_SOURCE":"projects/reservaeldia-7a440/locations/us-central1/services/prepareDraftPreviewRender","FUNCTION_TARGET":"prepareDraftPreviewRender","LOG_EXECUTION_ID":"true"},"ingressSettings":"ALLOW_ALL","uri":"https://preparedraftpreviewrender-vntxuytzsa-uc.a.run.app","serviceAccountEmail":"860495975406-compute@developer.gserviceaccount.com","availableMemory":"512Mi","allTrafficOnLatestRevision":true,"revision":"preparedraftpreviewrender-00084-yuj","maxInstanceRequestConcurrency":1,"availableCpu":"0.3333"},"state":"ACTIVE","labels":{"deployment-tool":"cli-firebase","deployment-callable":"true","firebase-functions-hash":"cd79a1fcdd51589b837bd2b426add016a5910cc6"},"environment":"GEN_2","url":"https://us-central1-reservaeldia-7a440.cloudfunctions.net/prepareDraftPreviewRender","satisfiesPzi":true},"stages":[{"name":"BUILD","message":"Build finished","state":"COMPLETE","resource":"projects/860495975406/locations/us-central1/builds/9697ea54-d44c-4853-8ce8-e38289ae8f6a","resourceUri":"https://console.cloud.google.com/cloud-build/builds;region=us-central1/9697ea54-d44c-4853-8ce8-e38289ae8f6a?project=860495975406"},{"name":"SERVICE","message":"Updating Cloud Run service","state":"IN_PROGRESS","resource":"projects/reservaeldia-7a440/locations/us-central1/services/preparedraftpreviewrender","resourceUri":"https://console.cloud.google.com/run/detail/us-central1/preparedraftpreviewrender?project=reservaeldia-7a440","stateMessages":[{"severity":"INFO","type":"CloudRunServiceNewRevisionTrafficInfo","message":"A new revision will be deployed serving with 100% traffic."}]}],"sourceToken":"Cldwcm9qZWN0cy84NjA0OTU5NzU0MDYvbG9jYXRpb25zL3VzLWNlbnRyYWwxL2J1aWxkcy85Njk3ZWE1NC1kNDRjLTQ4NTMtOGNlOC1lMzgyODlhZThmNmEShQF1cy1jZW50cmFsMS1kb2NrZXIucGtnLmRldi9yZXNlcnZhZWxkaWEtN2E0NDAvZ2NmLWFydGlmYWN0cy9yZXNlcnZhZWxkaWEtLTdhNDQwX191cy0tY2VudHJhbDFfX3ByZXBhcmVfZHJhZnRfcHJldmlld19yZW5kZXI6dmVyc2lvbl8xGO6nusyFGSJVcHJvamVjdHMvcmVzZXJ2YWVsZGlhLTdhNDQwL2xvY2F0aW9ucy91cy1jZW50cmFsMS9mdW5jdGlvbnMvcHJlcGFyZURyYWZ0UHJldmlld1JlbmRlcioLCIvV9NMGEMDNkiIyCG5vZGVqczIwOnYKI2djci5pby9nYWUtcnVudGltZXMvbm9kZWpzMjA6c3RhYmxlEk91cy1jZW50cmFsMS1kb2NrZXIucGtnLmRldi9zZXJ2ZXJsZXNzLXJ1bnRpbWVzL2dvb2dsZS0yMi1mdWxsL3J1bnRpbWVzL25vZGVqczIwQAE=","operationType":"UPDATE_FUNCTION","buildName":"projects/860495975406/locations/us-central1/builds/9697ea54-d44c-4853-8ce8-e38289ae8f6a"},"done":false}
[debug] [2026-08-13T02:23:09.041Z] Got source token Cldwcm9qZWN0cy84NjA0OTU5NzU0MDYvbG9jYXRpb25zL3VzLWNlbnRyYWwxL2J1aWxkcy85Njk3ZWE1NC1kNDRjLTQ4NTMtOGNlOC1lMzgyODlhZThmNmEShQF1cy1jZW50cmFsMS1kb2NrZXIucGtnLmRldi9yZXNlcnZhZWxkaWEtN2E0NDAvZ2NmLWFydGlmYWN0cy9yZXNlcnZhZWxkaWEtLTdhNDQwX191cy0tY2VudHJhbDFfX3ByZXBhcmVfZHJhZnRfcHJldmlld19yZW5kZXI6dmVyc2lvbl8xGO6nusyFGSJVcHJvamVjdHMvcmVzZXJ2YWVsZGlhLTdhNDQwL2xvY2F0aW9ucy91cy1jZW50cmFsMS9mdW5jdGlvbnMvcHJlcGFyZURyYWZ0UHJldmlld1JlbmRlcioLCIvV9NMGEMDNkiIyCG5vZGVqczIwOnYKI2djci5pby9nYWUtcnVudGltZXMvbm9kZWpzMjA6c3RhYmxlEk91cy1jZW50cmFsMS1kb2NrZXIucGtnLmRldi9zZXJ2ZXJsZXNzLXJ1bnRpbWVzL2dvb2dsZS0yMi1mdWxsL3J1bnRpbWVzL25vZGVqczIwQAE= for region us-central1
[debug] [2026-08-13T02:23:19.050Z] [update-default-us-central1-prepareDraftPreviewRender] Retrying task index 0
[debug] [2026-08-13T02:23:19.052Z] Checked if tokens are valid: true, expires at: 1786591103748
[debug] [2026-08-13T02:23:19.052Z] Checked if tokens are valid: true, expires at: 1786591103748
[debug] [2026-08-13T02:23:19.054Z] >>> [apiv2][query] GET https://cloudfunctions.googleapis.com/v2/projects/reservaeldia-7a440/locations/us-central1/operations/operation-1786587724325-658e45eab228f-88874956-d86906ae [none]
[debug] [2026-08-13T02:23:20.017Z] <<< [apiv2][status] GET https://cloudfunctions.googleapis.com/v2/projects/reservaeldia-7a440/locations/us-central1/operations/operation-1786587724325-658e45eab228f-88874956-d86906ae 200
[debug] [2026-08-13T02:23:20.018Z] <<< [apiv2][body] GET https://cloudfunctions.googleapis.com/v2/projects/reservaeldia-7a440/locations/us-central1/operations/operation-1786587724325-658e45eab228f-88874956-d86906ae {"name":"projects/reservaeldia-7a440/locations/us-central1/operations/operation-1786587724325-658e45eab228f-88874956-d86906ae","metadata":{"@type":"type.googleapis.com/google.cloud.functions.v2.OperationMetadata","createTime":"2026-08-13T02:22:05.309343265Z","target":"projects/reservaeldia-7a440/locations/us-central1/functions/prepareDraftPreviewRender","verb":"update","cancelRequested":false,"apiVersion":"v2","requestResource":{"@type":"type.googleapis.com/google.cloud.functions.v2.Function","name":"projects/reservaeldia-7a440/locations/us-central1/functions/prepareDraftPreviewRender","buildConfig":{"runtime":"nodejs20","entryPoint":"prepareDraftPreviewRender","source":{"storageSource":{"bucket":"gcf-v2-sources-860495975406-us-central1","object":"prepareDraftPreviewRender/function-source.zip","generation":"1786587725246791"}},"environmentVariables":{"GOOGLE_NODE_RUN_SCRIPTS":""},"dockerRepository":"projects/reservaeldia-7a440/locations/us-central1/repositories/gcf-artifacts","sourceProvenance":{"resolvedStorageSource":{"bucket":"gcf-v2-sources-860495975406-us-central1","object":"prepareDraftPreviewRender/function-source.zip","generation":"1786035169303151"}},"dockerRegistry":"ARTIFACT_REGISTRY","serviceAccount":"projects/reservaeldia-7a440/serviceAccounts/860495975406-compute@developer.gserviceaccount.com","automaticUpdatePolicy":{}},"serviceConfig":{"service":"projects/reservaeldia-7a440/locations/us-central1/services/preparedraftpreviewrender","timeoutSeconds":60,"environmentVariables":{"SUPERADMINS_UIDS":"8mvF9cwdbtYo2leAjO11cNxhaLV2","MERCADO_PAGO_PUBLIC_KEY":"APP_USR-a0795dce-baf8-48f6-98af-4defd053ad42","MERCADO_PAGO_ACCESS_TOKEN":"APP_USR-6752615657925923-021923-055cfbc93701d8acfdd153d25b9c4ac8-3215101753","MERCADO_PAGO_CLIENT_ID":"6752615657925923","MERCADO_PAGO_CLIENT_SECRET":"37OPj64uyGyNK2db7e3GBeqizFIF3fuL","MERCADO_PAGO_WEBHOOK_URL":"https://us-central1-reservaeldia-7a440.cloudfunctions.net/mercadoPagoWebhook","MP_WEBHOOK_SECRET":"27104730db6cc9a5f93bc49e4e3f9c70b22f6090845bf7e56d47f3aa2c1589c5","GOOGLE_MAPS_EMBED_API_KEY":"AIzaSyArR56EXHhdSZ1GmpPXwOELlDkoSK-FYrk","FIREBASE_CONFIG":"{\"projectId\":\"reservaeldia-7a440\",\"storageBucket\":\"reservaeldia-7a440.firebasestorage.app\"}","GCLOUD_PROJECT":"reservaeldia-7a440","EVENTARC_CLOUD_EVENT_SOURCE":"projects/reservaeldia-7a440/locations/us-central1/services/prepareDraftPreviewRender","FUNCTION_TARGET":"prepareDraftPreviewRender","LOG_EXECUTION_ID":"true"},"ingressSettings":"ALLOW_ALL","uri":"https://preparedraftpreviewrender-vntxuytzsa-uc.a.run.app","serviceAccountEmail":"860495975406-compute@developer.gserviceaccount.com","availableMemory":"512Mi","allTrafficOnLatestRevision":true,"revision":"preparedraftpreviewrender-00084-yuj","maxInstanceRequestConcurrency":1,"availableCpu":"0.3333"},"state":"ACTIVE","labels":{"deployment-tool":"cli-firebase","deployment-callable":"true","firebase-functions-hash":"cd79a1fcdd51589b837bd2b426add016a5910cc6"},"environment":"GEN_2","url":"https://us-central1-reservaeldia-7a440.cloudfunctions.net/prepareDraftPreviewRender","satisfiesPzi":true},"stages":[{"name":"BUILD","message":"Build finished","state":"COMPLETE","resource":"projects/860495975406/locations/us-central1/builds/9697ea54-d44c-4853-8ce8-e38289ae8f6a","resourceUri":"https://console.cloud.google.com/cloud-build/builds;region=us-central1/9697ea54-d44c-4853-8ce8-e38289ae8f6a?project=860495975406"},{"name":"SERVICE","message":"Updating Cloud Run service","state":"IN_PROGRESS","resource":"projects/reservaeldia-7a440/locations/us-central1/services/preparedraftpreviewrender","resourceUri":"https://console.cloud.google.com/run/detail/us-central1/preparedraftpreviewrender?project=reservaeldia-7a440","stateMessages":[{"severity":"INFO","type":"CloudRunServiceNewRevisionTrafficInfo","message":"A new revision will be deployed serving with 100% traffic."}]}],"sourceToken":"Cldwcm9qZWN0cy84NjA0OTU5NzU0MDYvbG9jYXRpb25zL3VzLWNlbnRyYWwxL2J1aWxkcy85Njk3ZWE1NC1kNDRjLTQ4NTMtOGNlOC1lMzgyODlhZThmNmEShQF1cy1jZW50cmFsMS1kb2NrZXIucGtnLmRldi9yZXNlcnZhZWxkaWEtN2E0NDAvZ2NmLWFydGlmYWN0cy9yZXNlcnZhZWxkaWEtLTdhNDQwX191cy0tY2VudHJhbDFfX3ByZXBhcmVfZHJhZnRfcHJldmlld19yZW5kZXI6dmVyc2lvbl8xGO6nusyFGSJVcHJvamVjdHMvcmVzZXJ2YWVsZGlhLTdhNDQwL2xvY2F0aW9ucy91cy1jZW50cmFsMS9mdW5jdGlvbnMvcHJlcGFyZURyYWZ0UHJldmlld1JlbmRlcioLCIvV9NMGEMDNkiIyCG5vZGVqczIwOnYKI2djci5pby9nYWUtcnVudGltZXMvbm9kZWpzMjA6c3RhYmxlEk91cy1jZW50cmFsMS1kb2NrZXIucGtnLmRldi9zZXJ2ZXJsZXNzLXJ1bnRpbWVzL2dvb2dsZS0yMi1mdWxsL3J1bnRpbWVzL25vZGVqczIwQAE=","operationType":"UPDATE_FUNCTION","buildName":"projects/860495975406/locations/us-central1/builds/9697ea54-d44c-4853-8ce8-e38289ae8f6a"},"done":false}
[debug] [2026-08-13T02:23:20.019Z] Got source token Cldwcm9qZWN0cy84NjA0OTU5NzU0MDYvbG9jYXRpb25zL3VzLWNlbnRyYWwxL2J1aWxkcy85Njk3ZWE1NC1kNDRjLTQ4NTMtOGNlOC1lMzgyODlhZThmNmEShQF1cy1jZW50cmFsMS1kb2NrZXIucGtnLmRldi9yZXNlcnZhZWxkaWEtN2E0NDAvZ2NmLWFydGlmYWN0cy9yZXNlcnZhZWxkaWEtLTdhNDQwX191cy0tY2VudHJhbDFfX3ByZXBhcmVfZHJhZnRfcHJldmlld19yZW5kZXI6dmVyc2lvbl8xGO6nusyFGSJVcHJvamVjdHMvcmVzZXJ2YWVsZGlhLTdhNDQwL2xvY2F0aW9ucy91cy1jZW50cmFsMS9mdW5jdGlvbnMvcHJlcGFyZURyYWZ0UHJldmlld1JlbmRlcioLCIvV9NMGEMDNkiIyCG5vZGVqczIwOnYKI2djci5pby9nYWUtcnVudGltZXMvbm9kZWpzMjA6c3RhYmxlEk91cy1jZW50cmFsMS1kb2NrZXIucGtnLmRldi9zZXJ2ZXJsZXNzLXJ1bnRpbWVzL2dvb2dsZS0yMi1mdWxsL3J1bnRpbWVzL25vZGVqczIwQAE= for region us-central1
[debug] [2026-08-13T02:23:30.025Z] [update-default-us-central1-prepareDraftPreviewRender] Retrying task index 0
[debug] [2026-08-13T02:23:30.026Z] Checked if tokens are valid: true, expires at: 1786591103748
[debug] [2026-08-13T02:23:30.026Z] Checked if tokens are valid: true, expires at: 1786591103748
[debug] [2026-08-13T02:23:30.027Z] >>> [apiv2][query] GET https://cloudfunctions.googleapis.com/v2/projects/reservaeldia-7a440/locations/us-central1/operations/operation-1786587724325-658e45eab228f-88874956-d86906ae [none]
[debug] [2026-08-13T02:23:31.046Z] <<< [apiv2][status] GET https://cloudfunctions.googleapis.com/v2/projects/reservaeldia-7a440/locations/us-central1/operations/operation-1786587724325-658e45eab228f-88874956-d86906ae 200
[debug] [2026-08-13T02:23:31.047Z] <<< [apiv2][body] GET https://cloudfunctions.googleapis.com/v2/projects/reservaeldia-7a440/locations/us-central1/operations/operation-1786587724325-658e45eab228f-88874956-d86906ae {"name":"projects/reservaeldia-7a440/locations/us-central1/operations/operation-1786587724325-658e45eab228f-88874956-d86906ae","metadata":{"@type":"type.googleapis.com/google.cloud.functions.v2.OperationMetadata","createTime":"2026-08-13T02:22:05.309343265Z","endTime":"2026-08-13T02:23:27.884118044Z","target":"projects/reservaeldia-7a440/locations/us-central1/functions/prepareDraftPreviewRender","verb":"update","cancelRequested":false,"apiVersion":"v2","requestResource":{"@type":"type.googleapis.com/google.cloud.functions.v2.Function","name":"projects/reservaeldia-7a440/locations/us-central1/functions/prepareDraftPreviewRender","buildConfig":{"runtime":"nodejs20","entryPoint":"prepareDraftPreviewRender","source":{"storageSource":{"bucket":"gcf-v2-sources-860495975406-us-central1","object":"prepareDraftPreviewRender/function-source.zip","generation":"1786587725246791"}},"environmentVariables":{"GOOGLE_NODE_RUN_SCRIPTS":""},"dockerRepository":"projects/reservaeldia-7a440/locations/us-central1/repositories/gcf-artifacts","sourceProvenance":{"resolvedStorageSource":{"bucket":"gcf-v2-sources-860495975406-us-central1","object":"prepareDraftPreviewRender/function-source.zip","generation":"1786035169303151"}},"dockerRegistry":"ARTIFACT_REGISTRY","serviceAccount":"projects/reservaeldia-7a440/serviceAccounts/860495975406-compute@developer.gserviceaccount.com","automaticUpdatePolicy":{}},"serviceConfig":{"service":"projects/reservaeldia-7a440/locations/us-central1/services/preparedraftpreviewrender","timeoutSeconds":60,"environmentVariables":{"SUPERADMINS_UIDS":"8mvF9cwdbtYo2leAjO11cNxhaLV2","MERCADO_PAGO_PUBLIC_KEY":"APP_USR-a0795dce-baf8-48f6-98af-4defd053ad42","MERCADO_PAGO_ACCESS_TOKEN":"APP_USR-6752615657925923-021923-055cfbc93701d8acfdd153d25b9c4ac8-3215101753","MERCADO_PAGO_CLIENT_ID":"6752615657925923","MERCADO_PAGO_CLIENT_SECRET":"37OPj64uyGyNK2db7e3GBeqizFIF3fuL","MERCADO_PAGO_WEBHOOK_URL":"https://us-central1-reservaeldia-7a440.cloudfunctions.net/mercadoPagoWebhook","MP_WEBHOOK_SECRET":"27104730db6cc9a5f93bc49e4e3f9c70b22f6090845bf7e56d47f3aa2c1589c5","GOOGLE_MAPS_EMBED_API_KEY":"AIzaSyArR56EXHhdSZ1GmpPXwOELlDkoSK-FYrk","FIREBASE_CONFIG":"{\"projectId\":\"reservaeldia-7a440\",\"storageBucket\":\"reservaeldia-7a440.firebasestorage.app\"}","GCLOUD_PROJECT":"reservaeldia-7a440","EVENTARC_CLOUD_EVENT_SOURCE":"projects/reservaeldia-7a440/locations/us-central1/services/prepareDraftPreviewRender","FUNCTION_TARGET":"prepareDraftPreviewRender","LOG_EXECUTION_ID":"true"},"ingressSettings":"ALLOW_ALL","uri":"https://preparedraftpreviewrender-vntxuytzsa-uc.a.run.app","serviceAccountEmail":"860495975406-compute@developer.gserviceaccount.com","availableMemory":"512Mi","allTrafficOnLatestRevision":true,"revision":"preparedraftpreviewrender-00084-yuj","maxInstanceRequestConcurrency":1,"availableCpu":"0.3333"},"state":"ACTIVE","labels":{"deployment-tool":"cli-firebase","deployment-callable":"true","firebase-functions-hash":"cd79a1fcdd51589b837bd2b426add016a5910cc6"},"environment":"GEN_2","url":"https://us-central1-reservaeldia-7a440.cloudfunctions.net/prepareDraftPreviewRender","satisfiesPzi":true},"stages":[{"name":"BUILD","message":"Build finished","state":"COMPLETE","resource":"projects/860495975406/locations/us-central1/builds/9697ea54-d44c-4853-8ce8-e38289ae8f6a","resourceUri":"https://console.cloud.google.com/cloud-build/builds;region=us-central1/9697ea54-d44c-4853-8ce8-e38289ae8f6a?project=860495975406"},{"name":"SERVICE","message":"Updating Cloud Run service","state":"COMPLETE","resource":"projects/reservaeldia-7a440/locations/us-central1/services/preparedraftpreviewrender","resourceUri":"https://console.cloud.google.com/run/detail/us-central1/preparedraftpreviewrender?project=reservaeldia-7a440","stateMessages":[{"severity":"INFO","type":"CloudRunServiceNewRevisionTrafficInfo","message":"A new revision will be deployed serving with 100% traffic."}]}],"sourceToken":"Cldwcm9qZWN0cy84NjA0OTU5NzU0MDYvbG9jYXRpb25zL3VzLWNlbnRyYWwxL2J1aWxkcy85Njk3ZWE1NC1kNDRjLTQ4NTMtOGNlOC1lMzgyODlhZThmNmEShQF1cy1jZW50cmFsMS1kb2NrZXIucGtnLmRldi9yZXNlcnZhZWxkaWEtN2E0NDAvZ2NmLWFydGlmYWN0cy9yZXNlcnZhZWxkaWEtLTdhNDQwX191cy0tY2VudHJhbDFfX3ByZXBhcmVfZHJhZnRfcHJldmlld19yZW5kZXI6dmVyc2lvbl8xGO6nusyFGSJVcHJvamVjdHMvcmVzZXJ2YWVsZGlhLTdhNDQwL2xvY2F0aW9ucy91cy1jZW50cmFsMS9mdW5jdGlvbnMvcHJlcGFyZURyYWZ0UHJldmlld1JlbmRlcioLCIvV9NMGEMDNkiIyCG5vZGVqczIwOnYKI2djci5pby9nYWUtcnVudGltZXMvbm9kZWpzMjA6c3RhYmxlEk91cy1jZW50cmFsMS1kb2NrZXIucGtnLmRldi9zZXJ2ZXJsZXNzLXJ1bnRpbWVzL2dvb2dsZS0yMi1mdWxsL3J1bnRpbWVzL25vZGVqczIwQAE=","operationType":"UPDATE_FUNCTION","buildName":"projects/860495975406/locations/us-central1/builds/9697ea54-d44c-4853-8ce8-e38289ae8f6a"},"done":true,"response":{"@type":"type.googleapis.com/google.cloud.functions.v2.Function","name":"projects/reservaeldia-7a440/locations/us-central1/functions/prepareDraftPreviewRender","buildConfig":{"build":"projects/860495975406/locations/us-central1/builds/9697ea54-d44c-4853-8ce8-e38289ae8f6a","runtime":"nodejs20","entryPoint":"prepareDraftPreviewRender","source":{"storageSource":{"bucket":"gcf-v2-sources-860495975406-us-central1","object":"prepareDraftPreviewRender/function-source.zip","generation":"1786587725246791"}},"environmentVariables":{"GOOGLE_NODE_RUN_SCRIPTS":""},"dockerRepository":"projects/reservaeldia-7a440/locations/us-central1/repositories/gcf-artifacts","sourceProvenance":{"resolvedStorageSource":{"bucket":"gcf-v2-sources-860495975406-us-central1","object":"prepareDraftPreviewRender/function-source.zip","generation":"1786587725246791"}},"dockerRegistry":"ARTIFACT_REGISTRY","serviceAccount":"projects/reservaeldia-7a440/serviceAccounts/860495975406-compute@developer.gserviceaccount.com","automaticUpdatePolicy":{}},"serviceConfig":{"service":"projects/reservaeldia-7a440/locations/us-central1/services/preparedraftpreviewrender","timeoutSeconds":60,"environmentVariables":{"SUPERADMINS_UIDS":"8mvF9cwdbtYo2leAjO11cNxhaLV2","MERCADO_PAGO_PUBLIC_KEY":"APP_USR-a0795dce-baf8-48f6-98af-4defd053ad42","MERCADO_PAGO_ACCESS_TOKEN":"APP_USR-6752615657925923-021923-055cfbc93701d8acfdd153d25b9c4ac8-3215101753","MERCADO_PAGO_CLIENT_ID":"6752615657925923","MERCADO_PAGO_CLIENT_SECRET":"37OPj64uyGyNK2db7e3GBeqizFIF3fuL","MERCADO_PAGO_WEBHOOK_URL":"https://us-central1-reservaeldia-7a440.cloudfunctions.net/mercadoPagoWebhook","MP_WEBHOOK_SECRET":"27104730db6cc9a5f93bc49e4e3f9c70b22f6090845bf7e56d47f3aa2c1589c5","GOOGLE_MAPS_EMBED_API_KEY":"AIzaSyArR56EXHhdSZ1GmpPXwOELlDkoSK-FYrk","FIREBASE_CONFIG":"{\"projectId\":\"reservaeldia-7a440\",\"storageBucket\":\"reservaeldia-7a440.firebasestorage.app\"}","GCLOUD_PROJECT":"reservaeldia-7a440","EVENTARC_CLOUD_EVENT_SOURCE":"projects/reservaeldia-7a440/locations/us-central1/services/prepareDraftPreviewRender","FUNCTION_TARGET":"prepareDraftPreviewRender","LOG_EXECUTION_ID":"true"},"maxInstanceCount":60,"ingressSettings":"ALLOW_ALL","uri":"https://preparedraftpreviewrender-vntxuytzsa-uc.a.run.app","serviceAccountEmail":"860495975406-compute@developer.gserviceaccount.com","availableMemory":"512Mi","allTrafficOnLatestRevision":true,"revision":"preparedraftpreviewrender-00085-tug","maxInstanceRequestConcurrency":1,"availableCpu":"0.3333"},"state":"ACTIVE","updateTime":"2026-08-13T02:22:05.312859218Z","labels":{"firebase-functions-hash":"cd79a1fcdd51589b837bd2b426add016a5910cc6","deployment-tool":"cli-firebase","deployment-callable":"true"},"environment":"GEN_2","url":"https://us-central1-reservaeldia-7a440.cloudfunctions.net/prepareDraftPreviewRender","createTime":"2026-04-24T19:12:45.410577254Z","satisfiesPzi":true}}
[debug] [2026-08-13T02:23:31.048Z] Got source token Cldwcm9qZWN0cy84NjA0OTU5NzU0MDYvbG9jYXRpb25zL3VzLWNlbnRyYWwxL2J1aWxkcy85Njk3ZWE1NC1kNDRjLTQ4NTMtOGNlOC1lMzgyODlhZThmNmEShQF1cy1jZW50cmFsMS1kb2NrZXIucGtnLmRldi9yZXNlcnZhZWxkaWEtN2E0NDAvZ2NmLWFydGlmYWN0cy9yZXNlcnZhZWxkaWEtLTdhNDQwX191cy0tY2VudHJhbDFfX3ByZXBhcmVfZHJhZnRfcHJldmlld19yZW5kZXI6dmVyc2lvbl8xGO6nusyFGSJVcHJvamVjdHMvcmVzZXJ2YWVsZGlhLTdhNDQwL2xvY2F0aW9ucy91cy1jZW50cmFsMS9mdW5jdGlvbnMvcHJlcGFyZURyYWZ0UHJldmlld1JlbmRlcioLCIvV9NMGEMDNkiIyCG5vZGVqczIwOnYKI2djci5pby9nYWUtcnVudGltZXMvbm9kZWpzMjA6c3RhYmxlEk91cy1jZW50cmFsMS1kb2NrZXIucGtnLmRldi9zZXJ2ZXJsZXNzLXJ1bnRpbWVzL2dvb2dsZS0yMi1mdWxsL3J1bnRpbWVzL25vZGVqczIwQAE= for region us-central1
[info] +  functions[prepareDraftPreviewRender(us-central1)] Successful update operation. 
[debug] [2026-08-13T02:23:31.074Z] Total Function Deployment time: 87609
[debug] [2026-08-13T02:23:31.075Z] 1 Functions Deployed
[debug] [2026-08-13T02:23:31.076Z] 0 Functions Errored
[debug] [2026-08-13T02:23:31.076Z] 0 Function Deployments Aborted
[debug] [2026-08-13T02:23:31.077Z] Average Function Deployment time: 87605
[debug] [2026-08-13T02:23:31.080Z] Not printing URL for HTTPS function. Typically this means it didn't match a filter or we failed deployment
[debug] [2026-08-13T02:23:31.081Z] Not printing URL for HTTPS function. Typically this means it didn't match a filter or we failed deployment
[debug] [2026-08-13T02:23:31.082Z] Not printing URL for HTTPS function. Typically this means it didn't match a filter or we failed deployment
[debug] [2026-08-13T02:23:31.082Z] Not printing URL for HTTPS function. Typically this means it didn't match a filter or we failed deployment
[debug] [2026-08-13T02:23:31.088Z] Checked if tokens are valid: true, expires at: 1786591103748
[debug] [2026-08-13T02:23:31.088Z] Checked if tokens are valid: true, expires at: 1786591103748
[debug] [2026-08-13T02:23:31.089Z] >>> [apiv2][query] GET https://artifactregistry.googleapis.com/v1/projects/reservaeldia-7a440/locations/us-central1/repositories/gcf-artifacts [none]
[debug] [2026-08-13T02:23:33.014Z] <<< [apiv2][status] GET https://artifactregistry.googleapis.com/v1/projects/reservaeldia-7a440/locations/us-central1/repositories/gcf-artifacts 200
[debug] [2026-08-13T02:26:17.644Z] ----------------------------------------------------------------------
[debug] [2026-08-13T02:26:17.654Z] Command:       C:\Program Files\nodejs\node.exe C:\Users\Manuel Lagos\AppData\Roaming\npm\node_modules\firebase-tools\lib\bin\firebase.js deploy --only hosting
[debug] [2026-08-13T02:26:17.656Z] CLI Version:   14.4.0
[debug] [2026-08-13T02:26:17.656Z] Platform:      win32
[debug] [2026-08-13T02:26:17.657Z] Node Version:  v22.13.1
[debug] [2026-08-13T02:26:17.659Z] Time:          Wed Aug 12 2026 23:26:17 GMT-0300 (hora estándar de Argentina)
[debug] [2026-08-13T02:26:17.660Z] ----------------------------------------------------------------------
[debug] 
[debug] [2026-08-13T02:26:18.543Z] > command requires scopes: ["email","openid","https://www.googleapis.com/auth/cloudplatformprojects.readonly","https://www.googleapis.com/auth/firebase","https://www.googleapis.com/auth/cloud-platform"]
[debug] [2026-08-13T02:26:18.548Z] > authorizing via signed-in user (reservaeldia.invitaciones@gmail.com)
[debug] [2026-08-13T02:26:18.550Z] [iam] checking project reservaeldia-7a440 for permissions ["firebase.projects.get","firebasehosting.sites.update"]
[debug] [2026-08-13T02:26:18.564Z] Checked if tokens are valid: true, expires at: 1786591103748
[debug] [2026-08-13T02:26:18.566Z] Checked if tokens are valid: true, expires at: 1786591103748
[debug] [2026-08-13T02:26:18.573Z] >>> [apiv2][query] POST https://cloudresourcemanager.googleapis.com/v1/projects/reservaeldia-7a440:testIamPermissions [none]
[debug] [2026-08-13T02:26:18.573Z] >>> [apiv2][(partial)header] POST https://cloudresourcemanager.googleapis.com/v1/projects/reservaeldia-7a440:testIamPermissions x-goog-quota-user=projects/reservaeldia-7a440
[debug] [2026-08-13T02:26:18.575Z] >>> [apiv2][body] POST https://cloudresourcemanager.googleapis.com/v1/projects/reservaeldia-7a440:testIamPermissions {"permissions":["firebase.projects.get","firebasehosting.sites.update"]}
[debug] [2026-08-13T02:26:19.963Z] <<< [apiv2][status] POST https://cloudresourcemanager.googleapis.com/v1/projects/reservaeldia-7a440:testIamPermissions 200
[debug] [2026-08-13T02:26:19.964Z] <<< [apiv2][body] POST https://cloudresourcemanager.googleapis.com/v1/projects/reservaeldia-7a440:testIamPermissions {"permissions":["firebase.projects.get","firebasehosting.sites.update"]}
[debug] [2026-08-13T02:26:19.968Z] Checked if tokens are valid: true, expires at: 1786591103748
[debug] [2026-08-13T02:26:19.969Z] Checked if tokens are valid: true, expires at: 1786591103748
[debug] [2026-08-13T02:26:19.973Z] >>> [apiv2][query] GET https://firebase.googleapis.com/v1beta1/projects/reservaeldia-7a440 [none]
[debug] [2026-08-13T02:26:20.535Z] <<< [apiv2][status] GET https://firebase.googleapis.com/v1beta1/projects/reservaeldia-7a440 200
[debug] [2026-08-13T02:26:20.537Z] <<< [apiv2][body] GET https://firebase.googleapis.com/v1beta1/projects/reservaeldia-7a440 {"projectId":"reservaeldia-7a440","projectNumber":"860495975406","displayName":"reservaeldia","name":"projects/reservaeldia-7a440","resources":{"hostingSite":"reservaeldia-7a440"},"state":"ACTIVE","labels":{"firebase":"enabled","firebase/storage-default-bucket":"created"},"etag":"1_00810e16-e1ba-42f2-b6e2-ab89df312d61"}
[info] 
[info] === Deploying to 'reservaeldia-7a440'...
[info] 
[info] i  deploying hosting 
[debug] [2026-08-13T02:26:20.565Z] Checked if tokens are valid: true, expires at: 1786591103748
[debug] [2026-08-13T02:26:20.566Z] Checked if tokens are valid: true, expires at: 1786591103748
[debug] [2026-08-13T02:26:20.567Z] >>> [apiv2][query] POST https://firebasehosting.googleapis.com/v1beta1/projects/-/sites/reservaeldia-7a440/versions [none]
[debug] [2026-08-13T02:26:20.568Z] >>> [apiv2][body] POST https://firebasehosting.googleapis.com/v1beta1/projects/-/sites/reservaeldia-7a440/versions {"status":"CREATED","labels":{"deployment-tool":"cli-firebase"}}
[debug] [2026-08-13T02:26:22.624Z] <<< [apiv2][status] POST https://firebasehosting.googleapis.com/v1beta1/projects/-/sites/reservaeldia-7a440/versions 200
[debug] [2026-08-13T02:26:22.625Z] <<< [apiv2][body] POST https://firebasehosting.googleapis.com/v1beta1/projects/-/sites/reservaeldia-7a440/versions {"name":"projects/860495975406/sites/reservaeldia-7a440/versions/1799c9ca1c2fde0f","status":"CREATED","config":{},"labels":{"deployment-tool":"cli-firebase"}}
[info] i  hosting[reservaeldia-7a440]: beginning deploy... 
[info] i  hosting[reservaeldia-7a440]: found 218 files in out 
[debug] [2026-08-13T02:26:22.876Z] [hosting] uploading with 200 concurrency
[debug] [2026-08-13T02:26:23.418Z] Checked if tokens are valid: true, expires at: 1786591103748
[debug] [2026-08-13T02:26:23.420Z] Checked if tokens are valid: true, expires at: 1786591103748
[debug] [2026-08-13T02:26:23.430Z] [hosting] hash cache [b3V0] stored for 218 files
[debug] [2026-08-13T02:26:23.432Z] [hosting][hash queue][FINAL] {"max":489,"min":0,"avg":68.0137614678899,"active":0,"complete":218,"success":218,"errored":0,"retried":0,"total":218,"elapsed":541}
[debug] [2026-08-13T02:26:23.436Z] >>> [apiv2][query] POST https://firebasehosting.googleapis.com/v1beta1/projects/860495975406/sites/reservaeldia-7a440/versions/1799c9ca1c2fde0f:populateFiles [none]
[debug] [2026-08-13T02:26:23.438Z] >>> [apiv2][body] POST https://firebasehosting.googleapis.com/v1beta1/projects/860495975406/sites/reservaeldia-7a440/versions/1799c9ca1c2fde0f:populateFiles {"files":{"/window.svg":"6bd2003bd35bb32c1c0d99ab3aeac0cc1edaefd79f27df1d954bc87184048d74\r","/vercel.svg":"529a1a21b4a82475a82db26173c28d7b27e2dc9d4b900eaf1c5329d96eea4ddd\r","/sitemap.xml":"447d74665de4aa52504002b6aea196dfc7872c4928e5831e00ad6f8c8f375497\r","/robots.txt":"762ef30295536abb279c1c87cd1132108f67d0c1bd520aa7fe4e60bbdc059c7f\r","/placeholder.jpg":"11540482785b4b90a3b8c42221d0fc45fde25773a669a7030a42fed94b614860\r","/next.svg":"0665b9ab4493aa9d7e988b57024e28772ae543e804b8cf6b0a3633854b7c3c7f\r","/globe.svg":"6502a3e6120bf2d6e8417e7c40bb57fb8a6954de9c86d3f43076a75b60cd23a2\r","/file.svg":"5a09df6187e21aa9a7d05094389385876ac93c818e1dcbb77a26a8fe408bf79c\r","/favicon.ico":"4860c8de3ec9a606e7aa628f45a60befd11df3af9130e493ad20dcb011925f85\r","/_next/static/QpTuFTaghh3ck0qcEq4Ck/_ssgManifest.js":"f73bbe5888d285cbab0ee19990a0d9db0b352fa3dfd30959d64a2bc66422d35c","/_next/static/QpTuFTaghh3ck0qcEq4Ck/_buildManifest.js":"6c01c0eb043e9b1f4b1f217b710a3111d0a265523d720dd299e6da2ca8d65d76","/_next/static/G04Q_mlLcYfegt4BMriZQ/_ssgManifest.js":"f73bbe5888d285cbab0ee19990a0d9db0b352fa3dfd30959d64a2bc66422d35c","/_next/static/G04Q_mlLcYfegt4BMriZQ/_buildManifest.js":"6c01c0eb043e9b1f4b1f217b710a3111d0a265523d720dd299e6da2ca8d65d76","/_next/static/NqomFZC7yVsfAaLtpfhZL/_ssgManifest.js":"f73bbe5888d285cbab0ee19990a0d9db0b352fa3dfd30959d64a2bc66422d35c","/_next/static/NqomFZC7yVsfAaLtpfhZL/_buildManifest.js":"6266ef2fc526b83b22a67ab7e719efc3967a3cb2f77fadfe9ab720b63ab0476b","/404.html":"36540f7acd4fa1a8e6a09234699bc329353025f797a39cb9f32962ad3ed058cd","/_next/static/css/ab0da89170afb2fe.css":"4c911fa279cfe4cb3adca11930bd830bbc03f839488ce163c8adc1179ec4c234","/_next/static/css/2cca18a6a2742e10.css":"fa91954576a6272819dfb6018546fddc260924da76089e575d61aab9fb4b3f9d","/index.html":"cdaeeaa9296ab6a347cd610e5dfefc27ad3c329ec9a9f769508a91726b235140","/_next/static/css/46c0c7c4006b22b2.css":"1023fe56931d2fb1839b757446df0919e2b3684705730a7f2768c6ee0d0b5b98","/_next/static/css/0c12f4026cceb508.css":"910e7fac43a5e0397d3c8553e83fadc1e28ce4077967c53eff87db7c660d561d","/_next/static/css/0f4e0a2c67fbb340.css":"66e12cc283e8d4b45a1797d278561f26a5c3f2b9435f47f5adb4984b48c43458","/_next/static/css/08908f6cddde7048.css":"50d4a56f448351654b8c0ebebad5e65d3699275521a1bb861cf0b726f48ae473","/_next/static/chunks/webpack-95cb535e72b894d1.js":"99236ecec47eb4abc3146114816cc85cd396d7a105b503c00f467a47485db84e","/_next/static/chunks/936-70f110ae6aebdd69.js":"7acdac5ba25194f8f296428ad8cc4966977142ef05ada2e9e1aff90059a66333","/_next/static/chunks/968-7f09c05d2807f7ce.js":"0ac9ba4b1e8cc595c2674980b5bd5d0ae68b7d4ed46e101b90ff73b486e36e07","/para-diseño/style.css":"2cb98b01d0c9e41503b4475e249a525d4b5d52090503b4cf42ac2de88fb58779\r","/para-diseño/index.html":"b8afc8cdabd428798df28b930b071fa61b2892471a13db0654eb98ea756adbc9\r","/icons/texto.png":"27256330d2d12e5c14e9b0656b2cecf6d2e02c1343223ede6b5a9bb7f49ec118\r","/icons/imagen.png":"ec03512bf0340f88130d1bc2b4fb38f6612b59ab27a72e97f0b165f7802a5273\r","/icons/forma.png":"ad9719398f7cc4c61639ecf4e45307c3e1cd3b583fc72544a7cabbff160f7dff\r","/favicon_io/site.webmanifest":"65748f57e3a355ca3b5213dc1a8ab66a2a605f966aa3576f0c482129ce284b00\r","/favicon_io/favicon.ico":"4860c8de3ec9a606e7aa628f45a60befd11df3af9130e493ad20dcb011925f85\r","/favicon_io/favicon-32x32.png":"1452ba5a2b10a62f40c572834e188c0eccd03453fee2b6afe84115bb6acef3d1\r","/favicon_io/favicon-16x16.png":"8161d58d30b439e76e5fb0f2acac3ed533c321704a16bb34f319749dc1e3d877\r","/favicon_io/apple-touch-icon.png":"eb3a86ca0a24a729e8e8616f1759abb4adc8baf6f0ee5e0f455f1c75d141c66c\r","/favicon_io/android-chrome-192x192.png":"cd4c7235ef93063f441a2b6af9b3bcc3e32240f6963a74f659f1f2120456266b\r","/_next/static/chunks/879.d6d6a70528db8f4b.js":"26406807727a568098573a08124439c682fe2372e5b07d971d1aaf4fbd456eb4","/boda/matu-santi-20-de-julio-de-2025/style.css":"de2441e760662589a2908a036622c9a80624559e065f7f70e5396cf3d5847c07\r","/boda/matu-santi-20-de-julio-de-2025/index.html":"07181c9e1a189ec3b4a192b376c20f1ff8b43408a0fec236cfcf52922cf1a84a\r","/boda/matu-santi-20-de-julio-de-2025/assets/img/portada.jpg":"47574c4d1b8d31cabd444257ac9e7432cc6ed64c03d2030291dfcfe09f6ef17f\r","/boda/matu-santi-20-de-julio-de-2025/assets/img/portada-editable1.png":"45320fd55e0472db714199b5651643fd7dc1aa9f054c4bca2b318feae80dcc90\r","/boda/agus-y-euge-2025/index.html":"46b50c321b39e89a491b6727a01628c34245605a30beb3e7414c5e01cff90e6e\r","/assets/portadawebp.webp":"6883da11bb018c0530be53012557486e555d2847b15bb6f487de6178fc3bf2af\r","/assets/musica.mp3":"47419ea20cb45881b165e26e09398c1a32bc21ebcc6c5cab4dfcf12514f262e2\r","/assets/img/wave-top.svg":"e0df8ced29bb9b395a2c3366a1792c0a78d14f0491eaf7321b8bb4c55866593e\r","/assets/img/wave-bottom.svg":"09334a2ad9eebdb66ab69c8d5d4416a757f9d9a75d6d772c30703b36da3cc633\r","/assets/img/portada9.jpg":"89f9cf59bcafb11fb8f7f6fe8585f1007858e98e289fc42203ab00bbd72faec7\r","/assets/img/portada8.jpg":"0cd99f8fb728f090b6dd26300e982114a4dca42947c9ec28af303fa95e4909a4\r","/assets/img/portada7.jpg":"02f8553bf299dbb09386e50210e9acd34781ef358dc04fc99588d988abf9ed1d\r","/assets/img/portada6.jpg":"1c9e750e086c8a752fc97e181b5c5af32cb9b7efb580bc3eb2f0b0a8ddc58066\r","/assets/img/portada5.jpg":"11bea3b7b584f4694eac728f9d90aca8ecfaac5a47928013d63034005115e558\r","/assets/img/portada4.jpg":"5a21236445171f13e5d7b9b8504153bbb1c848398692eca6d7f8a3238400fc43\r","/assets/img/portada3.jpg":"edd4bb47ae04955c64f564a8d12f776d2ed4b9696e85f09b1b8cc5fd68488350\r","/assets/img/portada2.jpg":"f64fac2293530847a8ac0c757f90d6e83772edbc4acbd9b0a634221ef19aa4f8\r","/assets/img/portada14.jpg":"bee7eb004a0952efee0c797428de6b08b64fccdcf94647aef20ac9c1fca66557\r","/assets/img/portada13.jpg":"b58e6df9b1b0e60678a29b3646e86409f3345703230ed0402eb9008c7d2a8c15\r","/assets/img/portada12.jpg":"1c0d5b0efe712fc22cbb90b84d941c25be9ec45784f4f8266b61999852b11215\r","/assets/img/portada11.jpg":"3eb5687478f9d5fad8ac101e12b1e7b176f9762bfb0715af995076c4a0db2e70\r","/assets/img/portada10.jpg":"793ef1dfa7391f8cd1588283931cff902a0dd7990793a9a9765f713f2d34b7b9\r","/assets/img/portada1.webp":"a4d859084abb14620ebfc8e7388609542da724fd7561ac77e12550f11e96d292\r","/assets/img/portada1.jpg":"98c0f51a2b3506999c33e63cd5f946ee37f9b766baa516d957eceec0e0aa0968\r","/assets/img/portada.jpg":"47574c4d1b8d31cabd444257ac9e7432cc6ed64c03d2030291dfcfe09f6ef17f\r","/assets/img/portada-romantico2.jpg":"854fb7e0d9bd2f1f73812fa7f9a41223925c8402a13556e4889094ae1acd6762\r","/assets/img/portada-romantico1":"4fbc7ae755b01d671d2f4eb1a46f07aa56043902a9052031774b1687e50422b0\r","/assets/img/portada-romantico.png":"698ca52392df2277c9c736b9121e171fce32347f87d73151464cafa12f54fff3\r","/assets/img/placeholder-600x400-3.jpg":"11540482785b4b90a3b8c42221d0fc45fde25773a669a7030a42fed94b614860\r","/assets/img/og-home-2026.jpg":"0d6e8fe3054e13ed8928f662628654d176044335814ba99382293355610cd6ba\r","/assets/img/logo_reservaeldia.png":"cb52b402f8f02ad38c18d37a1903d49aeddaa192502f276964c918ec6a716619\r","/assets/img/logo.svg":"7a613b9c6d9caea3948d1f131275362cb8d0d263d05ba6ba4a32eb0c7abd9c9e\r","/assets/img/logo.png":"be61218df9e59eb63f94eff7314669d9f42d872b4cd893124e0ddcef59e63666\r","/assets/img/logo-portada5.png":"dd86eee63139c0e6adb2278bfa328866abb8134e89078ae9a7f86f2ca5bc3915\r","/assets/img/logo-portada4.png":"06e16f11e51667cf8c658c1df7961061030b37d894ede6b694ae82304d7c6617\r","/assets/img/logo-portada3.png":"c47f8a0355b33ac1c7e1432b091b916953e003eb5533f8a9fa18b4e0460d0993\r","/assets/img/logo-portada2.png":"6bba01a5d19591917395457049884914df5c0a390b9d34bd915f697f641a3614\r","/assets/img/logo-portada1.png":"d2eb2ac293d316d58d037356ea4f24f4bcb1ffc09517ab3380ff00e93db7a94c\r","/assets/img/logo-portada.png":"79cf2f2a23af9c8db6c315795daca0bfecd3edf476a1222d0bf649f42abb7139\r","/assets/img/logo-portada-romatico.png":"1e16ebd7e093beb71fb9a3ae53366b09bef985eb57aee55225a3341c1776e831\r","/assets/img/logo-full.png":"e61f79dc94c05bf179f7bb1344ed670e62896ab96328163bf1a6ee9cec0e0102\r","/assets/img/logo-full-blanco.png":"5aa7d471744d12e528806df4e798ca77411e5b1454f671fbea74fdc43ecb0471\r","/assets/img/Invitación modelo pc + iphone.png":"3687f6b458222551fa5dfe58d675c5321b4c76027ed9aff3e813c22680ff8c5a\r","/assets/img/Imagen Hero.webp":"23e04b9ebb8494c750138b84c73fba914db176f1ac51d93fa037a88f5dc07982\r","/assets/img/Imagen Hero.jpg":"74d51856ee0b94a24fcffbb04c6f7a2255a84f6693692263ba865d122e5f10fa\r","/assets/img/icono-regalo.svg":"4f79e2c3bfd3512a10f049637a3e6d363bdc3ee5f324c3edfc9ca95a91bfb331\r","/assets/img/icono-play-blanco.png":"ed2197ed4886d4835982a78f3525f0649a31f792a62b2203d6a997ca7f660d3f\r","/assets/img/icono-pausa-blanco.png":"9d956ccaccd4cc19d984e985805f1f8981e01ce6f4566dd24774a6ed00eb372c\r","/assets/img/icono-fiesta.svg":"03ed871d5795496316c24aadc4bf32b0d45c8620ad8c0b260db1ab83cd76cefa\r","/assets/img/icono-dresscode.svg":"69888bbb995d8d064f52792f91bb416c66f021d2577f6d062e8c938300b2afd9\r","/assets/img/icono-ceremonia.svg":"100ca27f2490bf6b13dc2ffacd63247cc850c416990ad9b475afbbefd67f26ea\r","/assets/img/icono-canciones.svg":"a5f18899b79a05bf06ecb1fc1ebc5a5ad0490a813ae0c41f000f82f95865de7f\r","/assets/img/icono-anillos.svg":"2589cf75aad1908a9de2f9ceba00eaa939c83551414ff173a79f34e00075a767\r","/assets/img/google-auth-fail-logo.svg":"f1c0bebf1fbbba27555e0f7d9c8e9baf9d826e845cda61115f2a46e122318a91\r","/assets/img/foto-pareja1.svg":"b33dbff38db378964f6b54928715d9dfc6c3029c239c51474dd5067149611c49\r","/assets/img/fondo-papelartesanal.png":"eb4680814f13fc0d1f473c31b8fda9c71c65892ebf372f24e69dcf72940a9367\r","/assets/img/favicon.png":"54caed9407476598a04f0db7611e5eb34521ce54cc28f6ed67bbd99deca39cb8\r","/assets/img/favicon-blanco.png":"f1c29c512974b94d880fd6dda6a31a00344e8b0a0cdec240f2a6c77112227a27\r","/assets/img/default-share.jpg":"86f367e46e4b8c0d07afbb5f9fb2e0d6ab5d2f0596c53101fe6a4596870c61bf\r","/assets/img/celu4.png":"3bdc15ae8f3d1db059f4e011200bdefc0318f27e80ec1f098cc7f72a30694810\r","/assets/img/celu3.png":"beb2c4b9e415f61618c4209e73c6a403fbd095d5605b7df1cc0aa987c4de02db\r","/assets/img/celu2.png":"d438813e39b1cbfb5d88a6bf78cc13a9f7a0dfff33dc25302b07ef04e4ad07e7\r","/assets/img/celu1.png":"de6fa45181e30328c4ea2be9640078cfd6a4cbc9c621e88c33b1b292dcd6d054\r","/assets/img/02-143-02362360-3-00-detalle.pdf":"93e0358c2077706d86705470841893ff06c63d3a18ff93758ff956f653c08410\r","/assets/img/02-143-02238524-5-00-detalle.pdf":"974370af12cb5bff4bd38d17eee1d4242d92af294a3793ac8ec7725ed17676b5\r","/assets/img/02-143-02183344-5-00-detalle.pdf":"c26c4df820305647f528a9c5f3c876596cdba025312c71d2b4863d53f93d4204\r","/assets/img/selector/religioso.png":"fc2744f3359cf2bc59140dbd8e801efc7f3b98c87d0a67a2c3e5c1b5ee7c9bb5\r","/assets/img/selector/cumpleanos1.png":"e45aa1f94735821006e4e7f57255935ec3463b4771f861c804e9e6ed2b6af0b6\r","/assets/img/selector/boda1.png":"ccdfc23d743319915bc6cb8024274f2d15dd8d489f34f4bebd6cf1dbe0544cdb\r","/assets/img/landing-funcionalidades/preguntas-a-medida.jpg":"52c1f15bfe7fb11fcd841b7c486c593efeacf043f61ed5f0fb6e084d2e803a60\r","/assets/img/landing-funcionalidades/logistica-regalos.jpg":"181aea3cb2281e901c67541b8a583db2bc48067adde8b6f422fde808d262c747\r","/assets/img/landing-funcionalidades/control-asistencia.jpg":"ddbb35acbfe8a9b7bd296e45006b7e5e83e70e8267be6e66ebbf425f5a334a27\r","/assets/img/landing-funcionalidades/conta-tu-historia.jpg":"a094993f00d9a44646150bee3b1e2f72a382ed0f46f34c30b5aab93209082c27\r","/assets/img/landing/compartir-invitacion-mockup.webp":"eeef568733d6dab0dae553c0ad839eceb404f6bf2bef0782c7ad95e15ba31312\r","/assets/img/landing/compartir-invitacion-mockup.png":"821831d6f83af6760fc5ff1d2722f9c57a3ca184fe03cf5381045a9652b61d8d\r","/assets/img/iconos/ubicacion-negro.png":"d7186bb685bf3920af7217cd704b9ccffcb3286f0de78544d11d90b5621cf7df\r","/assets/img/iconos/ubicacion-blanco.png":"0f3dc517efa6dba0c0c3ebe4c1f217081d95a2d5e4e46464fb73879d99997f97\r","/assets/img/iconos/sujerencias-negro.png":"2f1426f1ff36b69ef54f09a36fc1c724e5bce7595656ad9d27f43324f3901a5d\r","/assets/img/iconos/sujerencias-blanco.png":"fc3de7b7ebf16dd04e8b542daecf9c507ce8f3acc6a9e4ca60d0fd3f014b084a\r","/assets/img/iconos/rsvp-negro.png":"f7aca8a478d5a42ac3cfdb6c4ab4ae83124870cc6346935ec8fcbda96311f0a0\r","/assets/img/iconos/rsvp-blanco.png":"184006a9371f2aa6f57f880fc86dc6a28dd825610a2db0cbfebc7a82a3cfbcd1\r","/assets/img/iconos/regalo-negro.png":"0b40cc749f9f21d1b14485e1b3ab4d14bc351a6007556417d5c4f7fc39435aed\r","/assets/img/iconos/regalo-blanco.png":"91d58c2926c6f2831966074ab8dd91ba4c4df6cd631c9a7b8f85f247f2d9e85e\r","/assets/img/iconos/redes-negro.png":"3c0fd27cc5c2c2f4498e1742c8e12bd3a493d974f60b2beeed1daa8b7cd12777\r","/assets/img/iconos/redes-blanco.png":"49478e27f69512452e571d55282e2eb9961b3330ebd3105bd3a1433e67db8561\r","/assets/img/iconos/musica-negro.png":"7d58e963208ab94f4cdff87a6dbb59ec94fc47653c794ee52139a10170ec472c\r","/assets/img/iconos/musica-blanco.png":"83809126d363d7c75eec08d42ad41b20f0e108ce5f2ea1b84ebac7b55f6386fd\r","/assets/img/iconos/menu-negro.png":"dad742397a2b1fb2840d8e42b9ad45d98c3585b25ab1f904ace0886452f798d7\r","/assets/img/iconos/menu-blanco.png":"370c33c1796c9f53b95a98161fbfbbac7e9f0c4a627aa506ce73ec1fc24a4189\r","/assets/img/iconos/invitados-negro.png":"1495db38af4672e944c13d2d3fb99524812f17cb68bd5b7e99d53c9c3f353f28\r","/assets/img/iconos/invitados-blanco.png":"e1f8f2fc24572ca0340e98f9e81e39d50f2914fbf0906755a974a2835be10534\r","/assets/img/iconos/idioma-negro.png":"04fb66256de1cd213eb284cc6bc8cc774532cf37db1b16837fc37a5aa774203c\r","/assets/img/iconos/idioma-blanco.png":"e96880c42ebe02487492253c9bcc1b182501a8110f7ebf31734bcee3154eaae1\r","/assets/img/iconos/icono-whatsapp.png":"d5d89e9f209c52a9d7624b6264bfca3ee48f6464b2c935aeb5dd393c75b58e54\r","/assets/img/iconos/icono-regalo.svg":"4f79e2c3bfd3512a10f049637a3e6d363bdc3ee5f324c3edfc9ca95a91bfb331\r","/assets/img/iconos/icono-play.png":"74653859bd758452c1461254de8c01656d782c06a8376ac5535195d15823f2a9\r","/assets/img/iconos/icono-play-blanco.png":"ed2197ed4886d4835982a78f3525f0649a31f792a62b2203d6a997ca7f660d3f\r","/assets/img/iconos/icono-pausa.png":"7a55abc7c9a48d83bf2ecfadb5f0bc808319f3604460fe2439ce5dd46073e16f\r","/assets/img/iconos/icono-pausa-blanco.png":"9d956ccaccd4cc19d984e985805f1f8981e01ce6f4566dd24774a6ed00eb372c\r","/assets/img/iconos/icono-mail.png":"0c32b6374e46a2147ed51df3db3ea0b1553109c823ea195e6c776833879ead97\r","/assets/img/iconos/icono-instagram.png":"7cdc85dfda48f728de5cfb5887028b4d1e81e801ff913c8dd96b6c0e5818026c\r","/assets/img/iconos/icono-fiesta.svg":"03ed871d5795496316c24aadc4bf32b0d45c8620ad8c0b260db1ab83cd76cefa\r","/assets/img/iconos/icono-facebook.png":"561397f8c7778da6b0d419b4735ca75eaffc779b44fcb64912848f46ad6a90ab\r","/assets/img/iconos/icono-dresscode.svg":"69888bbb995d8d064f52792f91bb416c66f021d2577f6d062e8c938300b2afd9\r","/assets/img/iconos/icono-ceremonia.svg":"100ca27f2490bf6b13dc2ffacd63247cc850c416990ad9b475afbbefd67f26ea\r","/assets/img/iconos/icono-canciones.svg":"a5f18899b79a05bf06ecb1fc1ebc5a5ad0490a813ae0c41f000f82f95865de7f\r","/assets/img/iconos/icono-anillos.svg":"2589cf75aad1908a9de2f9ceba00eaa939c83551414ff173a79f34e00075a767\r","/assets/img/iconos/google.jpeg":"a5527e9ec881587e7fbaa4bfa4a8e0490cfa3e42dc23639d2f22e30f97f71c26\r","/assets/img/iconos/fotos-negro.png":"45036f9ec6d5202e6837e796d84e3c9a46a5c08fc2ab98c832ed49f05b848764\r","/assets/img/iconos/fotos-blanco.png":"14bc2f0dc7930abfa12bdb25b1206f4db03fbba7d8b1602c9258866f71952cf7\r","/assets/img/iconos/facebook.jpeg":"4d9a7a0faa25ee3a2463c141245d1eb3cfcddcd9b3948f1e29a02ad8f4d74986\r","/assets/img/iconos/dresscode-negro.png":"2fbe74fc30884fe5611a5ec4eb91293beac59f0f952d2d1ece0503e09429d2ea\r","/assets/img/iconos/countdown-negro.png":"21010ba68e3d8ba82de4679378f161e9d3edf7b07f6ae882bfeb2bb34725ccfc\r","/assets/img/iconos/countdown-blanco.png":"cda53dbb9b3f5566f6d6addeefe3469a41afbf52f83e2ce983320420b182aad1\r","/assets/img/iconos/camara-negro.png":"bed15b9d5e5d478a811865276a1d06178504f2f6e3d63e29873be7a6ca6ebb74\r","/assets/img/iconos/camara-blanco.png":"cdd1514444490b019eaa55e568df2eb0c6d09a2593914eb6f01d6ec720d5cd44\r","/assets/img/iconos/calendario-negro.png":"81ef00924cb78e97696483fc23d738c784c90151ed34f69d4b6b0e39f8065459\r","/assets/img/iconos/calendario-blanco.png":"6a7e55a97bc8d3d23f6f2f760209bda84eb097085a56fe0f30444ff0c00728c9\r","/assets/img/iconos/anillos-premium.png":"6ff4fbeff45af6a6139a21928c93b21e8f8a8c7f10406b89d9d442fac9c00c8a\r","/assets/css/styles-invitacion.css":"0010ac53b647ca8727b3a8356d10d168bf25dd035f26bfd5f88998078ccfca21\r","/assets/css/jquery.fancybox.min.css":"ae9e744da9569b829726bb3acdd6454753463d542595e8d8e319cd5878b97afe\r","/_next/static/chunks/73.351e6b1ca2490238.js":"a9b7cfb87a8ee54733f0b31f2a1713ee022052be55d0289abed7bccc9901cc44","/_next/static/chunks/714.515bb47c3df76980.js":"33267f259ed75bf0eac28c96ce94dd4425760c4dd3581c8c3c5b15e39615beb9","/_next/static/chunks/687.f8b3bcd20867f031.js":"78fe2e00b741721652fdba7dcdbe79846bde892b0b8e63c2f898bdb241fa8502","/_next/static/chunks/57.f6e61451d712b805.js":"b2d51238f1d08a05dac05cda148e4d82a7e01df84116bc0319992720514d7943","/_next/static/chunks/703-728c0ce59597c95a.js":"06f18a12bde5ebd5258089222f71ebbdcd6949beb908190b9abb089ac8f5b207","/_next/static/chunks/522.dce45144f63cfc81.js":"b02aa134c1b953fc78743b3c9ffb3daca75afdfee6b3742ed83629f0c57d262f","/_next/static/chunks/598-e86a7b67e2a3add3.js":"a03fc709168db1fa05d1c8c49699d8b2ea2fb12dc07ecaeed4f3990d41192394","/_next/static/chunks/508-b779581c2e2f2350.js":"da491b95608ed22e24ea587139ecfa56064dd200b21fd89fe841fd2b73b3b6b2","/_next/static/chunks/520.6931bd4d9ced7ebb.js":"3733e7282abe3a2ed118e378d18e95d19ee332389e836fa1f4b32ca5788f0f70","/_next/static/chunks/494.f748b15b78143f62.js":"e4ca68237b2df595cc443f4b832acf0d0d3da5633e7da8b0dd161484961f85ba","/_next/static/chunks/232-743f6e822c893751.js":"aa946364e979744bb327b886cb6734e12aaa35b97913c1df27d23369b2434449","/_next/static/chunks/244-7ec5c6e146b143d1.js":"07e78121bc6f89de6026544370538de9412dd8dded32d82b449f9522db3993aa","/_next/static/chunks/143.1f74ec8a35e76960.js":"118d65537621ead2e6f449c3c16627cce5b825a602605b5df9440bdb6dde8b6b","/_next/static/chunks/191.7073bca892dbb406.js":"607071965ea6ef3ff85f214b99d0118c1afd9640f6873f1072272c791d9adcf7","/_next/static/chunks/100.15a70380e20f1d31.js":"57cc26f0dd708d288bf3cd8f067713620ee40d68ba0f5576f78d25304f1dc741","/_next/static/chunks/154-43ac8d393421e99b.js":"3fa80af89fabcf7b9650f3873ef88b20ff05f65361c040cb1c51ebd18fa2adba","/_next/static/chunks/pages/_error-74b527bf136d8aef.js":"071c196f0c7e3df3f409a0fc185696f128e13c4721e1b8ca98b620c53da03a48","/_next/static/chunks/169-d3f3fb1fbe8b1392.js":"b2878cdaf7a49d435b98612f7e4ccc6860b8a7620b2675b3be32b95372892758","/_next/static/chunks/0465ed09-7d19c6428422d334.js":"83f1e7aed71cea9741fbcc12a5fa79030b9455ad057497256a5896ad1372287f","/_next/static/chunks/113.4b419803f76bd6b9.js":"5706d3ec9d83fc1690a29acd6bd7b06fe68f4e51e33420a41dbf8caa6eaccf61","/_next/static/chunks/pages/preguntas-frecuentes-82a7bc34375bb527.js":"7bcb19827f032ee09caf8d636c953560812ce056767ff2dfc1b5f2bd0c04c9dd","/_next/static/chunks/pages/index-3ea78548fa0da374.js":"a16e3caf286aa120c6753fad6145301e29e2ce27823471c526686b292861278d","/_next/static/chunks/main-394c0fc00bac9901.js":"de0f161f5c44358431b736e9452827c1861d656f8a0010d9ad1bc401951556ee","/_next/static/chunks/943-bd06f9a82f060a36.js":"ff75a1e536f0737a39cc78bc14c6145f124c8739e8ba37874875ed8dea09a3aa","/_next/static/chunks/905.f3639a0d8486ffe8.js":"7b2f3190e4f8966db42b67e83c70ff76830d9d26099e721b9fd4c0f693908187","/_next/static/chunks/polyfills-42372ed130431b0a.js":"18e28d3214eda45048d80d3925ea7627b809e69ad2e95f7f98459e9146a61c3d","/_next/static/chunks/ccf9b928.299d899fa2b2c748.js":"85dff95d28c03ec3d6cd09177ee233a3ddaf6e65b7531a9c9b5720fa691f6f7f","/_next/static/chunks/422-3f21efddadc99a6b.js":"4aca689d5b09b03cdf4701fbd2f400da621dbc211ffac6384a919af06627795d","/_next/static/chunks/pages/admin/pricing-713caab529f2d990.js":"85616d577047e1f6e79baa3205503cc1c49842a1f0065012f31f0690756f38a7","/_next/static/chunks/pages/admin/usuarios-aa139fbe195f7a72.js":"cf584636ca7a6957ff22ee235aa304afa53558033045abed7d57e0e132d8b1bd","/_next/static/chunks/pages/admin/panel-creativo-3912923eeeea4589.js":"00cae7bd510910959d29130759fae14b174b803b9ee6c2502efca2b4d9c7b7cb","/_next/static/chunks/pages/admin/presets-texto-70b4444e9ed51370.js":"f85d5a8374720cc94c5b56bba9e404831aeb14e0be188f0f37ae2444e901ee3b","/_next/static/chunks/pages/admin/plantillas-bb15d69190126b07.js":"56204748c0f51387a6604653b3b004d8c51ae4a9c921c489bbf74f4b7c71658c","/_next/static/chunks/pages/admin/gestion-sitio-2d7007dc6b8025b1.js":"faf97107bb003dab6596b80f2a14673fe6747bb8fb019f12b6812ac1bbaba51f","/preguntas-frecuentes/index.html":"2d06f91363c2718d95cd663c5e73bbf2284c4bf185f36f161eef602a3ffad019","/dashboard/index.html":"9a60a955b47641de68b967dcba85600ccb1a5831b0f1621450500a87f335592d","/admin/usuarios/index.html":"227fe18640f48afe9062aec25e7021c03d44a5bfa8c485c31c4072a2ec22be6e","/admin/pricing/index.html":"d31a42791d74b2ba19b20f253ceafc98d94a4a4d85f6011ef98b8352a399e073","/admin/presets-texto/index.html":"1947158f2fb9abbfea0502d8ccb5c1e5e78301a4ab15bca04a5b7d595812f391","/admin/plantillas/index.html":"61f8e2e6f0daa6b4b4d6c1d99ff0b53f92c3b6db46bff0e4fcbb8a4f17906d2b","/admin/panel-creativo/index.html":"7ad1d2ec45c781f07159e972749454e4d05aef42a593857ef92d1bf2552569d2","/admin/iconos/index.html":"88a491ee539ef7e099d8e78cfc6421e7fabb7ebb1337cccc4e497b0022983806","/admin/gestion-sitio/index.html":"eeade208b477b22c1874de517878bd8baca087056118c91f64dbf72aff138568","/admin/decoraciones/index.html":"02bc7ec843565f2f5919ff1e687a15a10c92381698375a3adb87f51f8254ab55","/admin/countdown-presets/index.html":"152c18d44217167c503ac32a183ab889e8102c903a4dfb8058b311c1863b5c51","/404/index.html":"36540f7acd4fa1a8e6a09234699bc329353025f797a39cb9f32962ad3ed058cd","/_next/static/css/a8b0885f69771f61.css":"1389b5f2c5f34a16bb88754da310a357316bfdb5dd090869e04f1d88681b6df8","/_next/static/chunks/465-e803d62d73f3ff5e.js":"f8d74805621be19d127c3aec0390edd4322f723a16ea903b6f88381d530e9292","/_next/static/chunks/892-ec2cc13d3a0a1db1.js":"0504ab8114ff8bad907c581073dd5af258ddebf75906c43b2bd9500ac1b8dbdc","/_next/static/chunks/framework-77bedd5d104a1f05.js":"c3d90d0340b2ec271f48eda065c181ae90c94e94b8fed26064e6aad076fae574","/_next/static/chunks/486.0f43b1ea45498fe3.js":"1aad756478a7b8967c6649b6942c3f7d307f8aea35f3d8bc58531862c31c065d","/_next/static/chunks/pages/admin/iconos-9ac7c49a71784dbf.js":"508bcfea66d0a7b406a901f1c08b15f8ea6a1a854f06bcaec17de9bb2d045c2c","/_next/static/chunks/pages/admin/decoraciones-5b9290efbf982cd7.js":"9bb236f9649abf57d42ae629a9e934fdb756ed36788d87cc24e87213ad677692","/_next/static/chunks/pages/admin/countdown-presets-d40700699f4fc512.js":"9462d0eecbdaa68b08b9a8412d3ab3640f31ece648e44889d8e3b5c09bf04cc4","/_next/static/chunks/264.5686b1385748762e.js":"44fec4276a7edbc305aed273119a792f39587d9137b9325a6a43b7335673fcb2","/_next/static/chunks/pages/_app-1fdf185e1939159e.js":"2c6785660504d01dab9dafd029fa7ca4838a75b881b6d2fc7403c5666eb55487","/_next/static/chunks/pages/dashboard-c02aa40a9061704a.js":"57d8ffcbf4fa76b24eb2d6a04500f1016e244def1ec64fa33ff011635a726c48","/_next/static/chunks/pages/dashboard-54959e415a077754.js":"43c1769c35229bf3a4c55ab79b28f35dd8737697d3869ab35802b9bff8d61f88","/_next/static/chunks/431.ad2fe9adcc583aeb.js":"35b471e296343ce1f2ee4c2eb0b854dd40688a2a9ef010cc07270bfa958256f6"}}
[info] i  hosting: adding files to version [0/218] (0%) 
[debug] [2026-08-13T02:26:26.479Z] <<< [apiv2][status] POST https://firebasehosting.googleapis.com/v1beta1/projects/860495975406/sites/reservaeldia-7a440/versions/1799c9ca1c2fde0f:populateFiles 200
[debug] [2026-08-13T02:26:26.480Z] <<< [apiv2][body] POST https://firebasehosting.googleapis.com/v1beta1/projects/860495975406/sites/reservaeldia-7a440/versions/1799c9ca1c2fde0f:populateFiles {"uploadRequiredHashes":["36540f7acd4fa1a8e6a09234699bc329353025f797a39cb9f32962ad3ed058cd","1947158f2fb9abbfea0502d8ccb5c1e5e78301a4ab15bca04a5b7d595812f391","43c1769c35229bf3a4c55ab79b28f35dd8737697d3869ab35802b9bff8d61f88","227fe18640f48afe9062aec25e7021c03d44a5bfa8c485c31c4072a2ec22be6e","2d06f91363c2718d95cd663c5e73bbf2284c4bf185f36f161eef602a3ffad019","9a60a955b47641de68b967dcba85600ccb1a5831b0f1621450500a87f335592d","61f8e2e6f0daa6b4b4d6c1d99ff0b53f92c3b6db46bff0e4fcbb8a4f17906d2b","eeade208b477b22c1874de517878bd8baca087056118c91f64dbf72aff138568","cdaeeaa9296ab6a347cd610e5dfefc27ad3c329ec9a9f769508a91726b235140","152c18d44217167c503ac32a183ab889e8102c903a4dfb8058b311c1863b5c51","6266ef2fc526b83b22a67ab7e719efc3967a3cb2f77fadfe9ab720b63ab0476b","d31a42791d74b2ba19b20f253ceafc98d94a4a4d85f6011ef98b8352a399e073","88a491ee539ef7e099d8e78cfc6421e7fabb7ebb1337cccc4e497b0022983806","02bc7ec843565f2f5919ff1e687a15a10c92381698375a3adb87f51f8254ab55","7ad1d2ec45c781f07159e972749454e4d05aef42a593857ef92d1bf2552569d2"],"uploadUrl":"https://upload-firebasehosting.googleapis.com/upload/sites/reservaeldia-7a440/versions/1799c9ca1c2fde0f/files"}
[debug] [2026-08-13T02:26:26.484Z] Checked if tokens are valid: true, expires at: 1786591103748
[debug] [2026-08-13T02:26:26.485Z] Checked if tokens are valid: true, expires at: 1786591103748
[debug] [2026-08-13T02:26:26.487Z] Checked if tokens are valid: true, expires at: 1786591103748
[debug] [2026-08-13T02:26:26.487Z] Checked if tokens are valid: true, expires at: 1786591103748
[debug] [2026-08-13T02:26:26.489Z] Checked if tokens are valid: true, expires at: 1786591103748
[debug] [2026-08-13T02:26:26.490Z] Checked if tokens are valid: true, expires at: 1786591103748
[debug] [2026-08-13T02:26:26.494Z] Checked if tokens are valid: true, expires at: 1786591103748
[debug] [2026-08-13T02:26:26.495Z] Checked if tokens are valid: true, expires at: 1786591103748
[debug] [2026-08-13T02:26:26.497Z] Checked if tokens are valid: true, expires at: 1786591103748
[debug] [2026-08-13T02:26:26.498Z] Checked if tokens are valid: true, expires at: 1786591103748
[debug] [2026-08-13T02:26:26.502Z] Checked if tokens are valid: true, expires at: 1786591103748
[debug] [2026-08-13T02:26:26.502Z] Checked if tokens are valid: true, expires at: 1786591103748
[debug] [2026-08-13T02:26:26.505Z] Checked if tokens are valid: true, expires at: 1786591103748
[debug] [2026-08-13T02:26:26.505Z] Checked if tokens are valid: true, expires at: 1786591103748
[debug] [2026-08-13T02:26:26.507Z] Checked if tokens are valid: true, expires at: 1786591103748
[debug] [2026-08-13T02:26:26.508Z] Checked if tokens are valid: true, expires at: 1786591103748
[debug] [2026-08-13T02:26:26.510Z] Checked if tokens are valid: true, expires at: 1786591103748
[debug] [2026-08-13T02:26:26.511Z] Checked if tokens are valid: true, expires at: 1786591103748
[debug] [2026-08-13T02:26:26.514Z] Checked if tokens are valid: true, expires at: 1786591103748
[debug] [2026-08-13T02:26:26.516Z] Checked if tokens are valid: true, expires at: 1786591103748
[debug] [2026-08-13T02:26:26.519Z] Checked if tokens are valid: true, expires at: 1786591103748
[debug] [2026-08-13T02:26:26.520Z] Checked if tokens are valid: true, expires at: 1786591103748
[debug] [2026-08-13T02:26:26.523Z] Checked if tokens are valid: true, expires at: 1786591103748
[debug] [2026-08-13T02:26:26.524Z] Checked if tokens are valid: true, expires at: 1786591103748
[debug] [2026-08-13T02:26:26.526Z] Checked if tokens are valid: true, expires at: 1786591103748
[debug] [2026-08-13T02:26:26.526Z] Checked if tokens are valid: true, expires at: 1786591103748
[debug] [2026-08-13T02:26:26.528Z] Checked if tokens are valid: true, expires at: 1786591103748
[debug] [2026-08-13T02:26:26.529Z] Checked if tokens are valid: true, expires at: 1786591103748
[debug] [2026-08-13T02:26:26.531Z] Checked if tokens are valid: true, expires at: 1786591103748
[debug] [2026-08-13T02:26:26.532Z] Checked if tokens are valid: true, expires at: 1786591103748
[debug] [2026-08-13T02:26:26.542Z] >>> [apiv2][query] POST https://upload-firebasehosting.googleapis.com/upload/sites/reservaeldia-7a440/versions/1799c9ca1c2fde0f/files/36540f7acd4fa1a8e6a09234699bc329353025f797a39cb9f32962ad3ed058cd [none]
[debug] [2026-08-13T02:26:26.543Z] >>> [apiv2][body] POST https://upload-firebasehosting.googleapis.com/upload/sites/reservaeldia-7a440/versions/1799c9ca1c2fde0f/files/36540f7acd4fa1a8e6a09234699bc329353025f797a39cb9f32962ad3ed058cd [stream]
[debug] [2026-08-13T02:26:26.555Z] >>> [apiv2][query] POST https://upload-firebasehosting.googleapis.com/upload/sites/reservaeldia-7a440/versions/1799c9ca1c2fde0f/files/1947158f2fb9abbfea0502d8ccb5c1e5e78301a4ab15bca04a5b7d595812f391 [none]
[debug] [2026-08-13T02:26:26.556Z] >>> [apiv2][body] POST https://upload-firebasehosting.googleapis.com/upload/sites/reservaeldia-7a440/versions/1799c9ca1c2fde0f/files/1947158f2fb9abbfea0502d8ccb5c1e5e78301a4ab15bca04a5b7d595812f391 [stream]
[debug] [2026-08-13T02:26:26.565Z] >>> [apiv2][query] POST https://upload-firebasehosting.googleapis.com/upload/sites/reservaeldia-7a440/versions/1799c9ca1c2fde0f/files/43c1769c35229bf3a4c55ab79b28f35dd8737697d3869ab35802b9bff8d61f88 [none]
[debug] [2026-08-13T02:26:26.566Z] >>> [apiv2][body] POST https://upload-firebasehosting.googleapis.com/upload/sites/reservaeldia-7a440/versions/1799c9ca1c2fde0f/files/43c1769c35229bf3a4c55ab79b28f35dd8737697d3869ab35802b9bff8d61f88 [stream]
[debug] [2026-08-13T02:26:26.574Z] >>> [apiv2][query] POST https://upload-firebasehosting.googleapis.com/upload/sites/reservaeldia-7a440/versions/1799c9ca1c2fde0f/files/227fe18640f48afe9062aec25e7021c03d44a5bfa8c485c31c4072a2ec22be6e [none]
[debug] [2026-08-13T02:26:26.575Z] >>> [apiv2][body] POST https://upload-firebasehosting.googleapis.com/upload/sites/reservaeldia-7a440/versions/1799c9ca1c2fde0f/files/227fe18640f48afe9062aec25e7021c03d44a5bfa8c485c31c4072a2ec22be6e [stream]
[debug] [2026-08-13T02:26:26.585Z] >>> [apiv2][query] POST https://upload-firebasehosting.googleapis.com/upload/sites/reservaeldia-7a440/versions/1799c9ca1c2fde0f/files/2d06f91363c2718d95cd663c5e73bbf2284c4bf185f36f161eef602a3ffad019 [none]
[debug] [2026-08-13T02:26:26.586Z] >>> [apiv2][body] POST https://upload-firebasehosting.googleapis.com/upload/sites/reservaeldia-7a440/versions/1799c9ca1c2fde0f/files/2d06f91363c2718d95cd663c5e73bbf2284c4bf185f36f161eef602a3ffad019 [stream]
[debug] [2026-08-13T02:26:26.598Z] >>> [apiv2][query] POST https://upload-firebasehosting.googleapis.com/upload/sites/reservaeldia-7a440/versions/1799c9ca1c2fde0f/files/9a60a955b47641de68b967dcba85600ccb1a5831b0f1621450500a87f335592d [none]
[debug] [2026-08-13T02:26:26.599Z] >>> [apiv2][body] POST https://upload-firebasehosting.googleapis.com/upload/sites/reservaeldia-7a440/versions/1799c9ca1c2fde0f/files/9a60a955b47641de68b967dcba85600ccb1a5831b0f1621450500a87f335592d [stream]
[debug] [2026-08-13T02:26:26.613Z] >>> [apiv2][query] POST https://upload-firebasehosting.googleapis.com/upload/sites/reservaeldia-7a440/versions/1799c9ca1c2fde0f/files/61f8e2e6f0daa6b4b4d6c1d99ff0b53f92c3b6db46bff0e4fcbb8a4f17906d2b [none]
[debug] [2026-08-13T02:26:26.613Z] >>> [apiv2][body] POST https://upload-firebasehosting.googleapis.com/upload/sites/reservaeldia-7a440/versions/1799c9ca1c2fde0f/files/61f8e2e6f0daa6b4b4d6c1d99ff0b53f92c3b6db46bff0e4fcbb8a4f17906d2b [stream]
[debug] [2026-08-13T02:26:26.622Z] >>> [apiv2][query] POST https://upload-firebasehosting.googleapis.com/upload/sites/reservaeldia-7a440/versions/1799c9ca1c2fde0f/files/eeade208b477b22c1874de517878bd8baca087056118c91f64dbf72aff138568 [none]
[debug] [2026-08-13T02:26:26.623Z] >>> [apiv2][body] POST https://upload-firebasehosting.googleapis.com/upload/sites/reservaeldia-7a440/versions/1799c9ca1c2fde0f/files/eeade208b477b22c1874de517878bd8baca087056118c91f64dbf72aff138568 [stream]
[debug] [2026-08-13T02:26:26.631Z] >>> [apiv2][query] POST https://upload-firebasehosting.googleapis.com/upload/sites/reservaeldia-7a440/versions/1799c9ca1c2fde0f/files/cdaeeaa9296ab6a347cd610e5dfefc27ad3c329ec9a9f769508a91726b235140 [none]
[debug] [2026-08-13T02:26:26.632Z] >>> [apiv2][body] POST https://upload-firebasehosting.googleapis.com/upload/sites/reservaeldia-7a440/versions/1799c9ca1c2fde0f/files/cdaeeaa9296ab6a347cd610e5dfefc27ad3c329ec9a9f769508a91726b235140 [stream]
[debug] [2026-08-13T02:26:26.640Z] >>> [apiv2][query] POST https://upload-firebasehosting.googleapis.com/upload/sites/reservaeldia-7a440/versions/1799c9ca1c2fde0f/files/152c18d44217167c503ac32a183ab889e8102c903a4dfb8058b311c1863b5c51 [none]
[debug] [2026-08-13T02:26:26.641Z] >>> [apiv2][body] POST https://upload-firebasehosting.googleapis.com/upload/sites/reservaeldia-7a440/versions/1799c9ca1c2fde0f/files/152c18d44217167c503ac32a183ab889e8102c903a4dfb8058b311c1863b5c51 [stream]
[debug] [2026-08-13T02:26:26.649Z] >>> [apiv2][query] POST https://upload-firebasehosting.googleapis.com/upload/sites/reservaeldia-7a440/versions/1799c9ca1c2fde0f/files/6266ef2fc526b83b22a67ab7e719efc3967a3cb2f77fadfe9ab720b63ab0476b [none]
[debug] [2026-08-13T02:26:26.650Z] >>> [apiv2][body] POST https://upload-firebasehosting.googleapis.com/upload/sites/reservaeldia-7a440/versions/1799c9ca1c2fde0f/files/6266ef2fc526b83b22a67ab7e719efc3967a3cb2f77fadfe9ab720b63ab0476b [stream]
[debug] [2026-08-13T02:26:26.656Z] >>> [apiv2][query] POST https://upload-firebasehosting.googleapis.com/upload/sites/reservaeldia-7a440/versions/1799c9ca1c2fde0f/files/d31a42791d74b2ba19b20f253ceafc98d94a4a4d85f6011ef98b8352a399e073 [none]
[debug] [2026-08-13T02:26:26.657Z] >>> [apiv2][body] POST https://upload-firebasehosting.googleapis.com/upload/sites/reservaeldia-7a440/versions/1799c9ca1c2fde0f/files/d31a42791d74b2ba19b20f253ceafc98d94a4a4d85f6011ef98b8352a399e073 [stream]
[debug] [2026-08-13T02:26:26.670Z] >>> [apiv2][query] POST https://upload-firebasehosting.googleapis.com/upload/sites/reservaeldia-7a440/versions/1799c9ca1c2fde0f/files/88a491ee539ef7e099d8e78cfc6421e7fabb7ebb1337cccc4e497b0022983806 [none]
[debug] [2026-08-13T02:26:26.671Z] >>> [apiv2][body] POST https://upload-firebasehosting.googleapis.com/upload/sites/reservaeldia-7a440/versions/1799c9ca1c2fde0f/files/88a491ee539ef7e099d8e78cfc6421e7fabb7ebb1337cccc4e497b0022983806 [stream]
[debug] [2026-08-13T02:26:26.681Z] >>> [apiv2][query] POST https://upload-firebasehosting.googleapis.com/upload/sites/reservaeldia-7a440/versions/1799c9ca1c2fde0f/files/02bc7ec843565f2f5919ff1e687a15a10c92381698375a3adb87f51f8254ab55 [none]
[debug] [2026-08-13T02:26:26.682Z] >>> [apiv2][body] POST https://upload-firebasehosting.googleapis.com/upload/sites/reservaeldia-7a440/versions/1799c9ca1c2fde0f/files/02bc7ec843565f2f5919ff1e687a15a10c92381698375a3adb87f51f8254ab55 [stream]
[debug] [2026-08-13T02:26:26.689Z] >>> [apiv2][query] POST https://upload-firebasehosting.googleapis.com/upload/sites/reservaeldia-7a440/versions/1799c9ca1c2fde0f/files/7ad1d2ec45c781f07159e972749454e4d05aef42a593857ef92d1bf2552569d2 [none]
[debug] [2026-08-13T02:26:26.691Z] >>> [apiv2][body] POST https://upload-firebasehosting.googleapis.com/upload/sites/reservaeldia-7a440/versions/1799c9ca1c2fde0f/files/7ad1d2ec45c781f07159e972749454e4d05aef42a593857ef92d1bf2552569d2 [stream]
[debug] [2026-08-13T02:26:26.699Z] [hosting][populate queue][FINAL] {"max":3123,"min":3123,"avg":3123,"active":0,"complete":1,"success":1,"errored":0,"retried":0,"total":1,"elapsed":3282}
[debug] [2026-08-13T02:26:26.702Z] [hosting] uploads queued: 15
[info] i  hosting: uploading new files [0/15] (0%) 
[debug] [2026-08-13T02:26:28.112Z] <<< [apiv2][status] POST https://upload-firebasehosting.googleapis.com/upload/sites/reservaeldia-7a440/versions/1799c9ca1c2fde0f/files/1947158f2fb9abbfea0502d8ccb5c1e5e78301a4ab15bca04a5b7d595812f391 200
[debug] [2026-08-13T02:26:28.114Z] <<< [apiv2][body] POST https://upload-firebasehosting.googleapis.com/upload/sites/reservaeldia-7a440/versions/1799c9ca1c2fde0f/files/1947158f2fb9abbfea0502d8ccb5c1e5e78301a4ab15bca04a5b7d595812f391 [stream]
[debug] [2026-08-13T02:26:28.216Z] <<< [apiv2][status] POST https://upload-firebasehosting.googleapis.com/upload/sites/reservaeldia-7a440/versions/1799c9ca1c2fde0f/files/9a60a955b47641de68b967dcba85600ccb1a5831b0f1621450500a87f335592d 200
[debug] [2026-08-13T02:26:28.216Z] <<< [apiv2][body] POST https://upload-firebasehosting.googleapis.com/upload/sites/reservaeldia-7a440/versions/1799c9ca1c2fde0f/files/9a60a955b47641de68b967dcba85600ccb1a5831b0f1621450500a87f335592d [stream]
[debug] [2026-08-13T02:26:28.223Z] <<< [apiv2][status] POST https://upload-firebasehosting.googleapis.com/upload/sites/reservaeldia-7a440/versions/1799c9ca1c2fde0f/files/152c18d44217167c503ac32a183ab889e8102c903a4dfb8058b311c1863b5c51 200
[debug] [2026-08-13T02:26:28.224Z] <<< [apiv2][body] POST https://upload-firebasehosting.googleapis.com/upload/sites/reservaeldia-7a440/versions/1799c9ca1c2fde0f/files/152c18d44217167c503ac32a183ab889e8102c903a4dfb8058b311c1863b5c51 [stream]
[debug] [2026-08-13T02:26:28.247Z] <<< [apiv2][status] POST https://upload-firebasehosting.googleapis.com/upload/sites/reservaeldia-7a440/versions/1799c9ca1c2fde0f/files/eeade208b477b22c1874de517878bd8baca087056118c91f64dbf72aff138568 200
[debug] [2026-08-13T02:26:28.248Z] <<< [apiv2][body] POST https://upload-firebasehosting.googleapis.com/upload/sites/reservaeldia-7a440/versions/1799c9ca1c2fde0f/files/eeade208b477b22c1874de517878bd8baca087056118c91f64dbf72aff138568 [stream]
[debug] [2026-08-13T02:26:28.254Z] <<< [apiv2][status] POST https://upload-firebasehosting.googleapis.com/upload/sites/reservaeldia-7a440/versions/1799c9ca1c2fde0f/files/36540f7acd4fa1a8e6a09234699bc329353025f797a39cb9f32962ad3ed058cd 200
[debug] [2026-08-13T02:26:28.254Z] <<< [apiv2][body] POST https://upload-firebasehosting.googleapis.com/upload/sites/reservaeldia-7a440/versions/1799c9ca1c2fde0f/files/36540f7acd4fa1a8e6a09234699bc329353025f797a39cb9f32962ad3ed058cd [stream]
[debug] [2026-08-13T02:26:28.316Z] <<< [apiv2][status] POST https://upload-firebasehosting.googleapis.com/upload/sites/reservaeldia-7a440/versions/1799c9ca1c2fde0f/files/6266ef2fc526b83b22a67ab7e719efc3967a3cb2f77fadfe9ab720b63ab0476b 200
[debug] [2026-08-13T02:26:28.316Z] <<< [apiv2][body] POST https://upload-firebasehosting.googleapis.com/upload/sites/reservaeldia-7a440/versions/1799c9ca1c2fde0f/files/6266ef2fc526b83b22a67ab7e719efc3967a3cb2f77fadfe9ab720b63ab0476b [stream]
[debug] [2026-08-13T02:26:28.325Z] <<< [apiv2][status] POST https://upload-firebasehosting.googleapis.com/upload/sites/reservaeldia-7a440/versions/1799c9ca1c2fde0f/files/61f8e2e6f0daa6b4b4d6c1d99ff0b53f92c3b6db46bff0e4fcbb8a4f17906d2b 200
[debug] [2026-08-13T02:26:28.326Z] <<< [apiv2][body] POST https://upload-firebasehosting.googleapis.com/upload/sites/reservaeldia-7a440/versions/1799c9ca1c2fde0f/files/61f8e2e6f0daa6b4b4d6c1d99ff0b53f92c3b6db46bff0e4fcbb8a4f17906d2b [stream]
[debug] [2026-08-13T02:26:28.334Z] <<< [apiv2][status] POST https://upload-firebasehosting.googleapis.com/upload/sites/reservaeldia-7a440/versions/1799c9ca1c2fde0f/files/227fe18640f48afe9062aec25e7021c03d44a5bfa8c485c31c4072a2ec22be6e 200
[debug] [2026-08-13T02:26:28.335Z] <<< [apiv2][body] POST https://upload-firebasehosting.googleapis.com/upload/sites/reservaeldia-7a440/versions/1799c9ca1c2fde0f/files/227fe18640f48afe9062aec25e7021c03d44a5bfa8c485c31c4072a2ec22be6e [stream]
[debug] [2026-08-13T02:26:28.349Z] <<< [apiv2][status] POST https://upload-firebasehosting.googleapis.com/upload/sites/reservaeldia-7a440/versions/1799c9ca1c2fde0f/files/cdaeeaa9296ab6a347cd610e5dfefc27ad3c329ec9a9f769508a91726b235140 200
[debug] [2026-08-13T02:26:28.349Z] <<< [apiv2][body] POST https://upload-firebasehosting.googleapis.com/upload/sites/reservaeldia-7a440/versions/1799c9ca1c2fde0f/files/cdaeeaa9296ab6a347cd610e5dfefc27ad3c329ec9a9f769508a91726b235140 [stream]
[debug] [2026-08-13T02:26:28.364Z] <<< [apiv2][status] POST https://upload-firebasehosting.googleapis.com/upload/sites/reservaeldia-7a440/versions/1799c9ca1c2fde0f/files/d31a42791d74b2ba19b20f253ceafc98d94a4a4d85f6011ef98b8352a399e073 200
[debug] [2026-08-13T02:26:28.365Z] <<< [apiv2][body] POST https://upload-firebasehosting.googleapis.com/upload/sites/reservaeldia-7a440/versions/1799c9ca1c2fde0f/files/d31a42791d74b2ba19b20f253ceafc98d94a4a4d85f6011ef98b8352a399e073 [stream]
[debug] [2026-08-13T02:26:28.386Z] <<< [apiv2][status] POST https://upload-firebasehosting.googleapis.com/upload/sites/reservaeldia-7a440/versions/1799c9ca1c2fde0f/files/2d06f91363c2718d95cd663c5e73bbf2284c4bf185f36f161eef602a3ffad019 200
[debug] [2026-08-13T02:26:28.387Z] <<< [apiv2][body] POST https://upload-firebasehosting.googleapis.com/upload/sites/reservaeldia-7a440/versions/1799c9ca1c2fde0f/files/2d06f91363c2718d95cd663c5e73bbf2284c4bf185f36f161eef602a3ffad019 [stream]
[debug] [2026-08-13T02:26:28.424Z] <<< [apiv2][status] POST https://upload-firebasehosting.googleapis.com/upload/sites/reservaeldia-7a440/versions/1799c9ca1c2fde0f/files/43c1769c35229bf3a4c55ab79b28f35dd8737697d3869ab35802b9bff8d61f88 200
[debug] [2026-08-13T02:26:28.424Z] <<< [apiv2][body] POST https://upload-firebasehosting.googleapis.com/upload/sites/reservaeldia-7a440/versions/1799c9ca1c2fde0f/files/43c1769c35229bf3a4c55ab79b28f35dd8737697d3869ab35802b9bff8d61f88 [stream]
[debug] [2026-08-13T02:26:28.433Z] <<< [apiv2][status] POST https://upload-firebasehosting.googleapis.com/upload/sites/reservaeldia-7a440/versions/1799c9ca1c2fde0f/files/88a491ee539ef7e099d8e78cfc6421e7fabb7ebb1337cccc4e497b0022983806 200
[debug] [2026-08-13T02:26:28.433Z] <<< [apiv2][body] POST https://upload-firebasehosting.googleapis.com/upload/sites/reservaeldia-7a440/versions/1799c9ca1c2fde0f/files/88a491ee539ef7e099d8e78cfc6421e7fabb7ebb1337cccc4e497b0022983806 [stream]
[debug] [2026-08-13T02:26:28.447Z] <<< [apiv2][status] POST https://upload-firebasehosting.googleapis.com/upload/sites/reservaeldia-7a440/versions/1799c9ca1c2fde0f/files/02bc7ec843565f2f5919ff1e687a15a10c92381698375a3adb87f51f8254ab55 200
[debug] [2026-08-13T02:26:28.447Z] <<< [apiv2][body] POST https://upload-firebasehosting.googleapis.com/upload/sites/reservaeldia-7a440/versions/1799c9ca1c2fde0f/files/02bc7ec843565f2f5919ff1e687a15a10c92381698375a3adb87f51f8254ab55 [stream]
[debug] [2026-08-13T02:26:28.490Z] <<< [apiv2][status] POST https://upload-firebasehosting.googleapis.com/upload/sites/reservaeldia-7a440/versions/1799c9ca1c2fde0f/files/7ad1d2ec45c781f07159e972749454e4d05aef42a593857ef92d1bf2552569d2 200
[debug] [2026-08-13T02:26:28.490Z] <<< [apiv2][body] POST https://upload-firebasehosting.googleapis.com/upload/sites/reservaeldia-7a440/versions/1799c9ca1c2fde0f/files/7ad1d2ec45c781f07159e972749454e4d05aef42a593857ef92d1bf2552569d2 [stream]
[debug] [2026-08-13T02:26:28.492Z] [hosting][upload queue][FINAL] {"max":1961,"min":1628,"avg":1823.3333333333333,"active":0,"complete":15,"success":15,"errored":0,"retried":0,"total":15,"elapsed":2011}
[info] i  hosting: upload complete 
[info] +  hosting[reservaeldia-7a440]: file upload complete 
[debug] [2026-08-13T02:26:28.495Z] [hosting] deploy completed after 5854ms
[debug] [2026-08-13T02:26:28.496Z] [
  {
    "config": {
      "public": "out",
      "ignore": [
        "firebase.json",
        "**/.*",
        "**/node_modules/**"
      ],
      "headers": [
        {
          "source": "**/*.html",
          "headers": [
            {
              "key": "Cache-Control",
              "value": "no-cache, no-store, must-revalidate"
            }
          ]
        },
        {
          "source": "/dashboard",
          "headers": [
            {
              "key": "Cache-Control",
              "value": "no-cache, no-store, must-revalidate"
            },
            {
              "key": "X-Robots-Tag",
              "value": "noindex, noarchive"
            }
          ]
        },
        {
          "source": "/dashboard/**",
          "headers": [
            {
              "key": "Cache-Control",
              "value": "no-cache, no-store, must-revalidate"
            },
            {
              "key": "X-Robots-Tag",
              "value": "noindex, noarchive"
            }
          ]
        },
        {
          "source": "/admin",
          "headers": [
            {
              "key": "X-Robots-Tag",
              "value": "noindex, noarchive"
            }
          ]
        },
        {
          "source": "/admin/**",
          "headers": [
            {
              "key": "X-Robots-Tag",
              "value": "noindex, noarchive"
            }
          ]
        },
        {
          "source": "/boda/**",
          "headers": [
            {
              "key": "X-Robots-Tag",
              "value": "noindex, noarchive"
            }
          ]
        },
        {
          "source": "/para-diseño/**",
          "headers": [
            {
              "key": "X-Robots-Tag",
              "value": "noindex, noarchive"
            }
          ]
        },
        {
          "source": "/404.html",
          "headers": [
            {
              "key": "X-Robots-Tag",
              "value": "noindex"
            }
          ]
        },
        {
          "source": "/404/**",
          "headers": [
            {
              "key": "X-Robots-Tag",
              "value": "noindex"
            }
          ]
        },
        {
          "source": "/assets/**/*.pdf",
          "headers": [
            {
              "key": "X-Robots-Tag",
              "value": "noindex"
            }
          ]
        },
        {
          "source": "/_next/**",
          "headers": [
            {
              "key": "Cache-Control",
              "value": "public, max-age=31536000, immutable"
            }
          ]
        },
        {
          "source": "/assets/**",
          "headers": [
            {
              "key": "Cache-Control",
              "value": "public, max-age=31536000, immutable"
            }
          ]
        }
      ],
      "rewrites": [
        {
          "source": "/i/**",
          "function": {
            "functionId": "verInvitacionPublicada"
          }
        },
        {
          "source": "/dashboard",
          "destination": "/index.html"
        },
        {
          "source": "/dashboard/**",
          "destination": "/index.html"
        }
      ],
      "site": "reservaeldia-7a440"
    },
    "version": "projects/860495975406/sites/reservaeldia-7a440/versions/1799c9ca1c2fde0f"
  }
]
[info] i  hosting[reservaeldia-7a440]: finalizing version... 
[debug] [2026-08-13T02:26:28.505Z] Checked if tokens are valid: true, expires at: 1786591103748
[debug] [2026-08-13T02:26:28.506Z] Checked if tokens are valid: true, expires at: 1786591103748
[debug] [2026-08-13T02:26:28.507Z] >>> [apiv2][query] GET https://cloudfunctions.googleapis.com/v1/projects/reservaeldia-7a440/locations/-/functions [none]
[debug] [2026-08-13T02:26:29.753Z] <<< [apiv2][status] GET https://cloudfunctions.googleapis.com/v1/projects/reservaeldia-7a440/locations/-/functions 200
[debug] [2026-08-13T02:26:29.754Z] <<< [apiv2][body] GET https://cloudfunctions.googleapis.com/v1/projects/reservaeldia-7a440/locations/-/functions {}
[debug] [2026-08-13T02:26:29.756Z] Checked if tokens are valid: true, expires at: 1786591103748
[debug] [2026-08-13T02:26:29.756Z] Checked if tokens are valid: true, expires at: 1786591103748
[debug] [2026-08-13T02:26:29.758Z] >>> [apiv2][query] GET https://cloudfunctions.googleapis.com/v2/projects/reservaeldia-7a440/locations/-/functions filter=environment%3D%22GEN_2%22
[debug] [2026-08-13T02:26:31.177Z] <<< [apiv2][status] GET https://cloudfunctions.googleapis.com/v2/projects/reservaeldia-7a440/locations/-/functions 200
[debug] [2026-08-13T02:26:31.185Z] <<< [apiv2][body] GET https://cloudfunctions.googleapis.com/v2/projects/reservaeldia-7a440/locations/-/functions {"functions":[{"name":"projects/reservaeldia-7a440/locations/us-central1/functions/upsertUserProfile","buildConfig":{"build":"projects/860495975406/locations/us-central1/builds/449a8d66-dac3-45d6-b03c-c0736506979a","runtime":"nodejs20","entryPoint":"upsertUserProfile","source":{"storageSource":{"bucket":"gcf-v2-sources-860495975406-us-central1","object":"upsertUserProfile/function-source.zip","generation":"1785243147919931"}},"environmentVariables":{"GOOGLE_NODE_RUN_SCRIPTS":""},"dockerRepository":"projects/reservaeldia-7a440/locations/us-central1/repositories/gcf-artifacts","sourceProvenance":{"resolvedStorageSource":{"bucket":"gcf-v2-sources-860495975406-us-central1","object":"upsertUserProfile/function-source.zip","generation":"1785243147919931"}},"dockerRegistry":"ARTIFACT_REGISTRY","serviceAccount":"projects/reservaeldia-7a440/serviceAccounts/860495975406-compute@developer.gserviceaccount.com","automaticUpdatePolicy":{}},"serviceConfig":{"service":"projects/reservaeldia-7a440/locations/us-central1/services/upsertuserprofile","timeoutSeconds":60,"environmentVariables":{"SUPERADMINS_UIDS":"8mvF9cwdbtYo2leAjO11cNxhaLV2","MERCADO_PAGO_PUBLIC_KEY":"APP_USR-a0795dce-baf8-48f6-98af-4defd053ad42","MERCADO_PAGO_ACCESS_TOKEN":"APP_USR-6752615657925923-021923-055cfbc93701d8acfdd153d25b9c4ac8-3215101753","MERCADO_PAGO_CLIENT_ID":"6752615657925923","MERCADO_PAGO_CLIENT_SECRET":"37OPj64uyGyNK2db7e3GBeqizFIF3fuL","MERCADO_PAGO_WEBHOOK_URL":"https://us-central1-reservaeldia-7a440.cloudfunctions.net/mercadoPagoWebhook","MP_WEBHOOK_SECRET":"27104730db6cc9a5f93bc49e4e3f9c70b22f6090845bf7e56d47f3aa2c1589c5","GOOGLE_MAPS_EMBED_API_KEY":"AIzaSyArR56EXHhdSZ1GmpPXwOELlDkoSK-FYrk","FIREBASE_CONFIG":"{\"projectId\":\"reservaeldia-7a440\",\"storageBucket\":\"reservaeldia-7a440.firebasestorage.app\"}","GCLOUD_PROJECT":"reservaeldia-7a440","EVENTARC_CLOUD_EVENT_SOURCE":"projects/reservaeldia-7a440/locations/us-central1/services/upsertUserProfile","FUNCTION_TARGET":"upsertUserProfile","LOG_EXECUTION_ID":"true","FUNCTION_SIGNATURE_TYPE":"http"},"maxInstanceCount":100,"ingressSettings":"ALLOW_ALL","uri":"https://upsertuserprofile-vntxuytzsa-uc.a.run.app","serviceAccountEmail":"860495975406-compute@developer.gserviceaccount.com","availableMemory":"256Mi","allTrafficOnLatestRevision":true,"revision":"upsertuserprofile-00243-kaj","maxInstanceRequestConcurrency":1,"availableCpu":"0.1666"},"state":"ACTIVE","updateTime":"2026-07-28T12:53:16.891112074Z","labels":{"deployment-callable":"true","firebase-functions-hash":"d122378e98f45effe92711c767be8035f097d07d","deployment-tool":"cli-firebase"},"environment":"GEN_2","url":"https://us-central1-reservaeldia-7a440.cloudfunctions.net/upsertUserProfile","createTime":"2026-02-17T21:24:22.098380757Z","satisfiesPzi":true},{"name":"projects/reservaeldia-7a440/locations/us-central1/functions/dailyIconCatalogReconcileV2","buildConfig":{"build":"projects/860495975406/locations/us-central1/builds/8ce2ba43-ac9e-4f0f-b576-ddda1866a519","runtime":"nodejs20","entryPoint":"dailyIconCatalogReconcileV2","source":{"storageSource":{"bucket":"gcf-v2-sources-860495975406-us-central1","object":"dailyIconCatalogReconcileV2/function-source.zip","generation":"1786034678065147"}},"environmentVariables":{"GOOGLE_NODE_RUN_SCRIPTS":""},"dockerRepository":"projects/reservaeldia-7a440/locations/us-central1/repositories/gcf-artifacts","sourceProvenance":{"resolvedStorageSource":{"bucket":"gcf-v2-sources-860495975406-us-central1","object":"dailyIconCatalogReconcileV2/function-source.zip","generation":"1786034678065147"}},"dockerRegistry":"ARTIFACT_REGISTRY","serviceAccount":"projects/reservaeldia-7a440/serviceAccounts/860495975406-compute@developer.gserviceaccount.com","automaticUpdatePolicy":{}},"serviceConfig":{"service":"projects/reservaeldia-7a440/locations/us-central1/services/dailyiconcatalogreconcilev2","timeoutSeconds":60,"environmentVariables":{"SUPERADMINS_UIDS":"8mvF9cwdbtYo2leAjO11cNxhaLV2","MERCADO_PAGO_PUBLIC_KEY":"APP_USR-a0795dce-baf8-48f6-98af-4defd053ad42","MERCADO_PAGO_ACCESS_TOKEN":"APP_USR-6752615657925923-021923-055cfbc93701d8acfdd153d25b9c4ac8-3215101753","MERCADO_PAGO_CLIENT_ID":"6752615657925923","MERCADO_PAGO_CLIENT_SECRET":"37OPj64uyGyNK2db7e3GBeqizFIF3fuL","MERCADO_PAGO_WEBHOOK_URL":"https://us-central1-reservaeldia-7a440.cloudfunctions.net/mercadoPagoWebhook","MP_WEBHOOK_SECRET":"27104730db6cc9a5f93bc49e4e3f9c70b22f6090845bf7e56d47f3aa2c1589c5","GOOGLE_MAPS_EMBED_API_KEY":"AIzaSyArR56EXHhdSZ1GmpPXwOELlDkoSK-FYrk","FIREBASE_CONFIG":"{\"projectId\":\"reservaeldia-7a440\",\"storageBucket\":\"reservaeldia-7a440.firebasestorage.app\"}","GCLOUD_PROJECT":"reservaeldia-7a440","EVENTARC_CLOUD_EVENT_SOURCE":"projects/reservaeldia-7a440/locations/us-central1/services/dailyIconCatalogReconcileV2","FUNCTION_TARGET":"dailyIconCatalogReconcileV2","LOG_EXECUTION_ID":"true"},"maxInstanceCount":100,"ingressSettings":"ALLOW_ALL","uri":"https://dailyiconcatalogreconcilev2-vntxuytzsa-uc.a.run.app","serviceAccountEmail":"860495975406-compute@developer.gserviceaccount.com","availableMemory":"256Mi","allTrafficOnLatestRevision":true,"revision":"dailyiconcatalogreconcilev2-00179-moj","maxInstanceRequestConcurrency":1,"availableCpu":"0.1666"},"state":"ACTIVE","updateTime":"2026-08-06T16:46:03.266516511Z","labels":{"deployment-tool":"cli-firebase","deployment-scheduled":"true","firebase-functions-hash":"5efaf1777d259b9855b4eeb91a96fbac3aed1a65"},"environment":"GEN_2","url":"https://us-central1-reservaeldia-7a440.cloudfunctions.net/dailyIconCatalogReconcileV2","createTime":"2026-03-01T13:41:06.414248931Z","satisfiesPzi":true},{"name":"projects/reservaeldia-7a440/locations/us-central1/functions/adminSyncLegacyTextPresetsV1","buildConfig":{"build":"projects/860495975406/locations/us-central1/builds/286972ba-d751-4f29-8f90-2c27e53fc4e6","runtime":"nodejs20","entryPoint":"adminSyncLegacyTextPresetsV1","source":{"storageSource":{"bucket":"gcf-v2-sources-860495975406-us-central1","object":"adminSyncLegacyTextPresetsV1/function-source.zip","generation":"1786034593128097"}},"environmentVariables":{"GOOGLE_NODE_RUN_SCRIPTS":""},"dockerRepository":"projects/reservaeldia-7a440/locations/us-central1/repositories/gcf-artifacts","sourceProvenance":{"resolvedStorageSource":{"bucket":"gcf-v2-sources-860495975406-us-central1","object":"adminSyncLegacyTextPresetsV1/function-source.zip","generation":"1786034593128097"}},"dockerRegistry":"ARTIFACT_REGISTRY","serviceAccount":"projects/reservaeldia-7a440/serviceAccounts/860495975406-compute@developer.gserviceaccount.com","automaticUpdatePolicy":{}},"serviceConfig":{"service":"projects/reservaeldia-7a440/locations/us-central1/services/adminsynclegacytextpresetsv1","timeoutSeconds":60,"environmentVariables":{"SUPERADMINS_UIDS":"8mvF9cwdbtYo2leAjO11cNxhaLV2","MERCADO_PAGO_PUBLIC_KEY":"APP_USR-a0795dce-baf8-48f6-98af-4defd053ad42","MERCADO_PAGO_ACCESS_TOKEN":"APP_USR-6752615657925923-021923-055cfbc93701d8acfdd153d25b9c4ac8-3215101753","MERCADO_PAGO_CLIENT_ID":"6752615657925923","MERCADO_PAGO_CLIENT_SECRET":"37OPj64uyGyNK2db7e3GBeqizFIF3fuL","MERCADO_PAGO_WEBHOOK_URL":"https://us-central1-reservaeldia-7a440.cloudfunctions.net/mercadoPagoWebhook","MP_WEBHOOK_SECRET":"27104730db6cc9a5f93bc49e4e3f9c70b22f6090845bf7e56d47f3aa2c1589c5","GOOGLE_MAPS_EMBED_API_KEY":"AIzaSyArR56EXHhdSZ1GmpPXwOELlDkoSK-FYrk","FIREBASE_CONFIG":"{\"projectId\":\"reservaeldia-7a440\",\"storageBucket\":\"reservaeldia-7a440.firebasestorage.app\"}","GCLOUD_PROJECT":"reservaeldia-7a440","EVENTARC_CLOUD_EVENT_SOURCE":"projects/reservaeldia-7a440/locations/us-central1/services/adminSyncLegacyTextPresetsV1","FUNCTION_TARGET":"adminSyncLegacyTextPresetsV1","LOG_EXECUTION_ID":"true","FUNCTION_SIGNATURE_TYPE":"http"},"maxInstanceCount":100,"ingressSettings":"ALLOW_ALL","uri":"https://adminsynclegacytextpresetsv1-vntxuytzsa-uc.a.run.app","serviceAccountEmail":"860495975406-compute@developer.gserviceaccount.com","availableMemory":"256Mi","allTrafficOnLatestRevision":true,"revision":"adminsynclegacytextpresetsv1-00177-wiv","maxInstanceRequestConcurrency":1,"availableCpu":"0.1666"},"state":"ACTIVE","updateTime":"2026-08-06T16:43:34.461781382Z","labels":{"firebase-functions-hash":"5efaf1777d259b9855b4eeb91a96fbac3aed1a65","deployment-tool":"cli-firebase","deployment-callable":"true"},"environment":"GEN_2","url":"https://us-central1-reservaeldia-7a440.cloudfunctions.net/adminSyncLegacyTextPresetsV1","createTime":"2026-03-02T13:27:16.694049602Z","satisfiesPzi":true},{"name":"projects/reservaeldia-7a440/locations/us-central1/functions/deleteCountdownPreset","buildConfig":{"build":"projects/860495975406/locations/us-central1/builds/cca5cf55-789d-4371-bd8c-c387d4e9200b","runtime":"nodejs20","entryPoint":"deleteCountdownPreset","source":{"storageSource":{"bucket":"gcf-v2-sources-860495975406-us-central1","object":"deleteCountdownPreset/function-source.zip","generation":"1786035316470429"}},"environmentVariables":{"GOOGLE_NODE_RUN_SCRIPTS":""},"dockerRepository":"projects/reservaeldia-7a440/locations/us-central1/repositories/gcf-artifacts","sourceProvenance":{"resolvedStorageSource":{"bucket":"gcf-v2-sources-860495975406-us-central1","object":"deleteCountdownPreset/function-source.zip","generation":"1786035316470429"}},"dockerRegistry":"ARTIFACT_REGISTRY","serviceAccount":"projects/reservaeldia-7a440/serviceAccounts/860495975406-compute@developer.gserviceaccount.com","automaticUpdatePolicy":{}},"serviceConfig":{"service":"projects/reservaeldia-7a440/locations/us-central1/services/deletecountdownpreset","timeoutSeconds":60,"environmentVariables":{"SUPERADMINS_UIDS":"8mvF9cwdbtYo2leAjO11cNxhaLV2","MERCADO_PAGO_PUBLIC_KEY":"APP_USR-a0795dce-baf8-48f6-98af-4defd053ad42","MERCADO_PAGO_ACCESS_TOKEN":"APP_USR-6752615657925923-021923-055cfbc93701d8acfdd153d25b9c4ac8-3215101753","MERCADO_PAGO_CLIENT_ID":"6752615657925923","MERCADO_PAGO_CLIENT_SECRET":"37OPj64uyGyNK2db7e3GBeqizFIF3fuL","MERCADO_PAGO_WEBHOOK_URL":"https://us-central1-reservaeldia-7a440.cloudfunctions.net/mercadoPagoWebhook","MP_WEBHOOK_SECRET":"27104730db6cc9a5f93bc49e4e3f9c70b22f6090845bf7e56d47f3aa2c1589c5","GOOGLE_MAPS_EMBED_API_KEY":"AIzaSyArR56EXHhdSZ1GmpPXwOELlDkoSK-FYrk","FIREBASE_CONFIG":"{\"projectId\":\"reservaeldia-7a440\",\"storageBucket\":\"reservaeldia-7a440.firebasestorage.app\"}","GCLOUD_PROJECT":"reservaeldia-7a440","EVENTARC_CLOUD_EVENT_SOURCE":"projects/reservaeldia-7a440/locations/us-central1/services/deleteCountdownPreset","FUNCTION_TARGET":"deleteCountdownPreset","LOG_EXECUTION_ID":"true","FUNCTION_SIGNATURE_TYPE":"http"},"maxInstanceCount":100,"ingressSettings":"ALLOW_ALL","uri":"https://deletecountdownpreset-vntxuytzsa-uc.a.run.app","serviceAccountEmail":"860495975406-compute@developer.gserviceaccount.com","availableMemory":"256Mi","allTrafficOnLatestRevision":true,"revision":"deletecountdownpreset-00182-pit","maxInstanceRequestConcurrency":1,"availableCpu":"0.1666"},"state":"ACTIVE","updateTime":"2026-08-06T16:55:26.930147227Z","labels":{"deployment-tool":"cli-firebase","deployment-callable":"true","firebase-functions-hash":"5efaf1777d259b9855b4eeb91a96fbac3aed1a65"},"environment":"GEN_2","url":"https://us-central1-reservaeldia-7a440.cloudfunctions.net/deleteCountdownPreset","createTime":"2026-02-27T13:57:49.365533477Z","satisfiesPzi":true},{"name":"projects/reservaeldia-7a440/locations/us-central1/functions/crearPlantilla","buildConfig":{"build":"projects/860495975406/locations/us-central1/builds/8ce2ba43-ac9e-4f0f-b576-ddda1866a519","runtime":"nodejs20","entryPoint":"crearPlantilla","source":{"storageSource":{"bucket":"gcf-v2-sources-860495975406-us-central1","object":"crearPlantilla/function-source.zip","generation":"1786034733273125"}},"environmentVariables":{"GOOGLE_NODE_RUN_SCRIPTS":""},"dockerRepository":"projects/reservaeldia-7a440/locations/us-central1/repositories/gcf-artifacts","sourceProvenance":{"resolvedStorageSource":{"bucket":"gcf-v2-sources-860495975406-us-central1","object":"crearPlantilla/function-source.zip","generation":"1786034733273125"}},"dockerRegistry":"ARTIFACT_REGISTRY","serviceAccount":"projects/reservaeldia-7a440/serviceAccounts/860495975406-compute@developer.gserviceaccount.com","automaticUpdatePolicy":{}},"serviceConfig":{"service":"projects/reservaeldia-7a440/locations/us-central1/services/crearplantilla","timeoutSeconds":60,"environmentVariables":{"SUPERADMINS_UIDS":"8mvF9cwdbtYo2leAjO11cNxhaLV2","MERCADO_PAGO_PUBLIC_KEY":"APP_USR-a0795dce-baf8-48f6-98af-4defd053ad42","MERCADO_PAGO_ACCESS_TOKEN":"APP_USR-6752615657925923-021923-055cfbc93701d8acfdd153d25b9c4ac8-3215101753","MERCADO_PAGO_CLIENT_ID":"6752615657925923","MERCADO_PAGO_CLIENT_SECRET":"37OPj64uyGyNK2db7e3GBeqizFIF3fuL","MERCADO_PAGO_WEBHOOK_URL":"https://us-central1-reservaeldia-7a440.cloudfunctions.net/mercadoPagoWebhook","MP_WEBHOOK_SECRET":"27104730db6cc9a5f93bc49e4e3f9c70b22f6090845bf7e56d47f3aa2c1589c5","GOOGLE_MAPS_EMBED_API_KEY":"AIzaSyArR56EXHhdSZ1GmpPXwOELlDkoSK-FYrk","FIREBASE_CONFIG":"{\"projectId\":\"reservaeldia-7a440\",\"storageBucket\":\"reservaeldia-7a440.firebasestorage.app\"}","GCLOUD_PROJECT":"reservaeldia-7a440","EVENTARC_CLOUD_EVENT_SOURCE":"projects/reservaeldia-7a440/locations/us-central1/services/crearPlantilla","FUNCTION_TARGET":"crearPlantilla","LOG_EXECUTION_ID":"true","FUNCTION_SIGNATURE_TYPE":"http"},"maxInstanceCount":100,"ingressSettings":"ALLOW_ALL","uri":"https://crearplantilla-vntxuytzsa-uc.a.run.app","serviceAccountEmail":"860495975406-compute@developer.gserviceaccount.com","availableMemory":"256Mi","allTrafficOnLatestRevision":true,"revision":"crearplantilla-00483-zes","maxInstanceRequestConcurrency":1,"availableCpu":"0.1666"},"state":"ACTIVE","updateTime":"2026-08-06T16:46:08.753865406Z","labels":{"deployment-tool":"cli-firebase","deployment-callable":"true","firebase-functions-hash":"5efaf1777d259b9855b4eeb91a96fbac3aed1a65"},"environment":"GEN_2","url":"https://us-central1-reservaeldia-7a440.cloudfunctions.net/crearPlantilla","createTime":"2025-05-25T19:26:31.527102320Z","satisfiesPzi":true},{"name":"projects/reservaeldia-7a440/locations/us-central1/functions/adminOpenTemplateWorkspaceV1","buildConfig":{"build":"projects/860495975406/locations/us-central1/builds/bec2d25e-e9f3-42aa-8b95-38038883b25a","runtime":"nodejs20","entryPoint":"adminOpenTemplateWorkspaceV1","source":{"storageSource":{"bucket":"gcf-v2-sources-860495975406-us-central1","object":"adminOpenTemplateWorkspaceV1/function-source.zip","generation":"1786034293170860"}},"environmentVariables":{"GOOGLE_NODE_RUN_SCRIPTS":""},"dockerRepository":"projects/reservaeldia-7a440/locations/us-central1/repositories/gcf-artifacts","sourceProvenance":{"resolvedStorageSource":{"bucket":"gcf-v2-sources-860495975406-us-central1","object":"adminOpenTemplateWorkspaceV1/function-source.zip","generation":"1786034293170860"}},"dockerRegistry":"ARTIFACT_REGISTRY","serviceAccount":"projects/reservaeldia-7a440/serviceAccounts/860495975406-compute@developer.gserviceaccount.com","automaticUpdatePolicy":{}},"serviceConfig":{"service":"projects/reservaeldia-7a440/locations/us-central1/services/adminopentemplateworkspacev1","timeoutSeconds":60,"environmentVariables":{"SUPERADMINS_UIDS":"8mvF9cwdbtYo2leAjO11cNxhaLV2","MERCADO_PAGO_PUBLIC_KEY":"APP_USR-a0795dce-baf8-48f6-98af-4defd053ad42","MERCADO_PAGO_ACCESS_TOKEN":"APP_USR-6752615657925923-021923-055cfbc93701d8acfdd153d25b9c4ac8-3215101753","MERCADO_PAGO_CLIENT_ID":"6752615657925923","MERCADO_PAGO_CLIENT_SECRET":"37OPj64uyGyNK2db7e3GBeqizFIF3fuL","MERCADO_PAGO_WEBHOOK_URL":"https://us-central1-reservaeldia-7a440.cloudfunctions.net/mercadoPagoWebhook","MP_WEBHOOK_SECRET":"27104730db6cc9a5f93bc49e4e3f9c70b22f6090845bf7e56d47f3aa2c1589c5","GOOGLE_MAPS_EMBED_API_KEY":"AIzaSyArR56EXHhdSZ1GmpPXwOELlDkoSK-FYrk","FIREBASE_CONFIG":"{\"projectId\":\"reservaeldia-7a440\",\"storageBucket\":\"reservaeldia-7a440.firebasestorage.app\"}","GCLOUD_PROJECT":"reservaeldia-7a440","EVENTARC_CLOUD_EVENT_SOURCE":"projects/reservaeldia-7a440/locations/us-central1/services/adminOpenTemplateWorkspaceV1","FUNCTION_TARGET":"adminOpenTemplateWorkspaceV1","LOG_EXECUTION_ID":"true","FUNCTION_SIGNATURE_TYPE":"http"},"maxInstanceCount":100,"ingressSettings":"ALLOW_ALL","uri":"https://adminopentemplateworkspacev1-vntxuytzsa-uc.a.run.app","serviceAccountEmail":"860495975406-compute@developer.gserviceaccount.com","availableMemory":"256Mi","allTrafficOnLatestRevision":true,"revision":"adminopentemplateworkspacev1-00165-vil","maxInstanceRequestConcurrency":1,"availableCpu":"0.1666"},"state":"ACTIVE","updateTime":"2026-08-06T16:38:25.126490845Z","labels":{"deployment-callable":"true","firebase-functions-hash":"5efaf1777d259b9855b4eeb91a96fbac3aed1a65","deployment-tool":"cli-firebase"},"environment":"GEN_2","url":"https://us-central1-reservaeldia-7a440.cloudfunctions.net/adminOpenTemplateWorkspaceV1","createTime":"2026-03-12T21:47:40.829736405Z","satisfiesPzi":true},{"name":"projects/reservaeldia-7a440/locations/us-central1/functions/adminRevalidateIconV2","buildConfig":{"build":"projects/860495975406/locations/us-central1/builds/57e95542-d7dd-437d-98c6-b8d327037379","runtime":"nodejs20","entryPoint":"adminRevalidateIconV2","source":{"storageSource":{"bucket":"gcf-v2-sources-860495975406-us-central1","object":"adminRevalidateIconV2/function-source.zip","generation":"1786034437790029"}},"environmentVariables":{"GOOGLE_NODE_RUN_SCRIPTS":""},"dockerRepository":"projects/reservaeldia-7a440/locations/us-central1/repositories/gcf-artifacts","sourceProvenance":{"resolvedStorageSource":{"bucket":"gcf-v2-sources-860495975406-us-central1","object":"adminRevalidateIconV2/function-source.zip","generation":"1786034437790029"}},"dockerRegistry":"ARTIFACT_REGISTRY","serviceAccount":"projects/reservaeldia-7a440/serviceAccounts/860495975406-compute@developer.gserviceaccount.com","automaticUpdatePolicy":{}},"serviceConfig":{"service":"projects/reservaeldia-7a440/locations/us-central1/services/adminrevalidateiconv2","timeoutSeconds":60,"environmentVariables":{"SUPERADMINS_UIDS":"8mvF9cwdbtYo2leAjO11cNxhaLV2","MERCADO_PAGO_PUBLIC_KEY":"APP_USR-a0795dce-baf8-48f6-98af-4defd053ad42","MERCADO_PAGO_ACCESS_TOKEN":"APP_USR-6752615657925923-021923-055cfbc93701d8acfdd153d25b9c4ac8-3215101753","MERCADO_PAGO_CLIENT_ID":"6752615657925923","MERCADO_PAGO_CLIENT_SECRET":"37OPj64uyGyNK2db7e3GBeqizFIF3fuL","MERCADO_PAGO_WEBHOOK_URL":"https://us-central1-reservaeldia-7a440.cloudfunctions.net/mercadoPagoWebhook","MP_WEBHOOK_SECRET":"27104730db6cc9a5f93bc49e4e3f9c70b22f6090845bf7e56d47f3aa2c1589c5","GOOGLE_MAPS_EMBED_API_KEY":"AIzaSyArR56EXHhdSZ1GmpPXwOELlDkoSK-FYrk","FIREBASE_CONFIG":"{\"projectId\":\"reservaeldia-7a440\",\"storageBucket\":\"reservaeldia-7a440.firebasestorage.app\"}","GCLOUD_PROJECT":"reservaeldia-7a440","EVENTARC_CLOUD_EVENT_SOURCE":"projects/reservaeldia-7a440/locations/us-central1/services/adminRevalidateIconV2","FUNCTION_TARGET":"adminRevalidateIconV2","LOG_EXECUTION_ID":"true","FUNCTION_SIGNATURE_TYPE":"http"},"maxInstanceCount":100,"ingressSettings":"ALLOW_ALL","uri":"https://adminrevalidateiconv2-vntxuytzsa-uc.a.run.app","serviceAccountEmail":"860495975406-compute@developer.gserviceaccount.com","availableMemory":"256Mi","allTrafficOnLatestRevision":true,"revision":"adminrevalidateiconv2-00184-zem","maxInstanceRequestConcurrency":1,"availableCpu":"0.1666"},"state":"ACTIVE","updateTime":"2026-08-06T16:40:48.380839853Z","labels":{"deployment-callable":"true","firebase-functions-hash":"5efaf1777d259b9855b4eeb91a96fbac3aed1a65","deployment-tool":"cli-firebase"},"environment":"GEN_2","url":"https://us-central1-reservaeldia-7a440.cloudfunctions.net/adminRevalidateIconV2","createTime":"2026-03-01T13:41:06.354101616Z","satisfiesPzi":true},{"name":"projects/reservaeldia-7a440/locations/us-central1/functions/adminUpdatePricingConfigV1","buildConfig":{"build":"projects/860495975406/locations/us-central1/builds/286972ba-d751-4f29-8f90-2c27e53fc4e6","runtime":"nodejs20","entryPoint":"adminUpdatePricingConfigV1","source":{"storageSource":{"bucket":"gcf-v2-sources-860495975406-us-central1","object":"adminUpdatePricingConfigV1/function-source.zip","generation":"1786034592417252"}},"environmentVariables":{"GOOGLE_NODE_RUN_SCRIPTS":""},"dockerRepository":"projects/reservaeldia-7a440/locations/us-central1/repositories/gcf-artifacts","sourceProvenance":{"resolvedStorageSource":{"bucket":"gcf-v2-sources-860495975406-us-central1","object":"adminUpdatePricingConfigV1/function-source.zip","generation":"1786034592417252"}},"dockerRegistry":"ARTIFACT_REGISTRY","serviceAccount":"projects/reservaeldia-7a440/serviceAccounts/860495975406-compute@developer.gserviceaccount.com","automaticUpdatePolicy":{}},"serviceConfig":{"service":"projects/reservaeldia-7a440/locations/us-central1/services/adminupdatepricingconfigv1","timeoutSeconds":60,"environmentVariables":{"SUPERADMINS_UIDS":"8mvF9cwdbtYo2leAjO11cNxhaLV2","MERCADO_PAGO_PUBLIC_KEY":"APP_USR-a0795dce-baf8-48f6-98af-4defd053ad42","MERCADO_PAGO_ACCESS_TOKEN":"APP_USR-6752615657925923-021923-055cfbc93701d8acfdd153d25b9c4ac8-3215101753","MERCADO_PAGO_CLIENT_ID":"6752615657925923","MERCADO_PAGO_CLIENT_SECRET":"37OPj64uyGyNK2db7e3GBeqizFIF3fuL","MERCADO_PAGO_WEBHOOK_URL":"https://us-central1-reservaeldia-7a440.cloudfunctions.net/mercadoPagoWebhook","MP_WEBHOOK_SECRET":"27104730db6cc9a5f93bc49e4e3f9c70b22f6090845bf7e56d47f3aa2c1589c5","GOOGLE_MAPS_EMBED_API_KEY":"AIzaSyArR56EXHhdSZ1GmpPXwOELlDkoSK-FYrk","FIREBASE_CONFIG":"{\"projectId\":\"reservaeldia-7a440\",\"storageBucket\":\"reservaeldia-7a440.firebasestorage.app\"}","GCLOUD_PROJECT":"reservaeldia-7a440","EVENTARC_CLOUD_EVENT_SOURCE":"projects/reservaeldia-7a440/locations/us-central1/services/adminUpdatePricingConfigV1","FUNCTION_TARGET":"adminUpdatePricingConfigV1","LOG_EXECUTION_ID":"true","FUNCTION_SIGNATURE_TYPE":"http"},"maxInstanceCount":100,"ingressSettings":"ALLOW_ALL","uri":"https://adminupdatepricingconfigv1-vntxuytzsa-uc.a.run.app","serviceAccountEmail":"860495975406-compute@developer.gserviceaccount.com","availableMemory":"256Mi","allTrafficOnLatestRevision":true,"revision":"adminupdatepricingconfigv1-00146-qok","maxInstanceRequestConcurrency":1,"availableCpu":"0.1666"},"state":"ACTIVE","updateTime":"2026-08-06T16:43:33.475159406Z","labels":{"deployment-tool":"cli-firebase","deployment-callable":"true","firebase-functions-hash":"5efaf1777d259b9855b4eeb91a96fbac3aed1a65"},"environment":"GEN_2","url":"https://us-central1-reservaeldia-7a440.cloudfunctions.net/adminUpdatePricingConfigV1","createTime":"2026-03-15T02:17:53.759694147Z","satisfiesPzi":true},{"name":"projects/reservaeldia-7a440/locations/us-central1/functions/getPricingConfigV1","buildConfig":{"build":"projects/860495975406/locations/us-central1/builds/1d897e22-49c0-4118-9110-b1fdfddc94cc","runtime":"nodejs20","entryPoint":"getPricingConfigV1","source":{"storageSource":{"bucket":"gcf-v2-sources-860495975406-us-central1","object":"getPricingConfigV1/function-source.zip","generation":"1786035079166266"}},"environmentVariables":{"GOOGLE_NODE_RUN_SCRIPTS":""},"dockerRepository":"projects/reservaeldia-7a440/locations/us-central1/repositories/gcf-artifacts","sourceProvenance":{"resolvedStorageSource":{"bucket":"gcf-v2-sources-860495975406-us-central1","object":"getPricingConfigV1/function-source.zip","generation":"1786035079166266"}},"dockerRegistry":"ARTIFACT_REGISTRY","serviceAccount":"projects/reservaeldia-7a440/serviceAccounts/860495975406-compute@developer.gserviceaccount.com","automaticUpdatePolicy":{}},"serviceConfig":{"service":"projects/reservaeldia-7a440/locations/us-central1/services/getpricingconfigv1","timeoutSeconds":60,"environmentVariables":{"SUPERADMINS_UIDS":"8mvF9cwdbtYo2leAjO11cNxhaLV2","MERCADO_PAGO_PUBLIC_KEY":"APP_USR-a0795dce-baf8-48f6-98af-4defd053ad42","MERCADO_PAGO_ACCESS_TOKEN":"APP_USR-6752615657925923-021923-055cfbc93701d8acfdd153d25b9c4ac8-3215101753","MERCADO_PAGO_CLIENT_ID":"6752615657925923","MERCADO_PAGO_CLIENT_SECRET":"37OPj64uyGyNK2db7e3GBeqizFIF3fuL","MERCADO_PAGO_WEBHOOK_URL":"https://us-central1-reservaeldia-7a440.cloudfunctions.net/mercadoPagoWebhook","MP_WEBHOOK_SECRET":"27104730db6cc9a5f93bc49e4e3f9c70b22f6090845bf7e56d47f3aa2c1589c5","GOOGLE_MAPS_EMBED_API_KEY":"AIzaSyArR56EXHhdSZ1GmpPXwOELlDkoSK-FYrk","FIREBASE_CONFIG":"{\"projectId\":\"reservaeldia-7a440\",\"storageBucket\":\"reservaeldia-7a440.firebasestorage.app\"}","GCLOUD_PROJECT":"reservaeldia-7a440","EVENTARC_CLOUD_EVENT_SOURCE":"projects/reservaeldia-7a440/locations/us-central1/services/getPricingConfigV1","FUNCTION_TARGET":"getPricingConfigV1","LOG_EXECUTION_ID":"true","FUNCTION_SIGNATURE_TYPE":"http"},"maxInstanceCount":100,"ingressSettings":"ALLOW_ALL","uri":"https://getpricingconfigv1-vntxuytzsa-uc.a.run.app","serviceAccountEmail":"860495975406-compute@developer.gserviceaccount.com","availableMemory":"256Mi","allTrafficOnLatestRevision":true,"revision":"getpricingconfigv1-00020-seh","maxInstanceRequestConcurrency":1,"availableCpu":"0.1666"},"state":"ACTIVE","updateTime":"2026-08-06T16:51:47.753320737Z","labels":{"deployment-callable":"true","firebase-functions-hash":"5efaf1777d259b9855b4eeb91a96fbac3aed1a65","deployment-tool":"cli-firebase"},"environment":"GEN_2","url":"https://us-central1-reservaeldia-7a440.cloudfunctions.net/getPricingConfigV1","createTime":"2026-05-29T17:59:27.869130963Z","satisfiesPzi":true},{"name":"projects/reservaeldia-7a440/locations/us-central1/functions/reportClientIssue","buildConfig":{"build":"projects/860495975406/locations/us-central1/builds/617a4aad-0f53-48c2-924a-7bb000f4cf95","runtime":"nodejs20","entryPoint":"reportClientIssue","source":{"storageSource":{"bucket":"gcf-v2-sources-860495975406-us-central1","object":"reportClientIssue/function-source.zip","generation":"1785242986789883"}},"environmentVariables":{"GOOGLE_NODE_RUN_SCRIPTS":""},"dockerRepository":"projects/reservaeldia-7a440/locations/us-central1/repositories/gcf-artifacts","sourceProvenance":{"resolvedStorageSource":{"bucket":"gcf-v2-sources-860495975406-us-central1","object":"reportClientIssue/function-source.zip","generation":"1785242986789883"}},"dockerRegistry":"ARTIFACT_REGISTRY","serviceAccount":"projects/reservaeldia-7a440/serviceAccounts/860495975406-compute@developer.gserviceaccount.com","automaticUpdatePolicy":{}},"serviceConfig":{"service":"projects/reservaeldia-7a440/locations/us-central1/services/reportclientissue","timeoutSeconds":60,"environmentVariables":{"SUPERADMINS_UIDS":"8mvF9cwdbtYo2leAjO11cNxhaLV2","MERCADO_PAGO_PUBLIC_KEY":"APP_USR-a0795dce-baf8-48f6-98af-4defd053ad42","MERCADO_PAGO_ACCESS_TOKEN":"APP_USR-6752615657925923-021923-055cfbc93701d8acfdd153d25b9c4ac8-3215101753","MERCADO_PAGO_CLIENT_ID":"6752615657925923","MERCADO_PAGO_CLIENT_SECRET":"37OPj64uyGyNK2db7e3GBeqizFIF3fuL","MERCADO_PAGO_WEBHOOK_URL":"https://us-central1-reservaeldia-7a440.cloudfunctions.net/mercadoPagoWebhook","MP_WEBHOOK_SECRET":"27104730db6cc9a5f93bc49e4e3f9c70b22f6090845bf7e56d47f3aa2c1589c5","GOOGLE_MAPS_EMBED_API_KEY":"AIzaSyArR56EXHhdSZ1GmpPXwOELlDkoSK-FYrk","FIREBASE_CONFIG":"{\"projectId\":\"reservaeldia-7a440\",\"storageBucket\":\"reservaeldia-7a440.firebasestorage.app\"}","GCLOUD_PROJECT":"reservaeldia-7a440","EVENTARC_CLOUD_EVENT_SOURCE":"projects/reservaeldia-7a440/locations/us-central1/services/reportClientIssue","FUNCTION_TARGET":"reportClientIssue","LOG_EXECUTION_ID":"true","FUNCTION_SIGNATURE_TYPE":"http"},"maxInstanceCount":100,"ingressSettings":"ALLOW_ALL","uri":"https://reportclientissue-vntxuytzsa-uc.a.run.app","serviceAccountEmail":"860495975406-compute@developer.gserviceaccount.com","availableMemory":"256Mi","allTrafficOnLatestRevision":true,"revision":"reportclientissue-00245-yiy","maxInstanceRequestConcurrency":1,"availableCpu":"0.1666"},"state":"ACTIVE","updateTime":"2026-07-28T12:50:15.939984746Z","labels":{"deployment-tool":"cli-firebase","deployment-callable":"true","firebase-functions-hash":"d122378e98f45effe92711c767be8035f097d07d"},"environment":"GEN_2","url":"https://us-central1-reservaeldia-7a440.cloudfunctions.net/reportClientIssue","createTime":"2026-02-18T12:07:36.941562617Z","satisfiesPzi":true},{"name":"projects/reservaeldia-7a440/locations/us-central1/functions/adminUpsertDashboardHomeConfigV1","buildConfig":{"build":"projects/860495975406/locations/us-central1/builds/286972ba-d751-4f29-8f90-2c27e53fc4e6","runtime":"nodejs20","entryPoint":"adminUpsertDashboardHomeConfigV1","source":{"storageSource":{"bucket":"gcf-v2-sources-860495975406-us-central1","object":"adminUpsertDashboardHomeConfigV1/function-source.zip","generation":"1786034593074699"}},"environmentVariables":{"GOOGLE_NODE_RUN_SCRIPTS":""},"dockerRepository":"projects/reservaeldia-7a440/locations/us-central1/repositories/gcf-artifacts","sourceProvenance":{"resolvedStorageSource":{"bucket":"gcf-v2-sources-860495975406-us-central1","object":"adminUpsertDashboardHomeConfigV1/function-source.zip","generation":"1786034593074699"}},"dockerRegistry":"ARTIFACT_REGISTRY","serviceAccount":"projects/reservaeldia-7a440/serviceAccounts/860495975406-compute@developer.gserviceaccount.com","automaticUpdatePolicy":{}},"serviceConfig":{"service":"projects/reservaeldia-7a440/locations/us-central1/services/adminupsertdashboardhomeconfigv1","timeoutSeconds":60,"environmentVariables":{"SUPERADMINS_UIDS":"8mvF9cwdbtYo2leAjO11cNxhaLV2","MERCADO_PAGO_PUBLIC_KEY":"APP_USR-a0795dce-baf8-48f6-98af-4defd053ad42","MERCADO_PAGO_ACCESS_TOKEN":"APP_USR-6752615657925923-021923-055cfbc93701d8acfdd153d25b9c4ac8-3215101753","MERCADO_PAGO_CLIENT_ID":"6752615657925923","MERCADO_PAGO_CLIENT_SECRET":"37OPj64uyGyNK2db7e3GBeqizFIF3fuL","MERCADO_PAGO_WEBHOOK_URL":"https://us-central1-reservaeldia-7a440.cloudfunctions.net/mercadoPagoWebhook","MP_WEBHOOK_SECRET":"27104730db6cc9a5f93bc49e4e3f9c70b22f6090845bf7e56d47f3aa2c1589c5","GOOGLE_MAPS_EMBED_API_KEY":"AIzaSyArR56EXHhdSZ1GmpPXwOELlDkoSK-FYrk","FIREBASE_CONFIG":"{\"projectId\":\"reservaeldia-7a440\",\"storageBucket\":\"reservaeldia-7a440.firebasestorage.app\"}","GCLOUD_PROJECT":"reservaeldia-7a440","EVENTARC_CLOUD_EVENT_SOURCE":"projects/reservaeldia-7a440/locations/us-central1/services/adminUpsertDashboardHomeConfigV1","FUNCTION_TARGET":"adminUpsertDashboardHomeConfigV1","LOG_EXECUTION_ID":"true","FUNCTION_SIGNATURE_TYPE":"http"},"maxInstanceCount":100,"ingressSettings":"ALLOW_ALL","uri":"https://adminupsertdashboardhomeconfigv1-vntxuytzsa-uc.a.run.app","serviceAccountEmail":"860495975406-compute@developer.gserviceaccount.com","availableMemory":"256Mi","allTrafficOnLatestRevision":true,"revision":"adminupsertdashboardhomeconfigv1-00147-qeh","maxInstanceRequestConcurrency":1,"availableCpu":"0.1666"},"state":"ACTIVE","updateTime":"2026-08-06T16:43:32.447109105Z","labels":{"firebase-functions-hash":"5efaf1777d259b9855b4eeb91a96fbac3aed1a65","deployment-tool":"cli-firebase","deployment-callable":"true"},"environment":"GEN_2","url":"https://us-central1-reservaeldia-7a440.cloudfunctions.net/adminUpsertDashboardHomeConfigV1","createTime":"2026-03-14T01:27:27.442609412Z","satisfiesPzi":true},{"name":"projects/reservaeldia-7a440/locations/us-central1/functions/adminRevalidateDecorV1","buildConfig":{"build":"projects/860495975406/locations/us-central1/builds/57e95542-d7dd-437d-98c6-b8d327037379","runtime":"nodejs20","entryPoint":"adminRevalidateDecorV1","source":{"storageSource":{"bucket":"gcf-v2-sources-860495975406-us-central1","object":"adminRevalidateDecorV1/function-source.zip","generation":"1786034438359834"}},"environmentVariables":{"GOOGLE_NODE_RUN_SCRIPTS":""},"dockerRepository":"projects/reservaeldia-7a440/locations/us-central1/repositories/gcf-artifacts","sourceProvenance":{"resolvedStorageSource":{"bucket":"gcf-v2-sources-860495975406-us-central1","object":"adminRevalidateDecorV1/function-source.zip","generation":"1786034438359834"}},"dockerRegistry":"ARTIFACT_REGISTRY","serviceAccount":"projects/reservaeldia-7a440/serviceAccounts/860495975406-compute@developer.gserviceaccount.com","automaticUpdatePolicy":{}},"serviceConfig":{"service":"projects/reservaeldia-7a440/locations/us-central1/services/adminrevalidatedecorv1","timeoutSeconds":60,"environmentVariables":{"SUPERADMINS_UIDS":"8mvF9cwdbtYo2leAjO11cNxhaLV2","MERCADO_PAGO_PUBLIC_KEY":"APP_USR-a0795dce-baf8-48f6-98af-4defd053ad42","MERCADO_PAGO_ACCESS_TOKEN":"APP_USR-6752615657925923-021923-055cfbc93701d8acfdd153d25b9c4ac8-3215101753","MERCADO_PAGO_CLIENT_ID":"6752615657925923","MERCADO_PAGO_CLIENT_SECRET":"37OPj64uyGyNK2db7e3GBeqizFIF3fuL","MERCADO_PAGO_WEBHOOK_URL":"https://us-central1-reservaeldia-7a440.cloudfunctions.net/mercadoPagoWebhook","MP_WEBHOOK_SECRET":"27104730db6cc9a5f93bc49e4e3f9c70b22f6090845bf7e56d47f3aa2c1589c5","GOOGLE_MAPS_EMBED_API_KEY":"AIzaSyArR56EXHhdSZ1GmpPXwOELlDkoSK-FYrk","FIREBASE_CONFIG":"{\"projectId\":\"reservaeldia-7a440\",\"storageBucket\":\"reservaeldia-7a440.firebasestorage.app\"}","GCLOUD_PROJECT":"reservaeldia-7a440","EVENTARC_CLOUD_EVENT_SOURCE":"projects/reservaeldia-7a440/locations/us-central1/services/adminRevalidateDecorV1","FUNCTION_TARGET":"adminRevalidateDecorV1","LOG_EXECUTION_ID":"true","FUNCTION_SIGNATURE_TYPE":"http"},"maxInstanceCount":100,"ingressSettings":"ALLOW_ALL","uri":"https://adminrevalidatedecorv1-vntxuytzsa-uc.a.run.app","serviceAccountEmail":"860495975406-compute@developer.gserviceaccount.com","availableMemory":"256Mi","allTrafficOnLatestRevision":true,"revision":"adminrevalidatedecorv1-00181-yof","maxInstanceRequestConcurrency":1,"availableCpu":"0.1666"},"state":"ACTIVE","updateTime":"2026-08-06T16:40:51.531162626Z","labels":{"deployment-callable":"true","firebase-functions-hash":"5efaf1777d259b9855b4eeb91a96fbac3aed1a65","deployment-tool":"cli-firebase"},"environment":"GEN_2","url":"https://us-central1-reservaeldia-7a440.cloudfunctions.net/adminRevalidateDecorV1","createTime":"2026-03-02T00:10:40.944060713Z","satisfiesPzi":true},{"name":"projects/reservaeldia-7a440/locations/us-central1/functions/copiarPlantilla","buildConfig":{"build":"projects/860495975406/locations/us-central1/builds/8ce2ba43-ac9e-4f0f-b576-ddda1866a519","runtime":"nodejs20","entryPoint":"copiarPlantilla","source":{"storageSource":{"bucket":"gcf-v2-sources-860495975406-us-central1","object":"copiarPlantilla/function-source.zip","generation":"1786034733136592"}},"environmentVariables":{"GOOGLE_NODE_RUN_SCRIPTS":""},"dockerRepository":"projects/reservaeldia-7a440/locations/us-central1/repositories/gcf-artifacts","sourceProvenance":{"resolvedStorageSource":{"bucket":"gcf-v2-sources-860495975406-us-central1","object":"copiarPlantilla/function-source.zip","generation":"1786034733136592"}},"dockerRegistry":"ARTIFACT_REGISTRY","serviceAccount":"projects/reservaeldia-7a440/serviceAccounts/860495975406-compute@developer.gserviceaccount.com","automaticUpdatePolicy":{}},"serviceConfig":{"service":"projects/reservaeldia-7a440/locations/us-central1/services/copiarplantilla","timeoutSeconds":60,"environmentVariables":{"SUPERADMINS_UIDS":"8mvF9cwdbtYo2leAjO11cNxhaLV2","MERCADO_PAGO_PUBLIC_KEY":"APP_USR-a0795dce-baf8-48f6-98af-4defd053ad42","MERCADO_PAGO_ACCESS_TOKEN":"APP_USR-6752615657925923-021923-055cfbc93701d8acfdd153d25b9c4ac8-3215101753","MERCADO_PAGO_CLIENT_ID":"6752615657925923","MERCADO_PAGO_CLIENT_SECRET":"37OPj64uyGyNK2db7e3GBeqizFIF3fuL","MERCADO_PAGO_WEBHOOK_URL":"https://us-central1-reservaeldia-7a440.cloudfunctions.net/mercadoPagoWebhook","MP_WEBHOOK_SECRET":"27104730db6cc9a5f93bc49e4e3f9c70b22f6090845bf7e56d47f3aa2c1589c5","GOOGLE_MAPS_EMBED_API_KEY":"AIzaSyArR56EXHhdSZ1GmpPXwOELlDkoSK-FYrk","FIREBASE_CONFIG":"{\"projectId\":\"reservaeldia-7a440\",\"storageBucket\":\"reservaeldia-7a440.firebasestorage.app\"}","GCLOUD_PROJECT":"reservaeldia-7a440","EVENTARC_CLOUD_EVENT_SOURCE":"projects/reservaeldia-7a440/locations/us-central1/services/copiarPlantilla","FUNCTION_TARGET":"copiarPlantilla","LOG_EXECUTION_ID":"true","FUNCTION_SIGNATURE_TYPE":"http"},"maxInstanceCount":100,"ingressSettings":"ALLOW_ALL","uri":"https://copiarplantilla-vntxuytzsa-uc.a.run.app","serviceAccountEmail":"860495975406-compute@developer.gserviceaccount.com","availableMemory":"256Mi","allTrafficOnLatestRevision":true,"revision":"copiarplantilla-00528-zux","maxInstanceRequestConcurrency":1,"availableCpu":"0.1666"},"state":"ACTIVE","updateTime":"2026-08-06T16:46:10.456860629Z","labels":{"deployment-callable":"true","firebase-functions-hash":"5efaf1777d259b9855b4eeb91a96fbac3aed1a65","deployment-tool":"cli-firebase"},"environment":"GEN_2","url":"https://us-central1-reservaeldia-7a440.cloudfunctions.net/copiarPlantilla","createTime":"2025-05-16T11:17:55.451724466Z","satisfiesPzi":true},{"name":"projects/reservaeldia-7a440/locations/us-central1/functions/dailyIconUsageScanV2","buildConfig":{"build":"projects/860495975406/locations/us-central1/builds/8ce2ba43-ac9e-4f0f-b576-ddda1866a519","runtime":"nodejs20","entryPoint":"dailyIconUsageScanV2","source":{"storageSource":{"bucket":"gcf-v2-sources-860495975406-us-central1","object":"dailyIconUsageScanV2/function-source.zip","generation":"1786034732393691"}},"environmentVariables":{"GOOGLE_NODE_RUN_SCRIPTS":""},"dockerRepository":"projects/reservaeldia-7a440/locations/us-central1/repositories/gcf-artifacts","sourceProvenance":{"resolvedStorageSource":{"bucket":"gcf-v2-sources-860495975406-us-central1","object":"dailyIconUsageScanV2/function-source.zip","generation":"1786034732393691"}},"dockerRegistry":"ARTIFACT_REGISTRY","serviceAccount":"projects/reservaeldia-7a440/serviceAccounts/860495975406-compute@developer.gserviceaccount.com","automaticUpdatePolicy":{}},"serviceConfig":{"service":"projects/reservaeldia-7a440/locations/us-central1/services/dailyiconusagescanv2","timeoutSeconds":60,"environmentVariables":{"SUPERADMINS_UIDS":"8mvF9cwdbtYo2leAjO11cNxhaLV2","MERCADO_PAGO_PUBLIC_KEY":"APP_USR-a0795dce-baf8-48f6-98af-4defd053ad42","MERCADO_PAGO_ACCESS_TOKEN":"APP_USR-6752615657925923-021923-055cfbc93701d8acfdd153d25b9c4ac8-3215101753","MERCADO_PAGO_CLIENT_ID":"6752615657925923","MERCADO_PAGO_CLIENT_SECRET":"37OPj64uyGyNK2db7e3GBeqizFIF3fuL","MERCADO_PAGO_WEBHOOK_URL":"https://us-central1-reservaeldia-7a440.cloudfunctions.net/mercadoPagoWebhook","MP_WEBHOOK_SECRET":"27104730db6cc9a5f93bc49e4e3f9c70b22f6090845bf7e56d47f3aa2c1589c5","GOOGLE_MAPS_EMBED_API_KEY":"AIzaSyArR56EXHhdSZ1GmpPXwOELlDkoSK-FYrk","FIREBASE_CONFIG":"{\"projectId\":\"reservaeldia-7a440\",\"storageBucket\":\"reservaeldia-7a440.firebasestorage.app\"}","GCLOUD_PROJECT":"reservaeldia-7a440","EVENTARC_CLOUD_EVENT_SOURCE":"projects/reservaeldia-7a440/locations/us-central1/services/dailyIconUsageScanV2","FUNCTION_TARGET":"dailyIconUsageScanV2","LOG_EXECUTION_ID":"true","FUNCTION_SIGNATURE_TYPE":"http"},"maxInstanceCount":100,"ingressSettings":"ALLOW_ALL","uri":"https://dailyiconusagescanv2-vntxuytzsa-uc.a.run.app","serviceAccountEmail":"860495975406-compute@developer.gserviceaccount.com","availableMemory":"256Mi","allTrafficOnLatestRevision":true,"revision":"dailyiconusagescanv2-00179-puz","maxInstanceRequestConcurrency":1,"availableCpu":"0.1666"},"state":"ACTIVE","updateTime":"2026-08-06T16:46:10.347435846Z","labels":{"deployment-tool":"cli-firebase","deployment-scheduled":"true","firebase-functions-hash":"5efaf1777d259b9855b4eeb91a96fbac3aed1a65"},"environment":"GEN_2","url":"https://us-central1-reservaeldia-7a440.cloudfunctions.net/dailyIconUsageScanV2","createTime":"2026-03-01T13:41:06.360394274Z","satisfiesPzi":true},{"name":"projects/reservaeldia-7a440/locations/us-central1/functions/adminSaveTemplateEditorDocumentV1","buildConfig":{"build":"projects/860495975406/locations/us-central1/builds/57e95542-d7dd-437d-98c6-b8d327037379","runtime":"nodejs20","entryPoint":"adminSaveTemplateEditorDocumentV1","source":{"storageSource":{"bucket":"gcf-v2-sources-860495975406-us-central1","object":"adminSaveTemplateEditorDocumentV1/function-source.zip","generation":"1786034437711117"}},"environmentVariables":{"GOOGLE_NODE_RUN_SCRIPTS":""},"dockerRepository":"projects/reservaeldia-7a440/locations/us-central1/repositories/gcf-artifacts","sourceProvenance":{"resolvedStorageSource":{"bucket":"gcf-v2-sources-860495975406-us-central1","object":"adminSaveTemplateEditorDocumentV1/function-source.zip","generation":"1786034437711117"}},"dockerRegistry":"ARTIFACT_REGISTRY","serviceAccount":"projects/reservaeldia-7a440/serviceAccounts/860495975406-compute@developer.gserviceaccount.com","automaticUpdatePolicy":{}},"serviceConfig":{"service":"projects/reservaeldia-7a440/locations/us-central1/services/adminsavetemplateeditordocumentv1","timeoutSeconds":60,"environmentVariables":{"SUPERADMINS_UIDS":"8mvF9cwdbtYo2leAjO11cNxhaLV2","MERCADO_PAGO_PUBLIC_KEY":"APP_USR-a0795dce-baf8-48f6-98af-4defd053ad42","MERCADO_PAGO_ACCESS_TOKEN":"APP_USR-6752615657925923-021923-055cfbc93701d8acfdd153d25b9c4ac8-3215101753","MERCADO_PAGO_CLIENT_ID":"6752615657925923","MERCADO_PAGO_CLIENT_SECRET":"37OPj64uyGyNK2db7e3GBeqizFIF3fuL","MERCADO_PAGO_WEBHOOK_URL":"https://us-central1-reservaeldia-7a440.cloudfunctions.net/mercadoPagoWebhook","MP_WEBHOOK_SECRET":"27104730db6cc9a5f93bc49e4e3f9c70b22f6090845bf7e56d47f3aa2c1589c5","GOOGLE_MAPS_EMBED_API_KEY":"AIzaSyArR56EXHhdSZ1GmpPXwOELlDkoSK-FYrk","FIREBASE_CONFIG":"{\"projectId\":\"reservaeldia-7a440\",\"storageBucket\":\"reservaeldia-7a440.firebasestorage.app\"}","GCLOUD_PROJECT":"reservaeldia-7a440","EVENTARC_CLOUD_EVENT_SOURCE":"projects/reservaeldia-7a440/locations/us-central1/services/adminSaveTemplateEditorDocumentV1","FUNCTION_TARGET":"adminSaveTemplateEditorDocumentV1","LOG_EXECUTION_ID":"true","FUNCTION_SIGNATURE_TYPE":"http"},"maxInstanceCount":100,"ingressSettings":"ALLOW_ALL","uri":"https://adminsavetemplateeditordocumentv1-vntxuytzsa-uc.a.run.app","serviceAccountEmail":"860495975406-compute@developer.gserviceaccount.com","availableMemory":"256Mi","allTrafficOnLatestRevision":true,"revision":"adminsavetemplateeditordocumentv1-00162-dip","maxInstanceRequestConcurrency":1,"availableCpu":"0.1666"},"state":"ACTIVE","updateTime":"2026-08-06T16:40:50.056565353Z","labels":{"firebase-functions-hash":"5efaf1777d259b9855b4eeb91a96fbac3aed1a65","deployment-tool":"cli-firebase","deployment-callable":"true"},"environment":"GEN_2","url":"https://us-central1-reservaeldia-7a440.cloudfunctions.net/adminSaveTemplateEditorDocumentV1","createTime":"2026-03-12T22:55:02.527990322Z","satisfiesPzi":true},{"name":"projects/reservaeldia-7a440/locations/us-central1/functions/getPublicationCheckoutStatus","buildConfig":{"build":"projects/860495975406/locations/us-central1/builds/b999ae30-31df-40f4-b488-6cb2027bfedb","runtime":"nodejs20","entryPoint":"getPublicationCheckoutStatus","source":{"storageSource":{"bucket":"gcf-v2-sources-860495975406-us-central1","object":"getPublicationCheckoutStatus/function-source.zip","generation":"1786035014170037"}},"environmentVariables":{"GOOGLE_NODE_RUN_SCRIPTS":""},"dockerRepository":"projects/reservaeldia-7a440/locations/us-central1/repositories/gcf-artifacts","sourceProvenance":{"resolvedStorageSource":{"bucket":"gcf-v2-sources-860495975406-us-central1","object":"getPublicationCheckoutStatus/function-source.zip","generation":"1786035014170037"}},"dockerRegistry":"ARTIFACT_REGISTRY","serviceAccount":"projects/reservaeldia-7a440/serviceAccounts/860495975406-compute@developer.gserviceaccount.com","automaticUpdatePolicy":{}},"serviceConfig":{"service":"projects/reservaeldia-7a440/locations/us-central1/services/getpublicationcheckoutstatus","timeoutSeconds":60,"environmentVariables":{"SUPERADMINS_UIDS":"8mvF9cwdbtYo2leAjO11cNxhaLV2","MERCADO_PAGO_PUBLIC_KEY":"APP_USR-a0795dce-baf8-48f6-98af-4defd053ad42","MERCADO_PAGO_ACCESS_TOKEN":"APP_USR-6752615657925923-021923-055cfbc93701d8acfdd153d25b9c4ac8-3215101753","MERCADO_PAGO_CLIENT_ID":"6752615657925923","MERCADO_PAGO_CLIENT_SECRET":"37OPj64uyGyNK2db7e3GBeqizFIF3fuL","MERCADO_PAGO_WEBHOOK_URL":"https://us-central1-reservaeldia-7a440.cloudfunctions.net/mercadoPagoWebhook","MP_WEBHOOK_SECRET":"27104730db6cc9a5f93bc49e4e3f9c70b22f6090845bf7e56d47f3aa2c1589c5","GOOGLE_MAPS_EMBED_API_KEY":"AIzaSyArR56EXHhdSZ1GmpPXwOELlDkoSK-FYrk","FIREBASE_CONFIG":"{\"projectId\":\"reservaeldia-7a440\",\"storageBucket\":\"reservaeldia-7a440.firebasestorage.app\"}","GCLOUD_PROJECT":"reservaeldia-7a440","EVENTARC_CLOUD_EVENT_SOURCE":"projects/reservaeldia-7a440/locations/us-central1/services/getPublicationCheckoutStatus","FUNCTION_TARGET":"getPublicationCheckoutStatus","LOG_EXECUTION_ID":"true"},"maxInstanceCount":100,"ingressSettings":"ALLOW_ALL","uri":"https://getpublicationcheckoutstatus-vntxuytzsa-uc.a.run.app","serviceAccountEmail":"860495975406-compute@developer.gserviceaccount.com","availableMemory":"256Mi","allTrafficOnLatestRevision":true,"revision":"getpublicationcheckoutstatus-00228-ves","maxInstanceRequestConcurrency":1,"availableCpu":"0.1666"},"state":"ACTIVE","updateTime":"2026-08-06T16:51:40.557084736Z","labels":{"deployment-callable":"true","firebase-functions-hash":"5efaf1777d259b9855b4eeb91a96fbac3aed1a65","deployment-tool":"cli-firebase"},"environment":"GEN_2","url":"https://us-central1-reservaeldia-7a440.cloudfunctions.net/getPublicationCheckoutStatus","createTime":"2026-02-20T09:35:09.343326634Z","satisfiesPzi":true},{"name":"projects/reservaeldia-7a440/locations/us-central1/functions/listUsersDirectory","buildConfig":{"build":"projects/860495975406/locations/us-central1/builds/60c261c2-c5d1-4ee9-8c1e-0439e139ea86","runtime":"nodejs20","entryPoint":"listUsersDirectory","source":{"storageSource":{"bucket":"gcf-v2-sources-860495975406-us-central1","object":"listUsersDirectory/function-source.zip","generation":"1785242813129270"}},"environmentVariables":{"GOOGLE_NODE_RUN_SCRIPTS":""},"dockerRepository":"projects/reservaeldia-7a440/locations/us-central1/repositories/gcf-artifacts","sourceProvenance":{"resolvedStorageSource":{"bucket":"gcf-v2-sources-860495975406-us-central1","object":"listUsersDirectory/function-source.zip","generation":"1785242813129270"}},"dockerRegistry":"ARTIFACT_REGISTRY","serviceAccount":"projects/reservaeldia-7a440/serviceAccounts/860495975406-compute@developer.gserviceaccount.com","automaticUpdatePolicy":{}},"serviceConfig":{"service":"projects/reservaeldia-7a440/locations/us-central1/services/listusersdirectory","timeoutSeconds":60,"environmentVariables":{"SUPERADMINS_UIDS":"8mvF9cwdbtYo2leAjO11cNxhaLV2","MERCADO_PAGO_PUBLIC_KEY":"APP_USR-a0795dce-baf8-48f6-98af-4defd053ad42","MERCADO_PAGO_ACCESS_TOKEN":"APP_USR-6752615657925923-021923-055cfbc93701d8acfdd153d25b9c4ac8-3215101753","MERCADO_PAGO_CLIENT_ID":"6752615657925923","MERCADO_PAGO_CLIENT_SECRET":"37OPj64uyGyNK2db7e3GBeqizFIF3fuL","MERCADO_PAGO_WEBHOOK_URL":"https://us-central1-reservaeldia-7a440.cloudfunctions.net/mercadoPagoWebhook","MP_WEBHOOK_SECRET":"27104730db6cc9a5f93bc49e4e3f9c70b22f6090845bf7e56d47f3aa2c1589c5","GOOGLE_MAPS_EMBED_API_KEY":"AIzaSyArR56EXHhdSZ1GmpPXwOELlDkoSK-FYrk","FIREBASE_CONFIG":"{\"projectId\":\"reservaeldia-7a440\",\"storageBucket\":\"reservaeldia-7a440.firebasestorage.app\"}","GCLOUD_PROJECT":"reservaeldia-7a440","EVENTARC_CLOUD_EVENT_SOURCE":"projects/reservaeldia-7a440/locations/us-central1/services/listUsersDirectory","FUNCTION_TARGET":"listUsersDirectory","LOG_EXECUTION_ID":"true","FUNCTION_SIGNATURE_TYPE":"http"},"maxInstanceCount":100,"ingressSettings":"ALLOW_ALL","uri":"https://listusersdirectory-vntxuytzsa-uc.a.run.app","serviceAccountEmail":"860495975406-compute@developer.gserviceaccount.com","availableMemory":"256Mi","allTrafficOnLatestRevision":true,"revision":"listusersdirectory-00247-fuv","maxInstanceRequestConcurrency":1,"availableCpu":"0.1666"},"state":"ACTIVE","updateTime":"2026-07-28T12:47:26.359747854Z","labels":{"deployment-callable":"true","firebase-functions-hash":"d122378e98f45effe92711c767be8035f097d07d","deployment-tool":"cli-firebase"},"environment":"GEN_2","url":"https://us-central1-reservaeldia-7a440.cloudfunctions.net/listUsersDirectory","createTime":"2026-02-17T20:25:12.113237671Z","satisfiesPzi":true},{"name":"projects/reservaeldia-7a440/locations/us-central1/functions/getAdminDraftSnapshot","buildConfig":{"build":"projects/860495975406/locations/us-central1/builds/7d221b80-df8a-44b4-8701-79eec488f161","runtime":"nodejs20","entryPoint":"getAdminDraftSnapshot","source":{"storageSource":{"bucket":"gcf-v2-sources-860495975406-us-central1","object":"getAdminDraftSnapshot/function-source.zip","generation":"1786034902961447"}},"environmentVariables":{"GOOGLE_NODE_RUN_SCRIPTS":""},"dockerRepository":"projects/reservaeldia-7a440/locations/us-central1/repositories/gcf-artifacts","sourceProvenance":{"resolvedStorageSource":{"bucket":"gcf-v2-sources-860495975406-us-central1","object":"getAdminDraftSnapshot/function-source.zip","generation":"1786034902961447"}},"dockerRegistry":"ARTIFACT_REGISTRY","serviceAccount":"projects/reservaeldia-7a440/serviceAccounts/860495975406-compute@developer.gserviceaccount.com","automaticUpdatePolicy":{}},"serviceConfig":{"service":"projects/reservaeldia-7a440/locations/us-central1/services/getadmindraftsnapshot","timeoutSeconds":60,"environmentVariables":{"SUPERADMINS_UIDS":"8mvF9cwdbtYo2leAjO11cNxhaLV2","MERCADO_PAGO_PUBLIC_KEY":"APP_USR-a0795dce-baf8-48f6-98af-4defd053ad42","MERCADO_PAGO_ACCESS_TOKEN":"APP_USR-6752615657925923-021923-055cfbc93701d8acfdd153d25b9c4ac8-3215101753","MERCADO_PAGO_CLIENT_ID":"6752615657925923","MERCADO_PAGO_CLIENT_SECRET":"37OPj64uyGyNK2db7e3GBeqizFIF3fuL","MERCADO_PAGO_WEBHOOK_URL":"https://us-central1-reservaeldia-7a440.cloudfunctions.net/mercadoPagoWebhook","MP_WEBHOOK_SECRET":"27104730db6cc9a5f93bc49e4e3f9c70b22f6090845bf7e56d47f3aa2c1589c5","GOOGLE_MAPS_EMBED_API_KEY":"AIzaSyArR56EXHhdSZ1GmpPXwOELlDkoSK-FYrk","FIREBASE_CONFIG":"{\"projectId\":\"reservaeldia-7a440\",\"storageBucket\":\"reservaeldia-7a440.firebasestorage.app\"}","GCLOUD_PROJECT":"reservaeldia-7a440","EVENTARC_CLOUD_EVENT_SOURCE":"projects/reservaeldia-7a440/locations/us-central1/services/getAdminDraftSnapshot","FUNCTION_TARGET":"getAdminDraftSnapshot","LOG_EXECUTION_ID":"true","FUNCTION_SIGNATURE_TYPE":"http"},"maxInstanceCount":100,"ingressSettings":"ALLOW_ALL","uri":"https://getadmindraftsnapshot-vntxuytzsa-uc.a.run.app","serviceAccountEmail":"860495975406-compute@developer.gserviceaccount.com","availableMemory":"256Mi","allTrafficOnLatestRevision":true,"revision":"getadmindraftsnapshot-00157-yeg","maxInstanceRequestConcurrency":1,"availableCpu":"0.1666"},"state":"ACTIVE","updateTime":"2026-08-06T16:49:07.485340928Z","labels":{"deployment-tool":"cli-firebase","deployment-callable":"true","firebase-functions-hash":"5efaf1777d259b9855b4eeb91a96fbac3aed1a65"},"environment":"GEN_2","url":"https://us-central1-reservaeldia-7a440.cloudfunctions.net/getAdminDraftSnapshot","createTime":"2026-03-12T02:32:17.474664317Z","satisfiesPzi":true},{"name":"projects/reservaeldia-7a440/locations/us-central1/functions/updateMyUiPreferences","buildConfig":{"build":"projects/860495975406/locations/us-central1/builds/449a8d66-dac3-45d6-b03c-c0736506979a","runtime":"nodejs20","entryPoint":"updateMyUiPreferences","source":{"storageSource":{"bucket":"gcf-v2-sources-860495975406-us-central1","object":"updateMyUiPreferences/function-source.zip","generation":"1785243147867776"}},"environmentVariables":{"GOOGLE_NODE_RUN_SCRIPTS":""},"dockerRepository":"projects/reservaeldia-7a440/locations/us-central1/repositories/gcf-artifacts","sourceProvenance":{"resolvedStorageSource":{"bucket":"gcf-v2-sources-860495975406-us-central1","object":"updateMyUiPreferences/function-source.zip","generation":"1785243147867776"}},"dockerRegistry":"ARTIFACT_REGISTRY","serviceAccount":"projects/reservaeldia-7a440/serviceAccounts/860495975406-compute@developer.gserviceaccount.com","automaticUpdatePolicy":{}},"serviceConfig":{"service":"projects/reservaeldia-7a440/locations/us-central1/services/updatemyuipreferences","timeoutSeconds":60,"environmentVariables":{"SUPERADMINS_UIDS":"8mvF9cwdbtYo2leAjO11cNxhaLV2","MERCADO_PAGO_PUBLIC_KEY":"APP_USR-a0795dce-baf8-48f6-98af-4defd053ad42","MERCADO_PAGO_ACCESS_TOKEN":"APP_USR-6752615657925923-021923-055cfbc93701d8acfdd153d25b9c4ac8-3215101753","MERCADO_PAGO_CLIENT_ID":"6752615657925923","MERCADO_PAGO_CLIENT_SECRET":"37OPj64uyGyNK2db7e3GBeqizFIF3fuL","MERCADO_PAGO_WEBHOOK_URL":"https://us-central1-reservaeldia-7a440.cloudfunctions.net/mercadoPagoWebhook","MP_WEBHOOK_SECRET":"27104730db6cc9a5f93bc49e4e3f9c70b22f6090845bf7e56d47f3aa2c1589c5","GOOGLE_MAPS_EMBED_API_KEY":"AIzaSyArR56EXHhdSZ1GmpPXwOELlDkoSK-FYrk","FIREBASE_CONFIG":"{\"projectId\":\"reservaeldia-7a440\",\"storageBucket\":\"reservaeldia-7a440.firebasestorage.app\"}","GCLOUD_PROJECT":"reservaeldia-7a440","EVENTARC_CLOUD_EVENT_SOURCE":"projects/reservaeldia-7a440/locations/us-central1/services/updateMyUiPreferences","FUNCTION_TARGET":"updateMyUiPreferences","LOG_EXECUTION_ID":"true","FUNCTION_SIGNATURE_TYPE":"http"},"maxInstanceCount":100,"ingressSettings":"ALLOW_ALL","uri":"https://updatemyuipreferences-vntxuytzsa-uc.a.run.app","serviceAccountEmail":"860495975406-compute@developer.gserviceaccount.com","availableMemory":"256Mi","allTrafficOnLatestRevision":true,"revision":"updatemyuipreferences-00012-kuc","maxInstanceRequestConcurrency":1,"availableCpu":"0.1666"},"state":"ACTIVE","updateTime":"2026-07-28T12:53:18.158692959Z","labels":{"deployment-tool":"cli-firebase","deployment-callable":"true","firebase-functions-hash":"d122378e98f45effe92711c767be8035f097d07d"},"environment":"GEN_2","url":"https://us-central1-reservaeldia-7a440.cloudfunctions.net/updateMyUiPreferences","createTime":"2026-07-17T20:44:20.265458944Z","satisfiesPzi":true},{"name":"projects/reservaeldia-7a440/locations/us-central1/functions/runBusinessAnalyticsExportJobsV1","buildConfig":{"build":"projects/860495975406/locations/us-central1/builds/2b5c5f6d-7a9b-47bc-83bb-d06dd7febaf0","runtime":"nodejs20","entryPoint":"runBusinessAnalyticsExportJobsV1","source":{"storageSource":{"bucket":"gcf-v2-sources-860495975406-us-central1","object":"runBusinessAnalyticsExportJobsV1/function-source.zip","generation":"1785243095777211"}},"environmentVariables":{"GOOGLE_NODE_RUN_SCRIPTS":""},"dockerRepository":"projects/reservaeldia-7a440/locations/us-central1/repositories/gcf-artifacts","sourceProvenance":{"resolvedStorageSource":{"bucket":"gcf-v2-sources-860495975406-us-central1","object":"runBusinessAnalyticsExportJobsV1/function-source.zip","generation":"1785243095777211"}},"dockerRegistry":"ARTIFACT_REGISTRY","serviceAccount":"projects/reservaeldia-7a440/serviceAccounts/860495975406-compute@developer.gserviceaccount.com","automaticUpdatePolicy":{}},"serviceConfig":{"service":"projects/reservaeldia-7a440/locations/us-central1/services/runbusinessanalyticsexportjobsv1","timeoutSeconds":540,"environmentVariables":{"SUPERADMINS_UIDS":"8mvF9cwdbtYo2leAjO11cNxhaLV2","MERCADO_PAGO_PUBLIC_KEY":"APP_USR-a0795dce-baf8-48f6-98af-4defd053ad42","MERCADO_PAGO_ACCESS_TOKEN":"APP_USR-6752615657925923-021923-055cfbc93701d8acfdd153d25b9c4ac8-3215101753","MERCADO_PAGO_CLIENT_ID":"6752615657925923","MERCADO_PAGO_CLIENT_SECRET":"37OPj64uyGyNK2db7e3GBeqizFIF3fuL","MERCADO_PAGO_WEBHOOK_URL":"https://us-central1-reservaeldia-7a440.cloudfunctions.net/mercadoPagoWebhook","MP_WEBHOOK_SECRET":"27104730db6cc9a5f93bc49e4e3f9c70b22f6090845bf7e56d47f3aa2c1589c5","GOOGLE_MAPS_EMBED_API_KEY":"AIzaSyArR56EXHhdSZ1GmpPXwOELlDkoSK-FYrk","FIREBASE_CONFIG":"{\"projectId\":\"reservaeldia-7a440\",\"storageBucket\":\"reservaeldia-7a440.firebasestorage.app\"}","GCLOUD_PROJECT":"reservaeldia-7a440","EVENTARC_CLOUD_EVENT_SOURCE":"projects/reservaeldia-7a440/locations/us-central1/services/runBusinessAnalyticsExportJobsV1","FUNCTION_TARGET":"runBusinessAnalyticsExportJobsV1","LOG_EXECUTION_ID":"true"},"maxInstanceCount":34,"ingressSettings":"ALLOW_ALL","uri":"https://runbusinessanalyticsexportjobsv1-vntxuytzsa-uc.a.run.app","serviceAccountEmail":"860495975406-compute@developer.gserviceaccount.com","availableMemory":"1024Mi","allTrafficOnLatestRevision":true,"revision":"runbusinessanalyticsexportjobsv1-00124-bev","maxInstanceRequestConcurrency":1,"availableCpu":"0.5833"},"state":"ACTIVE","updateTime":"2026-07-28T12:52:52.304316972Z","labels":{"deployment-scheduled":"true","firebase-functions-hash":"d122378e98f45effe92711c767be8035f097d07d","deployment-tool":"cli-firebase"},"environment":"GEN_2","url":"https://us-central1-reservaeldia-7a440.cloudfunctions.net/runBusinessAnalyticsExportJobsV1","createTime":"2026-03-13T15:35:39.913708276Z","satisfiesPzi":true},{"name":"projects/reservaeldia-7a440/locations/us-central1/functions/runBusinessAnalyticsRebuildJobsV1","buildConfig":{"build":"projects/860495975406/locations/us-central1/builds/2b5c5f6d-7a9b-47bc-83bb-d06dd7febaf0","runtime":"nodejs20","entryPoint":"runBusinessAnalyticsRebuildJobsV1","source":{"storageSource":{"bucket":"gcf-v2-sources-860495975406-us-central1","object":"runBusinessAnalyticsRebuildJobsV1/function-source.zip","generation":"1785243152147779"}},"environmentVariables":{"GOOGLE_NODE_RUN_SCRIPTS":""},"dockerRepository":"projects/reservaeldia-7a440/locations/us-central1/repositories/gcf-artifacts","sourceProvenance":{"resolvedStorageSource":{"bucket":"gcf-v2-sources-860495975406-us-central1","object":"runBusinessAnalyticsRebuildJobsV1/function-source.zip","generation":"1785243152147779"}},"dockerRegistry":"ARTIFACT_REGISTRY","serviceAccount":"projects/reservaeldia-7a440/serviceAccounts/860495975406-compute@developer.gserviceaccount.com","automaticUpdatePolicy":{}},"serviceConfig":{"service":"projects/reservaeldia-7a440/locations/us-central1/services/runbusinessanalyticsrebuildjobsv1","timeoutSeconds":540,"environmentVariables":{"SUPERADMINS_UIDS":"8mvF9cwdbtYo2leAjO11cNxhaLV2","MERCADO_PAGO_PUBLIC_KEY":"APP_USR-a0795dce-baf8-48f6-98af-4defd053ad42","MERCADO_PAGO_ACCESS_TOKEN":"APP_USR-6752615657925923-021923-055cfbc93701d8acfdd153d25b9c4ac8-3215101753","MERCADO_PAGO_CLIENT_ID":"6752615657925923","MERCADO_PAGO_CLIENT_SECRET":"37OPj64uyGyNK2db7e3GBeqizFIF3fuL","MERCADO_PAGO_WEBHOOK_URL":"https://us-central1-reservaeldia-7a440.cloudfunctions.net/mercadoPagoWebhook","MP_WEBHOOK_SECRET":"27104730db6cc9a5f93bc49e4e3f9c70b22f6090845bf7e56d47f3aa2c1589c5","GOOGLE_MAPS_EMBED_API_KEY":"AIzaSyArR56EXHhdSZ1GmpPXwOELlDkoSK-FYrk","FIREBASE_CONFIG":"{\"projectId\":\"reservaeldia-7a440\",\"storageBucket\":\"reservaeldia-7a440.firebasestorage.app\"}","GCLOUD_PROJECT":"reservaeldia-7a440","EVENTARC_CLOUD_EVENT_SOURCE":"projects/reservaeldia-7a440/locations/us-central1/services/runBusinessAnalyticsRebuildJobsV1","FUNCTION_TARGET":"runBusinessAnalyticsRebuildJobsV1","LOG_EXECUTION_ID":"true","FUNCTION_SIGNATURE_TYPE":"http"},"maxInstanceCount":34,"ingressSettings":"ALLOW_ALL","uri":"https://runbusinessanalyticsrebuildjobsv1-vntxuytzsa-uc.a.run.app","serviceAccountEmail":"860495975406-compute@developer.gserviceaccount.com","availableMemory":"1024Mi","allTrafficOnLatestRevision":true,"revision":"runbusinessanalyticsrebuildjobsv1-00129-god","maxInstanceRequestConcurrency":1,"availableCpu":"0.5833"},"state":"ACTIVE","updateTime":"2026-07-28T12:53:17.392745680Z","labels":{"deployment-tool":"cli-firebase","deployment-scheduled":"true","firebase-functions-hash":"d122378e98f45effe92711c767be8035f097d07d"},"environment":"GEN_2","url":"https://us-central1-reservaeldia-7a440.cloudfunctions.net/runBusinessAnalyticsRebuildJobsV1","createTime":"2026-03-13T05:04:05.886782781Z","satisfiesPzi":true},{"name":"projects/reservaeldia-7a440/locations/us-central1/functions/moveDraftToTrash","buildConfig":{"build":"projects/860495975406/locations/us-central1/builds/72f8078a-6fe7-4d9b-839e-fdda9174845e","runtime":"nodejs20","entryPoint":"moveDraftToTrash","source":{"storageSource":{"bucket":"gcf-v2-sources-860495975406-us-central1","object":"moveDraftToTrash/function-source.zip","generation":"1786035169150476"}},"environmentVariables":{"GOOGLE_NODE_RUN_SCRIPTS":""},"dockerRepository":"projects/reservaeldia-7a440/locations/us-central1/repositories/gcf-artifacts","sourceProvenance":{"resolvedStorageSource":{"bucket":"gcf-v2-sources-860495975406-us-central1","object":"moveDraftToTrash/function-source.zip","generation":"1786035169150476"}},"dockerRegistry":"ARTIFACT_REGISTRY","serviceAccount":"projects/reservaeldia-7a440/serviceAccounts/860495975406-compute@developer.gserviceaccount.com","automaticUpdatePolicy":{}},"serviceConfig":{"service":"projects/reservaeldia-7a440/locations/us-central1/services/movedrafttotrash","timeoutSeconds":60,"environmentVariables":{"SUPERADMINS_UIDS":"8mvF9cwdbtYo2leAjO11cNxhaLV2","MERCADO_PAGO_PUBLIC_KEY":"APP_USR-a0795dce-baf8-48f6-98af-4defd053ad42","MERCADO_PAGO_ACCESS_TOKEN":"APP_USR-6752615657925923-021923-055cfbc93701d8acfdd153d25b9c4ac8-3215101753","MERCADO_PAGO_CLIENT_ID":"6752615657925923","MERCADO_PAGO_CLIENT_SECRET":"37OPj64uyGyNK2db7e3GBeqizFIF3fuL","MERCADO_PAGO_WEBHOOK_URL":"https://us-central1-reservaeldia-7a440.cloudfunctions.net/mercadoPagoWebhook","MP_WEBHOOK_SECRET":"27104730db6cc9a5f93bc49e4e3f9c70b22f6090845bf7e56d47f3aa2c1589c5","GOOGLE_MAPS_EMBED_API_KEY":"AIzaSyArR56EXHhdSZ1GmpPXwOELlDkoSK-FYrk","FIREBASE_CONFIG":"{\"projectId\":\"reservaeldia-7a440\",\"storageBucket\":\"reservaeldia-7a440.firebasestorage.app\"}","GCLOUD_PROJECT":"reservaeldia-7a440","EVENTARC_CLOUD_EVENT_SOURCE":"projects/reservaeldia-7a440/locations/us-central1/services/moveDraftToTrash","FUNCTION_TARGET":"moveDraftToTrash","LOG_EXECUTION_ID":"true"},"maxInstanceCount":100,"ingressSettings":"ALLOW_ALL","uri":"https://movedrafttotrash-vntxuytzsa-uc.a.run.app","serviceAccountEmail":"860495975406-compute@developer.gserviceaccount.com","availableMemory":"256Mi","allTrafficOnLatestRevision":true,"revision":"movedrafttotrash-00164-kad","maxInstanceRequestConcurrency":1,"availableCpu":"0.1666"},"state":"ACTIVE","updateTime":"2026-08-06T16:54:28.257836684Z","labels":{"deployment-tool":"cli-firebase","deployment-callable":"true","firebase-functions-hash":"5efaf1777d259b9855b4eeb91a96fbac3aed1a65"},"environment":"GEN_2","url":"https://us-central1-reservaeldia-7a440.cloudfunctions.net/moveDraftToTrash","createTime":"2026-02-26T17:59:44.735807328Z","satisfiesPzi":true},{"name":"projects/reservaeldia-7a440/locations/us-central1/functions/listCountdownPresetVersionsAdmin","buildConfig":{"build":"projects/860495975406/locations/us-central1/builds/cca5cf55-789d-4371-bd8c-c387d4e9200b","runtime":"nodejs20","entryPoint":"listCountdownPresetVersionsAdmin","source":{"storageSource":{"bucket":"gcf-v2-sources-860495975406-us-central1","object":"listCountdownPresetVersionsAdmin/function-source.zip","generation":"1786035316579460"}},"environmentVariables":{"GOOGLE_NODE_RUN_SCRIPTS":""},"dockerRepository":"projects/reservaeldia-7a440/locations/us-central1/repositories/gcf-artifacts","sourceProvenance":{"resolvedStorageSource":{"bucket":"gcf-v2-sources-860495975406-us-central1","object":"listCountdownPresetVersionsAdmin/function-source.zip","generation":"1786035316579460"}},"dockerRegistry":"ARTIFACT_REGISTRY","serviceAccount":"projects/reservaeldia-7a440/serviceAccounts/860495975406-compute@developer.gserviceaccount.com","automaticUpdatePolicy":{}},"serviceConfig":{"service":"projects/reservaeldia-7a440/locations/us-central1/services/listcountdownpresetversionsadmin","timeoutSeconds":60,"environmentVariables":{"SUPERADMINS_UIDS":"8mvF9cwdbtYo2leAjO11cNxhaLV2","MERCADO_PAGO_PUBLIC_KEY":"APP_USR-a0795dce-baf8-48f6-98af-4defd053ad42","MERCADO_PAGO_ACCESS_TOKEN":"APP_USR-6752615657925923-021923-055cfbc93701d8acfdd153d25b9c4ac8-3215101753","MERCADO_PAGO_CLIENT_ID":"6752615657925923","MERCADO_PAGO_CLIENT_SECRET":"37OPj64uyGyNK2db7e3GBeqizFIF3fuL","MERCADO_PAGO_WEBHOOK_URL":"https://us-central1-reservaeldia-7a440.cloudfunctions.net/mercadoPagoWebhook","MP_WEBHOOK_SECRET":"27104730db6cc9a5f93bc49e4e3f9c70b22f6090845bf7e56d47f3aa2c1589c5","GOOGLE_MAPS_EMBED_API_KEY":"AIzaSyArR56EXHhdSZ1GmpPXwOELlDkoSK-FYrk","FIREBASE_CONFIG":"{\"projectId\":\"reservaeldia-7a440\",\"storageBucket\":\"reservaeldia-7a440.firebasestorage.app\"}","GCLOUD_PROJECT":"reservaeldia-7a440","EVENTARC_CLOUD_EVENT_SOURCE":"projects/reservaeldia-7a440/locations/us-central1/services/listCountdownPresetVersionsAdmin","FUNCTION_TARGET":"listCountdownPresetVersionsAdmin","LOG_EXECUTION_ID":"true","FUNCTION_SIGNATURE_TYPE":"http"},"maxInstanceCount":100,"ingressSettings":"ALLOW_ALL","uri":"https://listcountdownpresetversionsadmin-vntxuytzsa-uc.a.run.app","serviceAccountEmail":"860495975406-compute@developer.gserviceaccount.com","availableMemory":"256Mi","allTrafficOnLatestRevision":true,"revision":"listcountdownpresetversionsadmin-00011-laj","maxInstanceRequestConcurrency":1,"availableCpu":"0.1666"},"state":"ACTIVE","updateTime":"2026-08-06T16:55:32.037076643Z","labels":{"deployment-tool":"cli-firebase","deployment-callable":"true","firebase-functions-hash":"5efaf1777d259b9855b4eeb91a96fbac3aed1a65"},"environment":"GEN_2","url":"https://us-central1-reservaeldia-7a440.cloudfunctions.net/listCountdownPresetVersionsAdmin","createTime":"2026-07-24T03:06:24.451610555Z","satisfiesPzi":true},{"name":"projects/reservaeldia-7a440/locations/us-central1/functions/generatePublishedShareImage","buildConfig":{"build":"projects/860495975406/locations/us-central1/builds/cb1eef14-e90c-408d-9703-07d42af6f7f2","runtime":"nodejs20","entryPoint":"generatePublishedShareImage","source":{"storageSource":{"bucket":"gcf-v2-sources-860495975406-us-central1","object":"generatePublishedShareImage/function-source.zip","generation":"1777765849550671"}},"environmentVariables":{"GOOGLE_NODE_RUN_SCRIPTS":""},"dockerRepository":"projects/reservaeldia-7a440/locations/us-central1/repositories/gcf-artifacts","sourceProvenance":{"resolvedStorageSource":{"bucket":"gcf-v2-sources-860495975406-us-central1","object":"generatePublishedShareImage/function-source.zip","generation":"1777765849550671"}},"dockerRegistry":"ARTIFACT_REGISTRY","serviceAccount":"projects/reservaeldia-7a440/serviceAccounts/860495975406-compute@developer.gserviceaccount.com","automaticUpdatePolicy":{}},"serviceConfig":{"service":"projects/reservaeldia-7a440/locations/us-central1/services/generatepublishedshareimage","timeoutSeconds":60,"environmentVariables":{"SUPERADMINS_UIDS":"8mvF9cwdbtYo2leAjO11cNxhaLV2","MERCADO_PAGO_PUBLIC_KEY":"APP_USR-a0795dce-baf8-48f6-98af-4defd053ad42","MERCADO_PAGO_ACCESS_TOKEN":"APP_USR-6752615657925923-021923-055cfbc93701d8acfdd153d25b9c4ac8-3215101753","MERCADO_PAGO_CLIENT_ID":"6752615657925923","MERCADO_PAGO_CLIENT_SECRET":"37OPj64uyGyNK2db7e3GBeqizFIF3fuL","MERCADO_PAGO_WEBHOOK_URL":"https://us-central1-reservaeldia-7a440.cloudfunctions.net/mercadoPagoWebhook","MP_WEBHOOK_SECRET":"27104730db6cc9a5f93bc49e4e3f9c70b22f6090845bf7e56d47f3aa2c1589c5","FIREBASE_CONFIG":"{\"projectId\":\"reservaeldia-7a440\",\"storageBucket\":\"reservaeldia-7a440.firebasestorage.app\"}","GCLOUD_PROJECT":"reservaeldia-7a440","EVENTARC_CLOUD_EVENT_SOURCE":"projects/reservaeldia-7a440/locations/us-central1/services/generatePublishedShareImage","FUNCTION_SIGNATURE_TYPE":"cloudevent","FUNCTION_TARGET":"generatePublishedShareImage","LOG_EXECUTION_ID":"true"},"ingressSettings":"ALLOW_ALL","uri":"https://generatepublishedshareimage-vntxuytzsa-uc.a.run.app","serviceAccountEmail":"860495975406-compute@developer.gserviceaccount.com","availableMemory":"1024Mi","allTrafficOnLatestRevision":true,"revision":"generatepublishedshareimage-00001-wof","maxInstanceRequestConcurrency":1,"availableCpu":"1"},"eventTrigger":{"trigger":"projects/reservaeldia-7a440/locations/southamerica-east1/triggers/generatepublishedshareimage-431061","triggerRegion":"southamerica-east1","eventType":"google.cloud.firestore.document.v1.written","eventFilters":[{"attribute":"namespace","value":"(default)"},{"attribute":"document","value":"publicadas/{slug}","operator":"match-path-pattern"},{"attribute":"database","value":"(default)"}],"pubsubTopic":"projects/reservaeldia-7a440/topics/eventarc-southamerica-east1-generatepublishedshareimage-431061-458","serviceAccountEmail":"860495975406-compute@developer.gserviceaccount.com","retryPolicy":"RETRY_POLICY_DO_NOT_RETRY"},"state":"ACTIVE","updateTime":"2026-05-02T23:52:21.100664245Z","labels":{"deployment-tool":"cli-firebase","firebase-functions-hash":"9db51c0634257f634d203dc3aa123b10f46d2275"},"environment":"GEN_2","url":"https://us-central1-reservaeldia-7a440.cloudfunctions.net/generatePublishedShareImage","createTime":"2026-05-02T23:50:49.967300317Z","satisfiesPzi":true},{"name":"projects/reservaeldia-7a440/locations/us-central1/functions/requestBusinessAnalyticsRawExportV1","buildConfig":{"build":"projects/860495975406/locations/us-central1/builds/1751d5b5-2b3a-424b-8023-0dbd64c1b2c2","runtime":"nodejs20","entryPoint":"requestBusinessAnalyticsRawExportV1","source":{"storageSource":{"bucket":"gcf-v2-sources-860495975406-us-central1","object":"requestBusinessAnalyticsRawExportV1/function-source.zip","generation":"1785242919592001"}},"environmentVariables":{"GOOGLE_NODE_RUN_SCRIPTS":""},"dockerRepository":"projects/reservaeldia-7a440/locations/us-central1/repositories/gcf-artifacts","sourceProvenance":{"resolvedStorageSource":{"bucket":"gcf-v2-sources-860495975406-us-central1","object":"requestBusinessAnalyticsRawExportV1/function-source.zip","generation":"1785242919592001"}},"dockerRegistry":"ARTIFACT_REGISTRY","serviceAccount":"projects/reservaeldia-7a440/serviceAccounts/860495975406-compute@developer.gserviceaccount.com","automaticUpdatePolicy":{}},"serviceConfig":{"service":"projects/reservaeldia-7a440/locations/us-central1/services/requestbusinessanalyticsrawexportv1","timeoutSeconds":60,"environmentVariables":{"SUPERADMINS_UIDS":"8mvF9cwdbtYo2leAjO11cNxhaLV2","MERCADO_PAGO_PUBLIC_KEY":"APP_USR-a0795dce-baf8-48f6-98af-4defd053ad42","MERCADO_PAGO_ACCESS_TOKEN":"APP_USR-6752615657925923-021923-055cfbc93701d8acfdd153d25b9c4ac8-3215101753","MERCADO_PAGO_CLIENT_ID":"6752615657925923","MERCADO_PAGO_CLIENT_SECRET":"37OPj64uyGyNK2db7e3GBeqizFIF3fuL","MERCADO_PAGO_WEBHOOK_URL":"https://us-central1-reservaeldia-7a440.cloudfunctions.net/mercadoPagoWebhook","MP_WEBHOOK_SECRET":"27104730db6cc9a5f93bc49e4e3f9c70b22f6090845bf7e56d47f3aa2c1589c5","GOOGLE_MAPS_EMBED_API_KEY":"AIzaSyArR56EXHhdSZ1GmpPXwOELlDkoSK-FYrk","FIREBASE_CONFIG":"{\"projectId\":\"reservaeldia-7a440\",\"storageBucket\":\"reservaeldia-7a440.firebasestorage.app\"}","GCLOUD_PROJECT":"reservaeldia-7a440","EVENTARC_CLOUD_EVENT_SOURCE":"projects/reservaeldia-7a440/locations/us-central1/services/requestBusinessAnalyticsRawExportV1","FUNCTION_TARGET":"requestBusinessAnalyticsRawExportV1","LOG_EXECUTION_ID":"true"},"maxInstanceCount":60,"ingressSettings":"ALLOW_ALL","uri":"https://requestbusinessanalyticsrawexportv1-vntxuytzsa-uc.a.run.app","serviceAccountEmail":"860495975406-compute@developer.gserviceaccount.com","availableMemory":"512Mi","allTrafficOnLatestRevision":true,"revision":"requestbusinessanalyticsrawexportv1-00126-tig","maxInstanceRequestConcurrency":1,"availableCpu":"0.3333"},"state":"ACTIVE","updateTime":"2026-07-28T12:50:12.130491477Z","labels":{"deployment-tool":"cli-firebase","deployment-callable":"true","firebase-functions-hash":"d122378e98f45effe92711c767be8035f097d07d"},"environment":"GEN_2","url":"https://us-central1-reservaeldia-7a440.cloudfunctions.net/requestBusinessAnalyticsRawExportV1","createTime":"2026-03-13T15:35:39.906073452Z","satisfiesPzi":true},{"name":"projects/reservaeldia-7a440/locations/us-central1/functions/adminGetTemplateEditorDocumentV1","buildConfig":{"build":"projects/860495975406/locations/us-central1/builds/63ad86be-fd19-48aa-8e52-b5898bc22654","runtime":"nodejs20","entryPoint":"adminGetTemplateEditorDocumentV1","source":{"storageSource":{"bucket":"gcf-v2-sources-860495975406-us-central1","object":"adminGetTemplateEditorDocumentV1/function-source.zip","generation":"1786034147125526"}},"environmentVariables":{"GOOGLE_NODE_RUN_SCRIPTS":""},"dockerRepository":"projects/reservaeldia-7a440/locations/us-central1/repositories/gcf-artifacts","sourceProvenance":{"resolvedStorageSource":{"bucket":"gcf-v2-sources-860495975406-us-central1","object":"adminGetTemplateEditorDocumentV1/function-source.zip","generation":"1786034147125526"}},"dockerRegistry":"ARTIFACT_REGISTRY","serviceAccount":"projects/reservaeldia-7a440/serviceAccounts/860495975406-compute@developer.gserviceaccount.com","automaticUpdatePolicy":{}},"serviceConfig":{"service":"projects/reservaeldia-7a440/locations/us-central1/services/admingettemplateeditordocumentv1","timeoutSeconds":60,"environmentVariables":{"SUPERADMINS_UIDS":"8mvF9cwdbtYo2leAjO11cNxhaLV2","MERCADO_PAGO_PUBLIC_KEY":"APP_USR-a0795dce-baf8-48f6-98af-4defd053ad42","MERCADO_PAGO_ACCESS_TOKEN":"APP_USR-6752615657925923-021923-055cfbc93701d8acfdd153d25b9c4ac8-3215101753","MERCADO_PAGO_CLIENT_ID":"6752615657925923","MERCADO_PAGO_CLIENT_SECRET":"37OPj64uyGyNK2db7e3GBeqizFIF3fuL","MERCADO_PAGO_WEBHOOK_URL":"https://us-central1-reservaeldia-7a440.cloudfunctions.net/mercadoPagoWebhook","MP_WEBHOOK_SECRET":"27104730db6cc9a5f93bc49e4e3f9c70b22f6090845bf7e56d47f3aa2c1589c5","GOOGLE_MAPS_EMBED_API_KEY":"AIzaSyArR56EXHhdSZ1GmpPXwOELlDkoSK-FYrk","FIREBASE_CONFIG":"{\"projectId\":\"reservaeldia-7a440\",\"storageBucket\":\"reservaeldia-7a440.firebasestorage.app\"}","GCLOUD_PROJECT":"reservaeldia-7a440","EVENTARC_CLOUD_EVENT_SOURCE":"projects/reservaeldia-7a440/locations/us-central1/services/adminGetTemplateEditorDocumentV1","FUNCTION_TARGET":"adminGetTemplateEditorDocumentV1","LOG_EXECUTION_ID":"true","FUNCTION_SIGNATURE_TYPE":"http"},"maxInstanceCount":100,"ingressSettings":"ALLOW_ALL","uri":"https://admingettemplateeditordocumentv1-vntxuytzsa-uc.a.run.app","serviceAccountEmail":"860495975406-compute@developer.gserviceaccount.com","availableMemory":"256Mi","allTrafficOnLatestRevision":true,"revision":"admingettemplateeditordocumentv1-00170-tet","maxInstanceRequestConcurrency":1,"availableCpu":"0.1666"},"state":"ACTIVE","updateTime":"2026-08-06T16:36:05.182715380Z","labels":{"deployment-tool":"cli-firebase","deployment-callable":"true","firebase-functions-hash":"5efaf1777d259b9855b4eeb91a96fbac3aed1a65"},"environment":"GEN_2","url":"https://us-central1-reservaeldia-7a440.cloudfunctions.net/adminGetTemplateEditorDocumentV1","createTime":"2026-03-12T22:53:57.499729804Z","satisfiesPzi":true},{"name":"projects/reservaeldia-7a440/locations/us-central1/functions/borrarTodosLosBorradores","buildConfig":{"build":"projects/860495975406/locations/us-central1/builds/8ce2ba43-ac9e-4f0f-b576-ddda1866a519","runtime":"nodejs20","entryPoint":"borrarTodosLosBorradores","source":{"storageSource":{"bucket":"gcf-v2-sources-860495975406-us-central1","object":"borrarTodosLosBorradores/function-source.zip","generation":"1786034733259737"}},"environmentVariables":{"GOOGLE_NODE_RUN_SCRIPTS":""},"dockerRepository":"projects/reservaeldia-7a440/locations/us-central1/repositories/gcf-artifacts","sourceProvenance":{"resolvedStorageSource":{"bucket":"gcf-v2-sources-860495975406-us-central1","object":"borrarTodosLosBorradores/function-source.zip","generation":"1786034733259737"}},"dockerRegistry":"ARTIFACT_REGISTRY","serviceAccount":"projects/reservaeldia-7a440/serviceAccounts/860495975406-compute@developer.gserviceaccount.com","automaticUpdatePolicy":{}},"serviceConfig":{"service":"projects/reservaeldia-7a440/locations/us-central1/services/borrartodoslosborradores","timeoutSeconds":60,"environmentVariables":{"SUPERADMINS_UIDS":"8mvF9cwdbtYo2leAjO11cNxhaLV2","MERCADO_PAGO_PUBLIC_KEY":"APP_USR-a0795dce-baf8-48f6-98af-4defd053ad42","MERCADO_PAGO_ACCESS_TOKEN":"APP_USR-6752615657925923-021923-055cfbc93701d8acfdd153d25b9c4ac8-3215101753","MERCADO_PAGO_CLIENT_ID":"6752615657925923","MERCADO_PAGO_CLIENT_SECRET":"37OPj64uyGyNK2db7e3GBeqizFIF3fuL","MERCADO_PAGO_WEBHOOK_URL":"https://us-central1-reservaeldia-7a440.cloudfunctions.net/mercadoPagoWebhook","MP_WEBHOOK_SECRET":"27104730db6cc9a5f93bc49e4e3f9c70b22f6090845bf7e56d47f3aa2c1589c5","GOOGLE_MAPS_EMBED_API_KEY":"AIzaSyArR56EXHhdSZ1GmpPXwOELlDkoSK-FYrk","FIREBASE_CONFIG":"{\"projectId\":\"reservaeldia-7a440\",\"storageBucket\":\"reservaeldia-7a440.firebasestorage.app\"}","GCLOUD_PROJECT":"reservaeldia-7a440","EVENTARC_CLOUD_EVENT_SOURCE":"projects/reservaeldia-7a440/locations/us-central1/services/borrarTodosLosBorradores","FUNCTION_TARGET":"borrarTodosLosBorradores","LOG_EXECUTION_ID":"true","FUNCTION_SIGNATURE_TYPE":"http"},"maxInstanceCount":100,"ingressSettings":"ALLOW_ALL","uri":"https://borrartodoslosborradores-vntxuytzsa-uc.a.run.app","serviceAccountEmail":"860495975406-compute@developer.gserviceaccount.com","availableMemory":"256Mi","allTrafficOnLatestRevision":true,"revision":"borrartodoslosborradores-00487-kej","maxInstanceRequestConcurrency":1,"availableCpu":"0.1666"},"state":"ACTIVE","updateTime":"2026-08-06T16:46:07.463081348Z","labels":{"deployment-tool":"cli-firebase","deployment-callable":"true","firebase-functions-hash":"5efaf1777d259b9855b4eeb91a96fbac3aed1a65"},"environment":"GEN_2","url":"https://us-central1-reservaeldia-7a440.cloudfunctions.net/borrarTodosLosBorradores","createTime":"2025-05-23T15:09:41.062963294Z","satisfiesPzi":true},{"name":"projects/reservaeldia-7a440/locations/us-central1/functions/mercadoPagoWebhook","buildConfig":{"build":"projects/860495975406/locations/us-central1/builds/e26b8206-8385-4a4e-8cc6-3a00ce85d7ac","runtime":"nodejs20","entryPoint":"mercadoPagoWebhook","source":{"storageSource":{"bucket":"gcf-v2-sources-860495975406-us-central1","object":"mercadoPagoWebhook/function-source.zip","generation":"1786035169211244"}},"environmentVariables":{"GOOGLE_NODE_RUN_SCRIPTS":""},"dockerRepository":"projects/reservaeldia-7a440/locations/us-central1/repositories/gcf-artifacts","sourceProvenance":{"resolvedStorageSource":{"bucket":"gcf-v2-sources-860495975406-us-central1","object":"mercadoPagoWebhook/function-source.zip","generation":"1786035169211244"}},"dockerRegistry":"ARTIFACT_REGISTRY","serviceAccount":"projects/reservaeldia-7a440/serviceAccounts/860495975406-compute@developer.gserviceaccount.com","automaticUpdatePolicy":{}},"serviceConfig":{"service":"projects/reservaeldia-7a440/locations/us-central1/services/mercadopagowebhook","timeoutSeconds":60,"environmentVariables":{"SUPERADMINS_UIDS":"8mvF9cwdbtYo2leAjO11cNxhaLV2","MERCADO_PAGO_PUBLIC_KEY":"APP_USR-a0795dce-baf8-48f6-98af-4defd053ad42","MERCADO_PAGO_ACCESS_TOKEN":"APP_USR-6752615657925923-021923-055cfbc93701d8acfdd153d25b9c4ac8-3215101753","MERCADO_PAGO_CLIENT_ID":"6752615657925923","MERCADO_PAGO_CLIENT_SECRET":"37OPj64uyGyNK2db7e3GBeqizFIF3fuL","MERCADO_PAGO_WEBHOOK_URL":"https://us-central1-reservaeldia-7a440.cloudfunctions.net/mercadoPagoWebhook","MP_WEBHOOK_SECRET":"27104730db6cc9a5f93bc49e4e3f9c70b22f6090845bf7e56d47f3aa2c1589c5","GOOGLE_MAPS_EMBED_API_KEY":"AIzaSyArR56EXHhdSZ1GmpPXwOELlDkoSK-FYrk","FIREBASE_CONFIG":"{\"projectId\":\"reservaeldia-7a440\",\"storageBucket\":\"reservaeldia-7a440.firebasestorage.app\"}","GCLOUD_PROJECT":"reservaeldia-7a440","EVENTARC_CLOUD_EVENT_SOURCE":"projects/reservaeldia-7a440/locations/us-central1/services/mercadoPagoWebhook","FUNCTION_TARGET":"mercadoPagoWebhook","LOG_EXECUTION_ID":"true"},"maxInstanceCount":20,"ingressSettings":"ALLOW_ALL","uri":"https://mercadopagowebhook-vntxuytzsa-uc.a.run.app","serviceAccountEmail":"860495975406-compute@developer.gserviceaccount.com","availableMemory":"1024Mi","allTrafficOnLatestRevision":true,"revision":"mercadopagowebhook-00253-tik","maxInstanceRequestConcurrency":1,"availableCpu":"1"},"state":"ACTIVE","updateTime":"2026-08-06T16:54:51.094208871Z","labels":{"deployment-tool":"cli-firebase","firebase-functions-hash":"5efaf1777d259b9855b4eeb91a96fbac3aed1a65"},"environment":"GEN_2","url":"https://us-central1-reservaeldia-7a440.cloudfunctions.net/mercadoPagoWebhook","createTime":"2026-02-20T09:34:13.136163600Z","satisfiesPzi":true},{"name":"projects/reservaeldia-7a440/locations/us-central1/functions/adminListDecorCatalogV1","buildConfig":{"build":"projects/860495975406/locations/us-central1/builds/bec2d25e-e9f3-42aa-8b95-38038883b25a","runtime":"nodejs20","entryPoint":"adminListDecorCatalogV1","source":{"storageSource":{"bucket":"gcf-v2-sources-860495975406-us-central1","object":"adminListDecorCatalogV1/function-source.zip","generation":"1786034293158925"}},"environmentVariables":{"GOOGLE_NODE_RUN_SCRIPTS":""},"dockerRepository":"projects/reservaeldia-7a440/locations/us-central1/repositories/gcf-artifacts","sourceProvenance":{"resolvedStorageSource":{"bucket":"gcf-v2-sources-860495975406-us-central1","object":"adminListDecorCatalogV1/function-source.zip","generation":"1786034293158925"}},"dockerRegistry":"ARTIFACT_REGISTRY","serviceAccount":"projects/reservaeldia-7a440/serviceAccounts/860495975406-compute@developer.gserviceaccount.com","automaticUpdatePolicy":{}},"serviceConfig":{"service":"projects/reservaeldia-7a440/locations/us-central1/services/adminlistdecorcatalogv1","timeoutSeconds":60,"environmentVariables":{"SUPERADMINS_UIDS":"8mvF9cwdbtYo2leAjO11cNxhaLV2","MERCADO_PAGO_PUBLIC_KEY":"APP_USR-a0795dce-baf8-48f6-98af-4defd053ad42","MERCADO_PAGO_ACCESS_TOKEN":"APP_USR-6752615657925923-021923-055cfbc93701d8acfdd153d25b9c4ac8-3215101753","MERCADO_PAGO_CLIENT_ID":"6752615657925923","MERCADO_PAGO_CLIENT_SECRET":"37OPj64uyGyNK2db7e3GBeqizFIF3fuL","MERCADO_PAGO_WEBHOOK_URL":"https://us-central1-reservaeldia-7a440.cloudfunctions.net/mercadoPagoWebhook","MP_WEBHOOK_SECRET":"27104730db6cc9a5f93bc49e4e3f9c70b22f6090845bf7e56d47f3aa2c1589c5","GOOGLE_MAPS_EMBED_API_KEY":"AIzaSyArR56EXHhdSZ1GmpPXwOELlDkoSK-FYrk","FIREBASE_CONFIG":"{\"projectId\":\"reservaeldia-7a440\",\"storageBucket\":\"reservaeldia-7a440.firebasestorage.app\"}","GCLOUD_PROJECT":"reservaeldia-7a440","EVENTARC_CLOUD_EVENT_SOURCE":"projects/reservaeldia-7a440/locations/us-central1/services/adminListDecorCatalogV1","FUNCTION_TARGET":"adminListDecorCatalogV1","LOG_EXECUTION_ID":"true","FUNCTION_SIGNATURE_TYPE":"http"},"maxInstanceCount":100,"ingressSettings":"ALLOW_ALL","uri":"https://adminlistdecorcatalogv1-vntxuytzsa-uc.a.run.app","serviceAccountEmail":"860495975406-compute@developer.gserviceaccount.com","availableMemory":"256Mi","allTrafficOnLatestRevision":true,"revision":"adminlistdecorcatalogv1-00182-tic","maxInstanceRequestConcurrency":1,"availableCpu":"0.1666"},"state":"ACTIVE","updateTime":"2026-08-06T16:38:24.175316759Z","labels":{"deployment-callable":"true","firebase-functions-hash":"5efaf1777d259b9855b4eeb91a96fbac3aed1a65","deployment-tool":"cli-firebase"},"environment":"GEN_2","url":"https://us-central1-reservaeldia-7a440.cloudfunctions.net/adminListDecorCatalogV1","createTime":"2026-03-02T00:09:22.483361488Z","satisfiesPzi":true},{"name":"projects/reservaeldia-7a440/locations/us-central1/functions/listAdminUsers","buildConfig":{"build":"projects/860495975406/locations/us-central1/builds/1d897e22-49c0-4118-9110-b1fdfddc94cc","runtime":"nodejs20","entryPoint":"listAdminUsers","source":{"storageSource":{"bucket":"gcf-v2-sources-860495975406-us-central1","object":"listAdminUsers/function-source.zip","generation":"1786035079033773"}},"environmentVariables":{"GOOGLE_NODE_RUN_SCRIPTS":""},"dockerRepository":"projects/reservaeldia-7a440/locations/us-central1/repositories/gcf-artifacts","sourceProvenance":{"resolvedStorageSource":{"bucket":"gcf-v2-sources-860495975406-us-central1","object":"listAdminUsers/function-source.zip","generation":"1786035079033773"}},"dockerRegistry":"ARTIFACT_REGISTRY","serviceAccount":"projects/reservaeldia-7a440/serviceAccounts/860495975406-compute@developer.gserviceaccount.com","automaticUpdatePolicy":{}},"serviceConfig":{"service":"projects/reservaeldia-7a440/locations/us-central1/services/listadminusers","timeoutSeconds":60,"environmentVariables":{"SUPERADMINS_UIDS":"8mvF9cwdbtYo2leAjO11cNxhaLV2","MERCADO_PAGO_PUBLIC_KEY":"APP_USR-a0795dce-baf8-48f6-98af-4defd053ad42","MERCADO_PAGO_ACCESS_TOKEN":"APP_USR-6752615657925923-021923-055cfbc93701d8acfdd153d25b9c4ac8-3215101753","MERCADO_PAGO_CLIENT_ID":"6752615657925923","MERCADO_PAGO_CLIENT_SECRET":"37OPj64uyGyNK2db7e3GBeqizFIF3fuL","MERCADO_PAGO_WEBHOOK_URL":"https://us-central1-reservaeldia-7a440.cloudfunctions.net/mercadoPagoWebhook","MP_WEBHOOK_SECRET":"27104730db6cc9a5f93bc49e4e3f9c70b22f6090845bf7e56d47f3aa2c1589c5","GOOGLE_MAPS_EMBED_API_KEY":"AIzaSyArR56EXHhdSZ1GmpPXwOELlDkoSK-FYrk","FIREBASE_CONFIG":"{\"projectId\":\"reservaeldia-7a440\",\"storageBucket\":\"reservaeldia-7a440.firebasestorage.app\"}","GCLOUD_PROJECT":"reservaeldia-7a440","EVENTARC_CLOUD_EVENT_SOURCE":"projects/reservaeldia-7a440/locations/us-central1/services/listAdminUsers","FUNCTION_TARGET":"listAdminUsers","LOG_EXECUTION_ID":"true","FUNCTION_SIGNATURE_TYPE":"http"},"maxInstanceCount":100,"ingressSettings":"ALLOW_ALL","uri":"https://listadminusers-vntxuytzsa-uc.a.run.app","serviceAccountEmail":"860495975406-compute@developer.gserviceaccount.com","availableMemory":"256Mi","allTrafficOnLatestRevision":true,"revision":"listadminusers-00252-huq","maxInstanceRequestConcurrency":1,"availableCpu":"0.1666"},"state":"ACTIVE","updateTime":"2026-08-06T16:51:47.788259993Z","labels":{"deployment-tool":"cli-firebase","deployment-callable":"true","firebase-functions-hash":"5efaf1777d259b9855b4eeb91a96fbac3aed1a65"},"environment":"GEN_2","url":"https://us-central1-reservaeldia-7a440.cloudfunctions.net/listAdminUsers","createTime":"2026-02-17T19:25:32.649217328Z","satisfiesPzi":true},{"name":"projects/reservaeldia-7a440/locations/us-central1/functions/adminPatchDecorMetadataV1","buildConfig":{"build":"projects/860495975406/locations/us-central1/builds/bec2d25e-e9f3-42aa-8b95-38038883b25a","runtime":"nodejs20","entryPoint":"adminPatchDecorMetadataV1","source":{"storageSource":{"bucket":"gcf-v2-sources-860495975406-us-central1","object":"adminPatchDecorMetadataV1/function-source.zip","generation":"1786034293171189"}},"environmentVariables":{"GOOGLE_NODE_RUN_SCRIPTS":""},"dockerRepository":"projects/reservaeldia-7a440/locations/us-central1/repositories/gcf-artifacts","sourceProvenance":{"resolvedStorageSource":{"bucket":"gcf-v2-sources-860495975406-us-central1","object":"adminPatchDecorMetadataV1/function-source.zip","generation":"1786034293171189"}},"dockerRegistry":"ARTIFACT_REGISTRY","serviceAccount":"projects/reservaeldia-7a440/serviceAccounts/860495975406-compute@developer.gserviceaccount.com","automaticUpdatePolicy":{}},"serviceConfig":{"service":"projects/reservaeldia-7a440/locations/us-central1/services/adminpatchdecormetadatav1","timeoutSeconds":60,"environmentVariables":{"SUPERADMINS_UIDS":"8mvF9cwdbtYo2leAjO11cNxhaLV2","MERCADO_PAGO_PUBLIC_KEY":"APP_USR-a0795dce-baf8-48f6-98af-4defd053ad42","MERCADO_PAGO_ACCESS_TOKEN":"APP_USR-6752615657925923-021923-055cfbc93701d8acfdd153d25b9c4ac8-3215101753","MERCADO_PAGO_CLIENT_ID":"6752615657925923","MERCADO_PAGO_CLIENT_SECRET":"37OPj64uyGyNK2db7e3GBeqizFIF3fuL","MERCADO_PAGO_WEBHOOK_URL":"https://us-central1-reservaeldia-7a440.cloudfunctions.net/mercadoPagoWebhook","MP_WEBHOOK_SECRET":"27104730db6cc9a5f93bc49e4e3f9c70b22f6090845bf7e56d47f3aa2c1589c5","GOOGLE_MAPS_EMBED_API_KEY":"AIzaSyArR56EXHhdSZ1GmpPXwOELlDkoSK-FYrk","FIREBASE_CONFIG":"{\"projectId\":\"reservaeldia-7a440\",\"storageBucket\":\"reservaeldia-7a440.firebasestorage.app\"}","GCLOUD_PROJECT":"reservaeldia-7a440","EVENTARC_CLOUD_EVENT_SOURCE":"projects/reservaeldia-7a440/locations/us-central1/services/adminPatchDecorMetadataV1","FUNCTION_TARGET":"adminPatchDecorMetadataV1","LOG_EXECUTION_ID":"true","FUNCTION_SIGNATURE_TYPE":"http"},"maxInstanceCount":100,"ingressSettings":"ALLOW_ALL","uri":"https://adminpatchdecormetadatav1-vntxuytzsa-uc.a.run.app","serviceAccountEmail":"860495975406-compute@developer.gserviceaccount.com","availableMemory":"256Mi","allTrafficOnLatestRevision":true,"revision":"adminpatchdecormetadatav1-00182-wim","maxInstanceRequestConcurrency":1,"availableCpu":"0.1666"},"state":"ACTIVE","updateTime":"2026-08-06T16:38:23.663380661Z","labels":{"firebase-functions-hash":"5efaf1777d259b9855b4eeb91a96fbac3aed1a65","deployment-tool":"cli-firebase","deployment-callable":"true"},"environment":"GEN_2","url":"https://us-central1-reservaeldia-7a440.cloudfunctions.net/adminPatchDecorMetadataV1","createTime":"2026-03-02T00:10:40.894463057Z","satisfiesPzi":true},{"name":"projects/reservaeldia-7a440/locations/us-central1/functions/checkPublicSlugAvailability","buildConfig":{"build":"projects/860495975406/locations/us-central1/builds/d3278909-cdf0-44a0-958a-cbc83e468525","runtime":"nodejs20","entryPoint":"checkPublicSlugAvailability","source":{"storageSource":{"bucket":"gcf-v2-sources-860495975406-us-central1","object":"checkPublicSlugAvailability/function-source.zip","generation":"1786034677948576"}},"environmentVariables":{"GOOGLE_NODE_RUN_SCRIPTS":""},"dockerRepository":"projects/reservaeldia-7a440/locations/us-central1/repositories/gcf-artifacts","sourceProvenance":{"resolvedStorageSource":{"bucket":"gcf-v2-sources-860495975406-us-central1","object":"checkPublicSlugAvailability/function-source.zip","generation":"1786034677948576"}},"dockerRegistry":"ARTIFACT_REGISTRY","serviceAccount":"projects/reservaeldia-7a440/serviceAccounts/860495975406-compute@developer.gserviceaccount.com","automaticUpdatePolicy":{}},"serviceConfig":{"service":"projects/reservaeldia-7a440/locations/us-central1/services/checkpublicslugavailability","timeoutSeconds":60,"environmentVariables":{"SUPERADMINS_UIDS":"8mvF9cwdbtYo2leAjO11cNxhaLV2","MERCADO_PAGO_PUBLIC_KEY":"APP_USR-a0795dce-baf8-48f6-98af-4defd053ad42","MERCADO_PAGO_ACCESS_TOKEN":"APP_USR-6752615657925923-021923-055cfbc93701d8acfdd153d25b9c4ac8-3215101753","MERCADO_PAGO_CLIENT_ID":"6752615657925923","MERCADO_PAGO_CLIENT_SECRET":"37OPj64uyGyNK2db7e3GBeqizFIF3fuL","MERCADO_PAGO_WEBHOOK_URL":"https://us-central1-reservaeldia-7a440.cloudfunctions.net/mercadoPagoWebhook","MP_WEBHOOK_SECRET":"27104730db6cc9a5f93bc49e4e3f9c70b22f6090845bf7e56d47f3aa2c1589c5","GOOGLE_MAPS_EMBED_API_KEY":"AIzaSyArR56EXHhdSZ1GmpPXwOELlDkoSK-FYrk","FIREBASE_CONFIG":"{\"projectId\":\"reservaeldia-7a440\",\"storageBucket\":\"reservaeldia-7a440.firebasestorage.app\"}","GCLOUD_PROJECT":"reservaeldia-7a440","EVENTARC_CLOUD_EVENT_SOURCE":"projects/reservaeldia-7a440/locations/us-central1/services/checkPublicSlugAvailability","FUNCTION_TARGET":"checkPublicSlugAvailability","LOG_EXECUTION_ID":"true"},"maxInstanceCount":100,"ingressSettings":"ALLOW_ALL","uri":"https://checkpublicslugavailability-vntxuytzsa-uc.a.run.app","serviceAccountEmail":"860495975406-compute@developer.gserviceaccount.com","availableMemory":"256Mi","allTrafficOnLatestRevision":true,"revision":"checkpublicslugavailability-00232-giq","maxInstanceRequestConcurrency":1,"availableCpu":"0.1666"},"state":"ACTIVE","updateTime":"2026-08-06T16:46:09.880025474Z","labels":{"firebase-functions-hash":"5efaf1777d259b9855b4eeb91a96fbac3aed1a65","deployment-tool":"cli-firebase","deployment-callable":"true"},"environment":"GEN_2","url":"https://us-central1-reservaeldia-7a440.cloudfunctions.net/checkPublicSlugAvailability","createTime":"2026-02-20T09:34:13.101050638Z","satisfiesPzi":true},{"name":"projects/reservaeldia-7a440/locations/us-central1/functions/validateDraftForPublication","buildConfig":{"build":"projects/860495975406/locations/us-central1/builds/c3503ba9-b25a-49e9-a523-0dd176fa3346","runtime":"nodejs20","entryPoint":"validateDraftForPublication","source":{"storageSource":{"bucket":"gcf-v2-sources-860495975406-us-central1","object":"validateDraftForPublication/function-source.zip","generation":"1785243095024338"}},"environmentVariables":{"GOOGLE_NODE_RUN_SCRIPTS":""},"dockerRepository":"projects/reservaeldia-7a440/locations/us-central1/repositories/gcf-artifacts","sourceProvenance":{"resolvedStorageSource":{"bucket":"gcf-v2-sources-860495975406-us-central1","object":"validateDraftForPublication/function-source.zip","generation":"1785243095024338"}},"dockerRegistry":"ARTIFACT_REGISTRY","serviceAccount":"projects/reservaeldia-7a440/serviceAccounts/860495975406-compute@developer.gserviceaccount.com","automaticUpdatePolicy":{}},"serviceConfig":{"service":"projects/reservaeldia-7a440/locations/us-central1/services/validatedraftforpublication","timeoutSeconds":60,"environmentVariables":{"SUPERADMINS_UIDS":"8mvF9cwdbtYo2leAjO11cNxhaLV2","MERCADO_PAGO_PUBLIC_KEY":"APP_USR-a0795dce-baf8-48f6-98af-4defd053ad42","MERCADO_PAGO_ACCESS_TOKEN":"APP_USR-6752615657925923-021923-055cfbc93701d8acfdd153d25b9c4ac8-3215101753","MERCADO_PAGO_CLIENT_ID":"6752615657925923","MERCADO_PAGO_CLIENT_SECRET":"37OPj64uyGyNK2db7e3GBeqizFIF3fuL","MERCADO_PAGO_WEBHOOK_URL":"https://us-central1-reservaeldia-7a440.cloudfunctions.net/mercadoPagoWebhook","MP_WEBHOOK_SECRET":"27104730db6cc9a5f93bc49e4e3f9c70b22f6090845bf7e56d47f3aa2c1589c5","GOOGLE_MAPS_EMBED_API_KEY":"AIzaSyArR56EXHhdSZ1GmpPXwOELlDkoSK-FYrk","FIREBASE_CONFIG":"{\"projectId\":\"reservaeldia-7a440\",\"storageBucket\":\"reservaeldia-7a440.firebasestorage.app\"}","GCLOUD_PROJECT":"reservaeldia-7a440","EVENTARC_CLOUD_EVENT_SOURCE":"projects/reservaeldia-7a440/locations/us-central1/services/validateDraftForPublication","FUNCTION_TARGET":"validateDraftForPublication","LOG_EXECUTION_ID":"true"},"maxInstanceCount":100,"ingressSettings":"ALLOW_ALL","uri":"https://validatedraftforpublication-vntxuytzsa-uc.a.run.app","serviceAccountEmail":"860495975406-compute@developer.gserviceaccount.com","availableMemory":"256Mi","allTrafficOnLatestRevision":true,"revision":"validatedraftforpublication-00099-pep","maxInstanceRequestConcurrency":1,"availableCpu":"0.1666"},"state":"ACTIVE","updateTime":"2026-07-28T12:53:18.498136772Z","labels":{"deployment-callable":"true","firebase-functions-hash":"d122378e98f45effe92711c767be8035f097d07d","deployment-tool":"cli-firebase"},"environment":"GEN_2","url":"https://us-central1-reservaeldia-7a440.cloudfunctions.net/validateDraftForPublication","createTime":"2026-03-24T11:11:10.094478481Z","satisfiesPzi":true},{"name":"projects/reservaeldia-7a440/locations/us-central1/functions/listCountdownPresetsAdmin","buildConfig":{"build":"projects/860495975406/locations/us-central1/builds/cca5cf55-789d-4371-bd8c-c387d4e9200b","runtime":"nodejs20","entryPoint":"listCountdownPresetsAdmin","source":{"storageSource":{"bucket":"gcf-v2-sources-860495975406-us-central1","object":"listCountdownPresetsAdmin/function-source.zip","generation":"1786035316665210"}},"environmentVariables":{"GOOGLE_NODE_RUN_SCRIPTS":""},"dockerRepository":"projects/reservaeldia-7a440/locations/us-central1/repositories/gcf-artifacts","sourceProvenance":{"resolvedStorageSource":{"bucket":"gcf-v2-sources-860495975406-us-central1","object":"listCountdownPresetsAdmin/function-source.zip","generation":"1786035316665210"}},"dockerRegistry":"ARTIFACT_REGISTRY","serviceAccount":"projects/reservaeldia-7a440/serviceAccounts/860495975406-compute@developer.gserviceaccount.com","automaticUpdatePolicy":{}},"serviceConfig":{"service":"projects/reservaeldia-7a440/locations/us-central1/services/listcountdownpresetsadmin","timeoutSeconds":60,"environmentVariables":{"SUPERADMINS_UIDS":"8mvF9cwdbtYo2leAjO11cNxhaLV2","MERCADO_PAGO_PUBLIC_KEY":"APP_USR-a0795dce-baf8-48f6-98af-4defd053ad42","MERCADO_PAGO_ACCESS_TOKEN":"APP_USR-6752615657925923-021923-055cfbc93701d8acfdd153d25b9c4ac8-3215101753","MERCADO_PAGO_CLIENT_ID":"6752615657925923","MERCADO_PAGO_CLIENT_SECRET":"37OPj64uyGyNK2db7e3GBeqizFIF3fuL","MERCADO_PAGO_WEBHOOK_URL":"https://us-central1-reservaeldia-7a440.cloudfunctions.net/mercadoPagoWebhook","MP_WEBHOOK_SECRET":"27104730db6cc9a5f93bc49e4e3f9c70b22f6090845bf7e56d47f3aa2c1589c5","GOOGLE_MAPS_EMBED_API_KEY":"AIzaSyArR56EXHhdSZ1GmpPXwOELlDkoSK-FYrk","FIREBASE_CONFIG":"{\"projectId\":\"reservaeldia-7a440\",\"storageBucket\":\"reservaeldia-7a440.firebasestorage.app\"}","GCLOUD_PROJECT":"reservaeldia-7a440","EVENTARC_CLOUD_EVENT_SOURCE":"projects/reservaeldia-7a440/locations/us-central1/services/listCountdownPresetsAdmin","FUNCTION_TARGET":"listCountdownPresetsAdmin","LOG_EXECUTION_ID":"true","FUNCTION_SIGNATURE_TYPE":"http"},"maxInstanceCount":100,"ingressSettings":"ALLOW_ALL","uri":"https://listcountdownpresetsadmin-vntxuytzsa-uc.a.run.app","serviceAccountEmail":"860495975406-compute@developer.gserviceaccount.com","availableMemory":"256Mi","allTrafficOnLatestRevision":true,"revision":"listcountdownpresetsadmin-00182-kih","maxInstanceRequestConcurrency":1,"availableCpu":"0.1666"},"state":"ACTIVE","updateTime":"2026-08-06T16:55:28.116576503Z","labels":{"deployment-callable":"true","firebase-functions-hash":"5efaf1777d259b9855b4eeb91a96fbac3aed1a65","deployment-tool":"cli-firebase"},"environment":"GEN_2","url":"https://us-central1-reservaeldia-7a440.cloudfunctions.net/listCountdownPresetsAdmin","createTime":"2026-02-27T02:19:52.423473463Z","satisfiesPzi":true},{"name":"projects/reservaeldia-7a440/locations/us-central1/functions/getBusinessAnalyticsOverviewV1","buildConfig":{"build":"projects/860495975406/locations/us-central1/builds/7654573e-d2ef-47e6-84cc-9dd14a77245a","runtime":"nodejs20","entryPoint":"getBusinessAnalyticsOverviewV1","source":{"storageSource":{"bucket":"gcf-v2-sources-860495975406-us-central1","object":"getBusinessAnalyticsOverviewV1/function-source.zip","generation":"1786034837921534"}},"environmentVariables":{"GOOGLE_NODE_RUN_SCRIPTS":""},"dockerRepository":"projects/reservaeldia-7a440/locations/us-central1/repositories/gcf-artifacts","sourceProvenance":{"resolvedStorageSource":{"bucket":"gcf-v2-sources-860495975406-us-central1","object":"getBusinessAnalyticsOverviewV1/function-source.zip","generation":"1786034837921534"}},"dockerRegistry":"ARTIFACT_REGISTRY","serviceAccount":"projects/reservaeldia-7a440/serviceAccounts/860495975406-compute@developer.gserviceaccount.com","automaticUpdatePolicy":{}},"serviceConfig":{"service":"projects/reservaeldia-7a440/locations/us-central1/services/getbusinessanalyticsoverviewv1","timeoutSeconds":60,"environmentVariables":{"SUPERADMINS_UIDS":"8mvF9cwdbtYo2leAjO11cNxhaLV2","MERCADO_PAGO_PUBLIC_KEY":"APP_USR-a0795dce-baf8-48f6-98af-4defd053ad42","MERCADO_PAGO_ACCESS_TOKEN":"APP_USR-6752615657925923-021923-055cfbc93701d8acfdd153d25b9c4ac8-3215101753","MERCADO_PAGO_CLIENT_ID":"6752615657925923","MERCADO_PAGO_CLIENT_SECRET":"37OPj64uyGyNK2db7e3GBeqizFIF3fuL","MERCADO_PAGO_WEBHOOK_URL":"https://us-central1-reservaeldia-7a440.cloudfunctions.net/mercadoPagoWebhook","MP_WEBHOOK_SECRET":"27104730db6cc9a5f93bc49e4e3f9c70b22f6090845bf7e56d47f3aa2c1589c5","GOOGLE_MAPS_EMBED_API_KEY":"AIzaSyArR56EXHhdSZ1GmpPXwOELlDkoSK-FYrk","FIREBASE_CONFIG":"{\"projectId\":\"reservaeldia-7a440\",\"storageBucket\":\"reservaeldia-7a440.firebasestorage.app\"}","GCLOUD_PROJECT":"reservaeldia-7a440","EVENTARC_CLOUD_EVENT_SOURCE":"projects/reservaeldia-7a440/locations/us-central1/services/getBusinessAnalyticsOverviewV1","FUNCTION_TARGET":"getBusinessAnalyticsOverviewV1","LOG_EXECUTION_ID":"true"},"maxInstanceCount":60,"ingressSettings":"ALLOW_ALL","uri":"https://getbusinessanalyticsoverviewv1-vntxuytzsa-uc.a.run.app","serviceAccountEmail":"860495975406-compute@developer.gserviceaccount.com","availableMemory":"512Mi","allTrafficOnLatestRevision":true,"revision":"getbusinessanalyticsoverviewv1-00141-miz","maxInstanceRequestConcurrency":1,"availableCpu":"0.3333"},"state":"ACTIVE","updateTime":"2026-08-06T16:49:07.792992658Z","labels":{"deployment-callable":"true","firebase-functions-hash":"5efaf1777d259b9855b4eeb91a96fbac3aed1a65","deployment-tool":"cli-firebase"},"environment":"GEN_2","url":"https://us-central1-reservaeldia-7a440.cloudfunctions.net/getBusinessAnalyticsOverviewV1","createTime":"2026-03-13T04:33:09.423978319Z","satisfiesPzi":true},{"name":"projects/reservaeldia-7a440/locations/us-central1/functions/adminSetDecorActivationV1","buildConfig":{"build":"projects/860495975406/locations/us-central1/builds/57e95542-d7dd-437d-98c6-b8d327037379","runtime":"nodejs20","entryPoint":"adminSetDecorActivationV1","source":{"storageSource":{"bucket":"gcf-v2-sources-860495975406-us-central1","object":"adminSetDecorActivationV1/function-source.zip","generation":"1786034437812241"}},"environmentVariables":{"GOOGLE_NODE_RUN_SCRIPTS":""},"dockerRepository":"projects/reservaeldia-7a440/locations/us-central1/repositories/gcf-artifacts","sourceProvenance":{"resolvedStorageSource":{"bucket":"gcf-v2-sources-860495975406-us-central1","object":"adminSetDecorActivationV1/function-source.zip","generation":"1786034437812241"}},"dockerRegistry":"ARTIFACT_REGISTRY","serviceAccount":"projects/reservaeldia-7a440/serviceAccounts/860495975406-compute@developer.gserviceaccount.com","automaticUpdatePolicy":{}},"serviceConfig":{"service":"projects/reservaeldia-7a440/locations/us-central1/services/adminsetdecoractivationv1","timeoutSeconds":60,"environmentVariables":{"SUPERADMINS_UIDS":"8mvF9cwdbtYo2leAjO11cNxhaLV2","MERCADO_PAGO_PUBLIC_KEY":"APP_USR-a0795dce-baf8-48f6-98af-4defd053ad42","MERCADO_PAGO_ACCESS_TOKEN":"APP_USR-6752615657925923-021923-055cfbc93701d8acfdd153d25b9c4ac8-3215101753","MERCADO_PAGO_CLIENT_ID":"6752615657925923","MERCADO_PAGO_CLIENT_SECRET":"37OPj64uyGyNK2db7e3GBeqizFIF3fuL","MERCADO_PAGO_WEBHOOK_URL":"https://us-central1-reservaeldia-7a440.cloudfunctions.net/mercadoPagoWebhook","MP_WEBHOOK_SECRET":"27104730db6cc9a5f93bc49e4e3f9c70b22f6090845bf7e56d47f3aa2c1589c5","GOOGLE_MAPS_EMBED_API_KEY":"AIzaSyArR56EXHhdSZ1GmpPXwOELlDkoSK-FYrk","FIREBASE_CONFIG":"{\"projectId\":\"reservaeldia-7a440\",\"storageBucket\":\"reservaeldia-7a440.firebasestorage.app\"}","GCLOUD_PROJECT":"reservaeldia-7a440","EVENTARC_CLOUD_EVENT_SOURCE":"projects/reservaeldia-7a440/locations/us-central1/services/adminSetDecorActivationV1","FUNCTION_TARGET":"adminSetDecorActivationV1","LOG_EXECUTION_ID":"true","FUNCTION_SIGNATURE_TYPE":"http"},"maxInstanceCount":100,"ingressSettings":"ALLOW_ALL","uri":"https://adminsetdecoractivationv1-vntxuytzsa-uc.a.run.app","serviceAccountEmail":"860495975406-compute@developer.gserviceaccount.com","availableMemory":"256Mi","allTrafficOnLatestRevision":true,"revision":"adminsetdecoractivationv1-00181-yax","maxInstanceRequestConcurrency":1,"availableCpu":"0.1666"},"state":"ACTIVE","updateTime":"2026-08-06T16:40:50.887328294Z","labels":{"firebase-functions-hash":"5efaf1777d259b9855b4eeb91a96fbac3aed1a65","deployment-tool":"cli-firebase","deployment-callable":"true"},"environment":"GEN_2","url":"https://us-central1-reservaeldia-7a440.cloudfunctions.net/adminSetDecorActivationV1","createTime":"2026-03-02T00:10:40.997289510Z","satisfiesPzi":true},{"name":"projects/reservaeldia-7a440/locations/us-central1/functions/adminUpsertTemplateEditorialV1","buildConfig":{"build":"projects/860495975406/locations/us-central1/builds/286972ba-d751-4f29-8f90-2c27e53fc4e6","runtime":"nodejs20","entryPoint":"adminUpsertTemplateEditorialV1","source":{"storageSource":{"bucket":"gcf-v2-sources-860495975406-us-central1","object":"adminUpsertTemplateEditorialV1/function-source.zip","generation":"1786034593093543"}},"environmentVariables":{"GOOGLE_NODE_RUN_SCRIPTS":""},"dockerRepository":"projects/reservaeldia-7a440/locations/us-central1/repositories/gcf-artifacts","sourceProvenance":{"resolvedStorageSource":{"bucket":"gcf-v2-sources-860495975406-us-central1","object":"adminUpsertTemplateEditorialV1/function-source.zip","generation":"1786034593093543"}},"dockerRegistry":"ARTIFACT_REGISTRY","serviceAccount":"projects/reservaeldia-7a440/serviceAccounts/860495975406-compute@developer.gserviceaccount.com","automaticUpdatePolicy":{}},"serviceConfig":{"service":"projects/reservaeldia-7a440/locations/us-central1/services/adminupserttemplateeditorialv1","timeoutSeconds":60,"environmentVariables":{"SUPERADMINS_UIDS":"8mvF9cwdbtYo2leAjO11cNxhaLV2","MERCADO_PAGO_PUBLIC_KEY":"APP_USR-a0795dce-baf8-48f6-98af-4defd053ad42","MERCADO_PAGO_ACCESS_TOKEN":"APP_USR-6752615657925923-021923-055cfbc93701d8acfdd153d25b9c4ac8-3215101753","MERCADO_PAGO_CLIENT_ID":"6752615657925923","MERCADO_PAGO_CLIENT_SECRET":"37OPj64uyGyNK2db7e3GBeqizFIF3fuL","MERCADO_PAGO_WEBHOOK_URL":"https://us-central1-reservaeldia-7a440.cloudfunctions.net/mercadoPagoWebhook","MP_WEBHOOK_SECRET":"27104730db6cc9a5f93bc49e4e3f9c70b22f6090845bf7e56d47f3aa2c1589c5","GOOGLE_MAPS_EMBED_API_KEY":"AIzaSyArR56EXHhdSZ1GmpPXwOELlDkoSK-FYrk","FIREBASE_CONFIG":"{\"projectId\":\"reservaeldia-7a440\",\"storageBucket\":\"reservaeldia-7a440.firebasestorage.app\"}","GCLOUD_PROJECT":"reservaeldia-7a440","EVENTARC_CLOUD_EVENT_SOURCE":"projects/reservaeldia-7a440/locations/us-central1/services/adminUpsertTemplateEditorialV1","FUNCTION_TARGET":"adminUpsertTemplateEditorialV1","LOG_EXECUTION_ID":"true","FUNCTION_SIGNATURE_TYPE":"http"},"maxInstanceCount":100,"ingressSettings":"ALLOW_ALL","uri":"https://adminupserttemplateeditorialv1-vntxuytzsa-uc.a.run.app","serviceAccountEmail":"860495975406-compute@developer.gserviceaccount.com","availableMemory":"256Mi","allTrafficOnLatestRevision":true,"revision":"adminupserttemplateeditorialv1-00161-wig","maxInstanceRequestConcurrency":1,"availableCpu":"0.1666"},"state":"ACTIVE","updateTime":"2026-08-06T16:43:35.545870171Z","labels":{"firebase-functions-hash":"5efaf1777d259b9855b4eeb91a96fbac3aed1a65","deployment-tool":"cli-firebase","deployment-callable":"true"},"environment":"GEN_2","url":"https://us-central1-reservaeldia-7a440.cloudfunctions.net/adminUpsertTemplateEditorialV1","createTime":"2026-03-12T21:47:40.842210871Z","satisfiesPzi":true},{"name":"projects/reservaeldia-7a440/locations/us-central1/functions/onDecorCatalogDocWriteV1","buildConfig":{"build":"projects/860495975406/locations/us-central1/builds/60c261c2-c5d1-4ee9-8c1e-0439e139ea86","runtime":"nodejs20","entryPoint":"onDecorCatalogDocWriteV1","source":{"storageSource":{"bucket":"gcf-v2-sources-860495975406-us-central1","object":"onDecorCatalogDocWriteV1/function-source.zip","generation":"1785242813264806"}},"environmentVariables":{"GOOGLE_NODE_RUN_SCRIPTS":""},"dockerRepository":"projects/reservaeldia-7a440/locations/us-central1/repositories/gcf-artifacts","sourceProvenance":{"resolvedStorageSource":{"bucket":"gcf-v2-sources-860495975406-us-central1","object":"onDecorCatalogDocWriteV1/function-source.zip","generation":"1785242813264806"}},"dockerRegistry":"ARTIFACT_REGISTRY","serviceAccount":"projects/reservaeldia-7a440/serviceAccounts/860495975406-compute@developer.gserviceaccount.com","automaticUpdatePolicy":{}},"serviceConfig":{"service":"projects/reservaeldia-7a440/locations/us-central1/services/ondecorcatalogdocwritev1","timeoutSeconds":60,"environmentVariables":{"SUPERADMINS_UIDS":"8mvF9cwdbtYo2leAjO11cNxhaLV2","MERCADO_PAGO_PUBLIC_KEY":"APP_USR-a0795dce-baf8-48f6-98af-4defd053ad42","MERCADO_PAGO_ACCESS_TOKEN":"APP_USR-6752615657925923-021923-055cfbc93701d8acfdd153d25b9c4ac8-3215101753","MERCADO_PAGO_CLIENT_ID":"6752615657925923","MERCADO_PAGO_CLIENT_SECRET":"37OPj64uyGyNK2db7e3GBeqizFIF3fuL","MERCADO_PAGO_WEBHOOK_URL":"https://us-central1-reservaeldia-7a440.cloudfunctions.net/mercadoPagoWebhook","MP_WEBHOOK_SECRET":"27104730db6cc9a5f93bc49e4e3f9c70b22f6090845bf7e56d47f3aa2c1589c5","GOOGLE_MAPS_EMBED_API_KEY":"AIzaSyArR56EXHhdSZ1GmpPXwOELlDkoSK-FYrk","FIREBASE_CONFIG":"{\"projectId\":\"reservaeldia-7a440\",\"storageBucket\":\"reservaeldia-7a440.firebasestorage.app\"}","GCLOUD_PROJECT":"reservaeldia-7a440","EVENTARC_CLOUD_EVENT_SOURCE":"projects/reservaeldia-7a440/locations/us-central1/services/onDecorCatalogDocWriteV1","FUNCTION_SIGNATURE_TYPE":"cloudevent","FUNCTION_TARGET":"onDecorCatalogDocWriteV1","LOG_EXECUTION_ID":"true"},"maxInstanceCount":100,"ingressSettings":"ALLOW_ALL","uri":"https://ondecorcatalogdocwritev1-vntxuytzsa-uc.a.run.app","serviceAccountEmail":"860495975406-compute@developer.gserviceaccount.com","availableMemory":"256Mi","allTrafficOnLatestRevision":true,"revision":"ondecorcatalogdocwritev1-00169-soc","maxInstanceRequestConcurrency":1,"availableCpu":"0.1666"},"eventTrigger":{"trigger":"projects/reservaeldia-7a440/locations/southamerica-east1/triggers/ondecorcatalogdocwritev1-350570","triggerRegion":"southamerica-east1","eventType":"google.cloud.firestore.document.v1.written","eventFilters":[{"attribute":"namespace","value":"(default)"},{"attribute":"document","value":"decoraciones/{decorId}","operator":"match-path-pattern"},{"attribute":"database","value":"(default)"}],"pubsubTopic":"projects/reservaeldia-7a440/topics/eventarc-southamerica-east1-ondecorcatalogdocwritev1-350570-762","serviceAccountEmail":"860495975406-compute@developer.gserviceaccount.com","retryPolicy":"RETRY_POLICY_DO_NOT_RETRY"},"state":"ACTIVE","updateTime":"2026-07-28T12:47:27.338214625Z","labels":{"firebase-functions-hash":"d122378e98f45effe92711c767be8035f097d07d","deployment-tool":"cli-firebase"},"environment":"GEN_2","url":"https://us-central1-reservaeldia-7a440.cloudfunctions.net/onDecorCatalogDocWriteV1","createTime":"2026-03-02T00:10:41.113782771Z","satisfiesPzi":true},{"name":"projects/reservaeldia-7a440/locations/us-central1/functions/adminListIconCatalogV2","buildConfig":{"build":"projects/860495975406/locations/us-central1/builds/bec2d25e-e9f3-42aa-8b95-38038883b25a","runtime":"nodejs20","entryPoint":"adminListIconCatalogV2","source":{"storageSource":{"bucket":"gcf-v2-sources-860495975406-us-central1","object":"adminListIconCatalogV2/function-source.zip","generation":"1786034238575907"}},"environmentVariables":{"GOOGLE_NODE_RUN_SCRIPTS":""},"dockerRepository":"projects/reservaeldia-7a440/locations/us-central1/repositories/gcf-artifacts","sourceProvenance":{"resolvedStorageSource":{"bucket":"gcf-v2-sources-860495975406-us-central1","object":"adminListIconCatalogV2/function-source.zip","generation":"1786034238575907"}},"dockerRegistry":"ARTIFACT_REGISTRY","serviceAccount":"projects/reservaeldia-7a440/serviceAccounts/860495975406-compute@developer.gserviceaccount.com","automaticUpdatePolicy":{}},"serviceConfig":{"service":"projects/reservaeldia-7a440/locations/us-central1/services/adminlisticoncatalogv2","timeoutSeconds":60,"environmentVariables":{"SUPERADMINS_UIDS":"8mvF9cwdbtYo2leAjO11cNxhaLV2","MERCADO_PAGO_PUBLIC_KEY":"APP_USR-a0795dce-baf8-48f6-98af-4defd053ad42","MERCADO_PAGO_ACCESS_TOKEN":"APP_USR-6752615657925923-021923-055cfbc93701d8acfdd153d25b9c4ac8-3215101753","MERCADO_PAGO_CLIENT_ID":"6752615657925923","MERCADO_PAGO_CLIENT_SECRET":"37OPj64uyGyNK2db7e3GBeqizFIF3fuL","MERCADO_PAGO_WEBHOOK_URL":"https://us-central1-reservaeldia-7a440.cloudfunctions.net/mercadoPagoWebhook","MP_WEBHOOK_SECRET":"27104730db6cc9a5f93bc49e4e3f9c70b22f6090845bf7e56d47f3aa2c1589c5","GOOGLE_MAPS_EMBED_API_KEY":"AIzaSyArR56EXHhdSZ1GmpPXwOELlDkoSK-FYrk","FIREBASE_CONFIG":"{\"projectId\":\"reservaeldia-7a440\",\"storageBucket\":\"reservaeldia-7a440.firebasestorage.app\"}","GCLOUD_PROJECT":"reservaeldia-7a440","EVENTARC_CLOUD_EVENT_SOURCE":"projects/reservaeldia-7a440/locations/us-central1/services/adminListIconCatalogV2","FUNCTION_TARGET":"adminListIconCatalogV2","LOG_EXECUTION_ID":"true"},"maxInstanceCount":100,"ingressSettings":"ALLOW_ALL","uri":"https://adminlisticoncatalogv2-vntxuytzsa-uc.a.run.app","serviceAccountEmail":"860495975406-compute@developer.gserviceaccount.com","availableMemory":"256Mi","allTrafficOnLatestRevision":true,"revision":"adminlisticoncatalogv2-00185-cik","maxInstanceRequestConcurrency":1,"availableCpu":"0.1666"},"state":"ACTIVE","updateTime":"2026-08-06T16:38:17.954930622Z","labels":{"deployment-tool":"cli-firebase","deployment-callable":"true","firebase-functions-hash":"5efaf1777d259b9855b4eeb91a96fbac3aed1a65"},"environment":"GEN_2","url":"https://us-central1-reservaeldia-7a440.cloudfunctions.net/adminListIconCatalogV2","createTime":"2026-03-01T13:40:20.985800161Z","satisfiesPzi":true},{"name":"projects/reservaeldia-7a440/locations/us-central1/functions/createPublicationPayment","buildConfig":{"build":"projects/860495975406/locations/us-central1/builds/13d0fd42-8dc2-4627-9b8c-b77a2f57927a","runtime":"nodejs20","entryPoint":"createPublicationPayment","source":{"storageSource":{"bucket":"gcf-v2-sources-860495975406-us-central1","object":"createPublicationPayment/function-source.zip","generation":"1786034677904785"}},"environmentVariables":{"GOOGLE_NODE_RUN_SCRIPTS":""},"dockerRepository":"projects/reservaeldia-7a440/locations/us-central1/repositories/gcf-artifacts","sourceProvenance":{"resolvedStorageSource":{"bucket":"gcf-v2-sources-860495975406-us-central1","object":"createPublicationPayment/function-source.zip","generation":"1786034677904785"}},"dockerRegistry":"ARTIFACT_REGISTRY","serviceAccount":"projects/reservaeldia-7a440/serviceAccounts/860495975406-compute@developer.gserviceaccount.com","automaticUpdatePolicy":{}},"serviceConfig":{"service":"projects/reservaeldia-7a440/locations/us-central1/services/createpublicationpayment","timeoutSeconds":60,"environmentVariables":{"SUPERADMINS_UIDS":"8mvF9cwdbtYo2leAjO11cNxhaLV2","MERCADO_PAGO_PUBLIC_KEY":"APP_USR-a0795dce-baf8-48f6-98af-4defd053ad42","MERCADO_PAGO_ACCESS_TOKEN":"APP_USR-6752615657925923-021923-055cfbc93701d8acfdd153d25b9c4ac8-3215101753","MERCADO_PAGO_CLIENT_ID":"6752615657925923","MERCADO_PAGO_CLIENT_SECRET":"37OPj64uyGyNK2db7e3GBeqizFIF3fuL","MERCADO_PAGO_WEBHOOK_URL":"https://us-central1-reservaeldia-7a440.cloudfunctions.net/mercadoPagoWebhook","MP_WEBHOOK_SECRET":"27104730db6cc9a5f93bc49e4e3f9c70b22f6090845bf7e56d47f3aa2c1589c5","GOOGLE_MAPS_EMBED_API_KEY":"AIzaSyArR56EXHhdSZ1GmpPXwOELlDkoSK-FYrk","FIREBASE_CONFIG":"{\"projectId\":\"reservaeldia-7a440\",\"storageBucket\":\"reservaeldia-7a440.firebasestorage.app\"}","GCLOUD_PROJECT":"reservaeldia-7a440","EVENTARC_CLOUD_EVENT_SOURCE":"projects/reservaeldia-7a440/locations/us-central1/services/createPublicationPayment","FUNCTION_TARGET":"createPublicationPayment","LOG_EXECUTION_ID":"true"},"maxInstanceCount":20,"ingressSettings":"ALLOW_ALL","uri":"https://createpublicationpayment-vntxuytzsa-uc.a.run.app","serviceAccountEmail":"860495975406-compute@developer.gserviceaccount.com","availableMemory":"1024Mi","allTrafficOnLatestRevision":true,"revision":"createpublicationpayment-00243-hax","maxInstanceRequestConcurrency":1,"availableCpu":"1"},"state":"ACTIVE","updateTime":"2026-08-06T16:46:14.523883091Z","labels":{"deployment-tool":"cli-firebase","deployment-callable":"true","firebase-functions-hash":"5efaf1777d259b9855b4eeb91a96fbac3aed1a65"},"environment":"GEN_2","url":"https://us-central1-reservaeldia-7a440.cloudfunctions.net/createPublicationPayment","createTime":"2026-02-20T09:34:13.142544920Z","satisfiesPzi":true},{"name":"projects/reservaeldia-7a440/locations/us-central1/functions/getUsersStats","buildConfig":{"build":"projects/860495975406/locations/us-central1/builds/1d897e22-49c0-4118-9110-b1fdfddc94cc","runtime":"nodejs20","entryPoint":"getUsersStats","source":{"storageSource":{"bucket":"gcf-v2-sources-860495975406-us-central1","object":"getUsersStats/function-source.zip","generation":"1786035079160241"}},"environmentVariables":{"GOOGLE_NODE_RUN_SCRIPTS":""},"dockerRepository":"projects/reservaeldia-7a440/locations/us-central1/repositories/gcf-artifacts","sourceProvenance":{"resolvedStorageSource":{"bucket":"gcf-v2-sources-860495975406-us-central1","object":"getUsersStats/function-source.zip","generation":"1786035079160241"}},"dockerRegistry":"ARTIFACT_REGISTRY","serviceAccount":"projects/reservaeldia-7a440/serviceAccounts/860495975406-compute@developer.gserviceaccount.com","automaticUpdatePolicy":{}},"serviceConfig":{"service":"projects/reservaeldia-7a440/locations/us-central1/services/getusersstats","timeoutSeconds":60,"environmentVariables":{"SUPERADMINS_UIDS":"8mvF9cwdbtYo2leAjO11cNxhaLV2","MERCADO_PAGO_PUBLIC_KEY":"APP_USR-a0795dce-baf8-48f6-98af-4defd053ad42","MERCADO_PAGO_ACCESS_TOKEN":"APP_USR-6752615657925923-021923-055cfbc93701d8acfdd153d25b9c4ac8-3215101753","MERCADO_PAGO_CLIENT_ID":"6752615657925923","MERCADO_PAGO_CLIENT_SECRET":"37OPj64uyGyNK2db7e3GBeqizFIF3fuL","MERCADO_PAGO_WEBHOOK_URL":"https://us-central1-reservaeldia-7a440.cloudfunctions.net/mercadoPagoWebhook","MP_WEBHOOK_SECRET":"27104730db6cc9a5f93bc49e4e3f9c70b22f6090845bf7e56d47f3aa2c1589c5","GOOGLE_MAPS_EMBED_API_KEY":"AIzaSyArR56EXHhdSZ1GmpPXwOELlDkoSK-FYrk","FIREBASE_CONFIG":"{\"projectId\":\"reservaeldia-7a440\",\"storageBucket\":\"reservaeldia-7a440.firebasestorage.app\"}","GCLOUD_PROJECT":"reservaeldia-7a440","EVENTARC_CLOUD_EVENT_SOURCE":"projects/reservaeldia-7a440/locations/us-central1/services/getUsersStats","FUNCTION_TARGET":"getUsersStats","LOG_EXECUTION_ID":"true","FUNCTION_SIGNATURE_TYPE":"http"},"maxInstanceCount":100,"ingressSettings":"ALLOW_ALL","uri":"https://getusersstats-vntxuytzsa-uc.a.run.app","serviceAccountEmail":"860495975406-compute@developer.gserviceaccount.com","availableMemory":"256Mi","allTrafficOnLatestRevision":true,"revision":"getusersstats-00247-sul","maxInstanceRequestConcurrency":1,"availableCpu":"0.1666"},"state":"ACTIVE","updateTime":"2026-08-06T16:51:48.255328976Z","labels":{"deployment-tool":"cli-firebase","deployment-callable":"true","firebase-functions-hash":"5efaf1777d259b9855b4eeb91a96fbac3aed1a65"},"environment":"GEN_2","url":"https://us-central1-reservaeldia-7a440.cloudfunctions.net/getUsersStats","createTime":"2026-02-17T20:24:07.363378600Z","satisfiesPzi":true},{"name":"projects/reservaeldia-7a440/locations/us-central1/functions/adminSetIconActivationV2","buildConfig":{"build":"projects/860495975406/locations/us-central1/builds/57e95542-d7dd-437d-98c6-b8d327037379","runtime":"nodejs20","entryPoint":"adminSetIconActivationV2","source":{"storageSource":{"bucket":"gcf-v2-sources-860495975406-us-central1","object":"adminSetIconActivationV2/function-source.zip","generation":"1786034438365872"}},"environmentVariables":{"GOOGLE_NODE_RUN_SCRIPTS":""},"dockerRepository":"projects/reservaeldia-7a440/locations/us-central1/repositories/gcf-artifacts","sourceProvenance":{"resolvedStorageSource":{"bucket":"gcf-v2-sources-860495975406-us-central1","object":"adminSetIconActivationV2/function-source.zip","generation":"1786034438365872"}},"dockerRegistry":"ARTIFACT_REGISTRY","serviceAccount":"projects/reservaeldia-7a440/serviceAccounts/860495975406-compute@developer.gserviceaccount.com","automaticUpdatePolicy":{}},"serviceConfig":{"service":"projects/reservaeldia-7a440/locations/us-central1/services/adminseticonactivationv2","timeoutSeconds":60,"environmentVariables":{"SUPERADMINS_UIDS":"8mvF9cwdbtYo2leAjO11cNxhaLV2","MERCADO_PAGO_PUBLIC_KEY":"APP_USR-a0795dce-baf8-48f6-98af-4defd053ad42","MERCADO_PAGO_ACCESS_TOKEN":"APP_USR-6752615657925923-021923-055cfbc93701d8acfdd153d25b9c4ac8-3215101753","MERCADO_PAGO_CLIENT_ID":"6752615657925923","MERCADO_PAGO_CLIENT_SECRET":"37OPj64uyGyNK2db7e3GBeqizFIF3fuL","MERCADO_PAGO_WEBHOOK_URL":"https://us-central1-reservaeldia-7a440.cloudfunctions.net/mercadoPagoWebhook","MP_WEBHOOK_SECRET":"27104730db6cc9a5f93bc49e4e3f9c70b22f6090845bf7e56d47f3aa2c1589c5","GOOGLE_MAPS_EMBED_API_KEY":"AIzaSyArR56EXHhdSZ1GmpPXwOELlDkoSK-FYrk","FIREBASE_CONFIG":"{\"projectId\":\"reservaeldia-7a440\",\"storageBucket\":\"reservaeldia-7a440.firebasestorage.app\"}","GCLOUD_PROJECT":"reservaeldia-7a440","EVENTARC_CLOUD_EVENT_SOURCE":"projects/reservaeldia-7a440/locations/us-central1/services/adminSetIconActivationV2","FUNCTION_TARGET":"adminSetIconActivationV2","LOG_EXECUTION_ID":"true","FUNCTION_SIGNATURE_TYPE":"http"},"maxInstanceCount":100,"ingressSettings":"ALLOW_ALL","uri":"https://adminseticonactivationv2-vntxuytzsa-uc.a.run.app","serviceAccountEmail":"860495975406-compute@developer.gserviceaccount.com","availableMemory":"256Mi","allTrafficOnLatestRevision":true,"revision":"adminseticonactivationv2-00184-joy","maxInstanceRequestConcurrency":1,"availableCpu":"0.1666"},"state":"ACTIVE","updateTime":"2026-08-06T16:40:49.078967675Z","labels":{"deployment-callable":"true","firebase-functions-hash":"5efaf1777d259b9855b4eeb91a96fbac3aed1a65","deployment-tool":"cli-firebase"},"environment":"GEN_2","url":"https://us-central1-reservaeldia-7a440.cloudfunctions.net/adminSetIconActivationV2","createTime":"2026-03-01T13:41:06.366138944Z","satisfiesPzi":true},{"name":"projects/reservaeldia-7a440/locations/us-central1/functions/listPublicationDiscountCodes","buildConfig":{"build":"projects/860495975406/locations/us-central1/builds/073e72e2-5b74-47e3-8862-a1660b112ffe","runtime":"nodejs20","entryPoint":"listPublicationDiscountCodes","source":{"storageSource":{"bucket":"gcf-v2-sources-860495975406-us-central1","object":"listPublicationDiscountCodes/function-source.zip","generation":"1785242812135127"}},"environmentVariables":{"GOOGLE_NODE_RUN_SCRIPTS":""},"dockerRepository":"projects/reservaeldia-7a440/locations/us-central1/repositories/gcf-artifacts","sourceProvenance":{"resolvedStorageSource":{"bucket":"gcf-v2-sources-860495975406-us-central1","object":"listPublicationDiscountCodes/function-source.zip","generation":"1785242812135127"}},"dockerRegistry":"ARTIFACT_REGISTRY","serviceAccount":"projects/reservaeldia-7a440/serviceAccounts/860495975406-compute@developer.gserviceaccount.com","automaticUpdatePolicy":{}},"serviceConfig":{"service":"projects/reservaeldia-7a440/locations/us-central1/services/listpublicationdiscountcodes","timeoutSeconds":60,"environmentVariables":{"SUPERADMINS_UIDS":"8mvF9cwdbtYo2leAjO11cNxhaLV2","MERCADO_PAGO_PUBLIC_KEY":"APP_USR-a0795dce-baf8-48f6-98af-4defd053ad42","MERCADO_PAGO_ACCESS_TOKEN":"APP_USR-6752615657925923-021923-055cfbc93701d8acfdd153d25b9c4ac8-3215101753","MERCADO_PAGO_CLIENT_ID":"6752615657925923","MERCADO_PAGO_CLIENT_SECRET":"37OPj64uyGyNK2db7e3GBeqizFIF3fuL","MERCADO_PAGO_WEBHOOK_URL":"https://us-central1-reservaeldia-7a440.cloudfunctions.net/mercadoPagoWebhook","MP_WEBHOOK_SECRET":"27104730db6cc9a5f93bc49e4e3f9c70b22f6090845bf7e56d47f3aa2c1589c5","GOOGLE_MAPS_EMBED_API_KEY":"AIzaSyArR56EXHhdSZ1GmpPXwOELlDkoSK-FYrk","FIREBASE_CONFIG":"{\"projectId\":\"reservaeldia-7a440\",\"storageBucket\":\"reservaeldia-7a440.firebasestorage.app\"}","GCLOUD_PROJECT":"reservaeldia-7a440","EVENTARC_CLOUD_EVENT_SOURCE":"projects/reservaeldia-7a440/locations/us-central1/services/listPublicationDiscountCodes","FUNCTION_TARGET":"listPublicationDiscountCodes","LOG_EXECUTION_ID":"true","FUNCTION_SIGNATURE_TYPE":"http"},"maxInstanceCount":100,"ingressSettings":"ALLOW_ALL","uri":"https://listpublicationdiscountcodes-vntxuytzsa-uc.a.run.app","serviceAccountEmail":"860495975406-compute@developer.gserviceaccount.com","availableMemory":"256Mi","allTrafficOnLatestRevision":true,"revision":"listpublicationdiscountcodes-00217-xun","maxInstanceRequestConcurrency":1,"availableCpu":"0.1666"},"state":"ACTIVE","updateTime":"2026-07-28T12:47:26.124809924Z","labels":{"deployment-tool":"cli-firebase","deployment-callable":"true","firebase-functions-hash":"d122378e98f45effe92711c767be8035f097d07d"},"environment":"GEN_2","url":"https://us-central1-reservaeldia-7a440.cloudfunctions.net/listPublicationDiscountCodes","createTime":"2026-02-20T14:28:35.588322066Z","satisfiesPzi":true},{"name":"projects/reservaeldia-7a440/locations/us-central1/functions/copiarPlantillaHTML","buildConfig":{"build":"projects/860495975406/locations/us-central1/builds/8ce2ba43-ac9e-4f0f-b576-ddda1866a519","runtime":"nodejs20","entryPoint":"copiarPlantillaHTML","source":{"storageSource":{"bucket":"gcf-v2-sources-860495975406-us-central1","object":"copiarPlantillaHTML/function-source.zip","generation":"1786034733082482"}},"environmentVariables":{"GOOGLE_NODE_RUN_SCRIPTS":""},"dockerRepository":"projects/reservaeldia-7a440/locations/us-central1/repositories/gcf-artifacts","sourceProvenance":{"resolvedStorageSource":{"bucket":"gcf-v2-sources-860495975406-us-central1","object":"copiarPlantillaHTML/function-source.zip","generation":"1786034733082482"}},"dockerRegistry":"ARTIFACT_REGISTRY","serviceAccount":"projects/reservaeldia-7a440/serviceAccounts/860495975406-compute@developer.gserviceaccount.com","automaticUpdatePolicy":{}},"serviceConfig":{"service":"projects/reservaeldia-7a440/locations/us-central1/services/copiarplantillahtml","timeoutSeconds":60,"environmentVariables":{"SUPERADMINS_UIDS":"8mvF9cwdbtYo2leAjO11cNxhaLV2","MERCADO_PAGO_PUBLIC_KEY":"APP_USR-a0795dce-baf8-48f6-98af-4defd053ad42","MERCADO_PAGO_ACCESS_TOKEN":"APP_USR-6752615657925923-021923-055cfbc93701d8acfdd153d25b9c4ac8-3215101753","MERCADO_PAGO_CLIENT_ID":"6752615657925923","MERCADO_PAGO_CLIENT_SECRET":"37OPj64uyGyNK2db7e3GBeqizFIF3fuL","MERCADO_PAGO_WEBHOOK_URL":"https://us-central1-reservaeldia-7a440.cloudfunctions.net/mercadoPagoWebhook","MP_WEBHOOK_SECRET":"27104730db6cc9a5f93bc49e4e3f9c70b22f6090845bf7e56d47f3aa2c1589c5","GOOGLE_MAPS_EMBED_API_KEY":"AIzaSyArR56EXHhdSZ1GmpPXwOELlDkoSK-FYrk","FIREBASE_CONFIG":"{\"projectId\":\"reservaeldia-7a440\",\"storageBucket\":\"reservaeldia-7a440.firebasestorage.app\"}","GCLOUD_PROJECT":"reservaeldia-7a440","EVENTARC_CLOUD_EVENT_SOURCE":"projects/reservaeldia-7a440/locations/us-central1/services/copiarPlantillaHTML","FUNCTION_TARGET":"copiarPlantillaHTML","LOG_EXECUTION_ID":"true","FUNCTION_SIGNATURE_TYPE":"http"},"maxInstanceCount":100,"ingressSettings":"ALLOW_ALL","uri":"https://copiarplantillahtml-vntxuytzsa-uc.a.run.app","serviceAccountEmail":"860495975406-compute@developer.gserviceaccount.com","availableMemory":"256Mi","allTrafficOnLatestRevision":true,"revision":"copiarplantillahtml-00481-lux","maxInstanceRequestConcurrency":1,"availableCpu":"0.1666"},"state":"ACTIVE","updateTime":"2026-08-06T16:46:08.415986760Z","labels":{"firebase-functions-hash":"5efaf1777d259b9855b4eeb91a96fbac3aed1a65","deployment-tool":"cli-firebase","deployment-callable":"true"},"environment":"GEN_2","url":"https://us-central1-reservaeldia-7a440.cloudfunctions.net/copiarPlantillaHTML","createTime":"2025-05-25T19:25:36.456258747Z","satisfiesPzi":true},{"name":"projects/reservaeldia-7a440/locations/us-central1/functions/adminListTemplateTagsV1","buildConfig":{"build":"projects/860495975406/locations/us-central1/builds/bec2d25e-e9f3-42aa-8b95-38038883b25a","runtime":"nodejs20","entryPoint":"adminListTemplateTagsV1","source":{"storageSource":{"bucket":"gcf-v2-sources-860495975406-us-central1","object":"adminListTemplateTagsV1/function-source.zip","generation":"1786034292434049"}},"environmentVariables":{"GOOGLE_NODE_RUN_SCRIPTS":""},"dockerRepository":"projects/reservaeldia-7a440/locations/us-central1/repositories/gcf-artifacts","sourceProvenance":{"resolvedStorageSource":{"bucket":"gcf-v2-sources-860495975406-us-central1","object":"adminListTemplateTagsV1/function-source.zip","generation":"1786034292434049"}},"dockerRegistry":"ARTIFACT_REGISTRY","serviceAccount":"projects/reservaeldia-7a440/serviceAccounts/860495975406-compute@developer.gserviceaccount.com","automaticUpdatePolicy":{}},"serviceConfig":{"service":"projects/reservaeldia-7a440/locations/us-central1/services/adminlisttemplatetagsv1","timeoutSeconds":60,"environmentVariables":{"SUPERADMINS_UIDS":"8mvF9cwdbtYo2leAjO11cNxhaLV2","MERCADO_PAGO_PUBLIC_KEY":"APP_USR-a0795dce-baf8-48f6-98af-4defd053ad42","MERCADO_PAGO_ACCESS_TOKEN":"APP_USR-6752615657925923-021923-055cfbc93701d8acfdd153d25b9c4ac8-3215101753","MERCADO_PAGO_CLIENT_ID":"6752615657925923","MERCADO_PAGO_CLIENT_SECRET":"37OPj64uyGyNK2db7e3GBeqizFIF3fuL","MERCADO_PAGO_WEBHOOK_URL":"https://us-central1-reservaeldia-7a440.cloudfunctions.net/mercadoPagoWebhook","MP_WEBHOOK_SECRET":"27104730db6cc9a5f93bc49e4e3f9c70b22f6090845bf7e56d47f3aa2c1589c5","GOOGLE_MAPS_EMBED_API_KEY":"AIzaSyArR56EXHhdSZ1GmpPXwOELlDkoSK-FYrk","FIREBASE_CONFIG":"{\"projectId\":\"reservaeldia-7a440\",\"storageBucket\":\"reservaeldia-7a440.firebasestorage.app\"}","GCLOUD_PROJECT":"reservaeldia-7a440","EVENTARC_CLOUD_EVENT_SOURCE":"projects/reservaeldia-7a440/locations/us-central1/services/adminListTemplateTagsV1","FUNCTION_TARGET":"adminListTemplateTagsV1","LOG_EXECUTION_ID":"true","FUNCTION_SIGNATURE_TYPE":"http"},"maxInstanceCount":100,"ingressSettings":"ALLOW_ALL","uri":"https://adminlisttemplatetagsv1-vntxuytzsa-uc.a.run.app","serviceAccountEmail":"860495975406-compute@developer.gserviceaccount.com","availableMemory":"256Mi","allTrafficOnLatestRevision":true,"revision":"adminlisttemplatetagsv1-00165-ful","maxInstanceRequestConcurrency":1,"availableCpu":"0.1666"},"state":"ACTIVE","updateTime":"2026-08-06T16:38:23.906182433Z","labels":{"deployment-callable":"true","firebase-functions-hash":"5efaf1777d259b9855b4eeb91a96fbac3aed1a65","deployment-tool":"cli-firebase"},"environment":"GEN_2","url":"https://us-central1-reservaeldia-7a440.cloudfunctions.net/adminListTemplateTagsV1","createTime":"2026-03-12T21:47:40.092519445Z","satisfiesPzi":true},{"name":"projects/reservaeldia-7a440/locations/us-central1/functions/createPublicationCheckoutSession","buildConfig":{"build":"projects/860495975406/locations/us-central1/builds/d3278909-cdf0-44a0-958a-cbc83e468525","runtime":"nodejs20","entryPoint":"createPublicationCheckoutSession","source":{"storageSource":{"bucket":"gcf-v2-sources-860495975406-us-central1","object":"createPublicationCheckoutSession/function-source.zip","generation":"1786034742763384"}},"environmentVariables":{"GOOGLE_NODE_RUN_SCRIPTS":""},"dockerRepository":"projects/reservaeldia-7a440/locations/us-central1/repositories/gcf-artifacts","sourceProvenance":{"resolvedStorageSource":{"bucket":"gcf-v2-sources-860495975406-us-central1","object":"createPublicationCheckoutSession/function-source.zip","generation":"1786034742763384"}},"dockerRegistry":"ARTIFACT_REGISTRY","serviceAccount":"projects/reservaeldia-7a440/serviceAccounts/860495975406-compute@developer.gserviceaccount.com","automaticUpdatePolicy":{}},"serviceConfig":{"service":"projects/reservaeldia-7a440/locations/us-central1/services/createpublicationcheckoutsession","timeoutSeconds":60,"environmentVariables":{"SUPERADMINS_UIDS":"8mvF9cwdbtYo2leAjO11cNxhaLV2","MERCADO_PAGO_PUBLIC_KEY":"APP_USR-a0795dce-baf8-48f6-98af-4defd053ad42","MERCADO_PAGO_ACCESS_TOKEN":"APP_USR-6752615657925923-021923-055cfbc93701d8acfdd153d25b9c4ac8-3215101753","MERCADO_PAGO_CLIENT_ID":"6752615657925923","MERCADO_PAGO_CLIENT_SECRET":"37OPj64uyGyNK2db7e3GBeqizFIF3fuL","MERCADO_PAGO_WEBHOOK_URL":"https://us-central1-reservaeldia-7a440.cloudfunctions.net/mercadoPagoWebhook","MP_WEBHOOK_SECRET":"27104730db6cc9a5f93bc49e4e3f9c70b22f6090845bf7e56d47f3aa2c1589c5","GOOGLE_MAPS_EMBED_API_KEY":"AIzaSyArR56EXHhdSZ1GmpPXwOELlDkoSK-FYrk","FIREBASE_CONFIG":"{\"projectId\":\"reservaeldia-7a440\",\"storageBucket\":\"reservaeldia-7a440.firebasestorage.app\"}","GCLOUD_PROJECT":"reservaeldia-7a440","EVENTARC_CLOUD_EVENT_SOURCE":"projects/reservaeldia-7a440/locations/us-central1/services/createPublicationCheckoutSession","FUNCTION_TARGET":"createPublicationCheckoutSession","LOG_EXECUTION_ID":"true","FUNCTION_SIGNATURE_TYPE":"http"},"maxInstanceCount":100,"ingressSettings":"ALLOW_ALL","uri":"https://createpublicationcheckoutsession-vntxuytzsa-uc.a.run.app","serviceAccountEmail":"860495975406-compute@developer.gserviceaccount.com","availableMemory":"256Mi","allTrafficOnLatestRevision":true,"revision":"createpublicationcheckoutsession-00239-jed","maxInstanceRequestConcurrency":1,"availableCpu":"0.1666"},"state":"ACTIVE","updateTime":"2026-08-06T16:46:09.215487473Z","labels":{"deployment-tool":"cli-firebase","deployment-callable":"true","firebase-functions-hash":"5efaf1777d259b9855b4eeb91a96fbac3aed1a65"},"environment":"GEN_2","url":"https://us-central1-reservaeldia-7a440.cloudfunctions.net/createPublicationCheckoutSession","createTime":"2026-02-20T09:35:09.283377536Z","satisfiesPzi":true},{"name":"projects/reservaeldia-7a440/locations/us-central1/functions/adminRebuildBusinessAnalyticsV1","buildConfig":{"build":"projects/860495975406/locations/us-central1/builds/479635c0-a469-45b5-a315-7c3f5537c8d6","runtime":"nodejs20","entryPoint":"adminRebuildBusinessAnalyticsV1","source":{"storageSource":{"bucket":"gcf-v2-sources-860495975406-us-central1","object":"adminRebuildBusinessAnalyticsV1/function-source.zip","generation":"1786034373739048"}},"environmentVariables":{"GOOGLE_NODE_RUN_SCRIPTS":""},"dockerRepository":"projects/reservaeldia-7a440/locations/us-central1/repositories/gcf-artifacts","sourceProvenance":{"resolvedStorageSource":{"bucket":"gcf-v2-sources-860495975406-us-central1","object":"adminRebuildBusinessAnalyticsV1/function-source.zip","generation":"1786034373739048"}},"dockerRegistry":"ARTIFACT_REGISTRY","serviceAccount":"projects/reservaeldia-7a440/serviceAccounts/860495975406-compute@developer.gserviceaccount.com","automaticUpdatePolicy":{}},"serviceConfig":{"service":"projects/reservaeldia-7a440/locations/us-central1/services/adminrebuildbusinessanalyticsv1","timeoutSeconds":60,"environmentVariables":{"SUPERADMINS_UIDS":"8mvF9cwdbtYo2leAjO11cNxhaLV2","MERCADO_PAGO_PUBLIC_KEY":"APP_USR-a0795dce-baf8-48f6-98af-4defd053ad42","MERCADO_PAGO_ACCESS_TOKEN":"APP_USR-6752615657925923-021923-055cfbc93701d8acfdd153d25b9c4ac8-3215101753","MERCADO_PAGO_CLIENT_ID":"6752615657925923","MERCADO_PAGO_CLIENT_SECRET":"37OPj64uyGyNK2db7e3GBeqizFIF3fuL","MERCADO_PAGO_WEBHOOK_URL":"https://us-central1-reservaeldia-7a440.cloudfunctions.net/mercadoPagoWebhook","MP_WEBHOOK_SECRET":"27104730db6cc9a5f93bc49e4e3f9c70b22f6090845bf7e56d47f3aa2c1589c5","GOOGLE_MAPS_EMBED_API_KEY":"AIzaSyArR56EXHhdSZ1GmpPXwOELlDkoSK-FYrk","FIREBASE_CONFIG":"{\"projectId\":\"reservaeldia-7a440\",\"storageBucket\":\"reservaeldia-7a440.firebasestorage.app\"}","GCLOUD_PROJECT":"reservaeldia-7a440","EVENTARC_CLOUD_EVENT_SOURCE":"projects/reservaeldia-7a440/locations/us-central1/services/adminRebuildBusinessAnalyticsV1","FUNCTION_TARGET":"adminRebuildBusinessAnalyticsV1","LOG_EXECUTION_ID":"true"},"maxInstanceCount":60,"ingressSettings":"ALLOW_ALL","uri":"https://adminrebuildbusinessanalyticsv1-vntxuytzsa-uc.a.run.app","serviceAccountEmail":"860495975406-compute@developer.gserviceaccount.com","availableMemory":"512Mi","allTrafficOnLatestRevision":true,"revision":"adminrebuildbusinessanalyticsv1-00146-tev","maxInstanceRequestConcurrency":1,"availableCpu":"0.3333"},"state":"ACTIVE","updateTime":"2026-08-06T16:40:41.039012733Z","labels":{"deployment-tool":"cli-firebase","deployment-callable":"true","firebase-functions-hash":"5efaf1777d259b9855b4eeb91a96fbac3aed1a65"},"environment":"GEN_2","url":"https://us-central1-reservaeldia-7a440.cloudfunctions.net/adminRebuildBusinessAnalyticsV1","createTime":"2026-03-13T04:33:09.404113626Z","satisfiesPzi":true},{"name":"projects/reservaeldia-7a440/locations/us-central1/functions/transitionPublishedInvitationState","buildConfig":{"build":"projects/860495975406/locations/us-central1/builds/c3503ba9-b25a-49e9-a523-0dd176fa3346","runtime":"nodejs20","entryPoint":"transitionPublishedInvitationState","source":{"storageSource":{"bucket":"gcf-v2-sources-860495975406-us-central1","object":"transitionPublishedInvitationState/function-source.zip","generation":"1785243150506006"}},"environmentVariables":{"GOOGLE_NODE_RUN_SCRIPTS":""},"dockerRepository":"projects/reservaeldia-7a440/locations/us-central1/repositories/gcf-artifacts","sourceProvenance":{"resolvedStorageSource":{"bucket":"gcf-v2-sources-860495975406-us-central1","object":"transitionPublishedInvitationState/function-source.zip","generation":"1785243150506006"}},"dockerRegistry":"ARTIFACT_REGISTRY","serviceAccount":"projects/reservaeldia-7a440/serviceAccounts/860495975406-compute@developer.gserviceaccount.com","automaticUpdatePolicy":{}},"serviceConfig":{"service":"projects/reservaeldia-7a440/locations/us-central1/services/transitionpublishedinvitationstate","timeoutSeconds":60,"environmentVariables":{"SUPERADMINS_UIDS":"8mvF9cwdbtYo2leAjO11cNxhaLV2","MERCADO_PAGO_PUBLIC_KEY":"APP_USR-a0795dce-baf8-48f6-98af-4defd053ad42","MERCADO_PAGO_ACCESS_TOKEN":"APP_USR-6752615657925923-021923-055cfbc93701d8acfdd153d25b9c4ac8-3215101753","MERCADO_PAGO_CLIENT_ID":"6752615657925923","MERCADO_PAGO_CLIENT_SECRET":"37OPj64uyGyNK2db7e3GBeqizFIF3fuL","MERCADO_PAGO_WEBHOOK_URL":"https://us-central1-reservaeldia-7a440.cloudfunctions.net/mercadoPagoWebhook","MP_WEBHOOK_SECRET":"27104730db6cc9a5f93bc49e4e3f9c70b22f6090845bf7e56d47f3aa2c1589c5","GOOGLE_MAPS_EMBED_API_KEY":"AIzaSyArR56EXHhdSZ1GmpPXwOELlDkoSK-FYrk","FIREBASE_CONFIG":"{\"projectId\":\"reservaeldia-7a440\",\"storageBucket\":\"reservaeldia-7a440.firebasestorage.app\"}","GCLOUD_PROJECT":"reservaeldia-7a440","EVENTARC_CLOUD_EVENT_SOURCE":"projects/reservaeldia-7a440/locations/us-central1/services/transitionPublishedInvitationState","FUNCTION_TARGET":"transitionPublishedInvitationState","LOG_EXECUTION_ID":"true","FUNCTION_SIGNATURE_TYPE":"http"},"maxInstanceCount":100,"ingressSettings":"ALLOW_ALL","uri":"https://transitionpublishedinvitationstate-vntxuytzsa-uc.a.run.app","serviceAccountEmail":"860495975406-compute@developer.gserviceaccount.com","availableMemory":"256Mi","allTrafficOnLatestRevision":true,"revision":"transitionpublishedinvitationstate-00161-yum","maxInstanceRequestConcurrency":1,"availableCpu":"0.1666"},"state":"ACTIVE","updateTime":"2026-07-28T12:53:16.892400619Z","labels":{"deployment-callable":"true","firebase-functions-hash":"d122378e98f45effe92711c767be8035f097d07d","deployment-tool":"cli-firebase"},"environment":"GEN_2","url":"https://us-central1-reservaeldia-7a440.cloudfunctions.net/transitionPublishedInvitationState","createTime":"2026-02-26T14:14:59.599665528Z","satisfiesPzi":true},{"name":"projects/reservaeldia-7a440/locations/us-central1/functions/adminListTemplateTrashV1","buildConfig":{"build":"projects/860495975406/locations/us-central1/builds/bec2d25e-e9f3-42aa-8b95-38038883b25a","runtime":"nodejs20","entryPoint":"adminListTemplateTrashV1","source":{"storageSource":{"bucket":"gcf-v2-sources-860495975406-us-central1","object":"adminListTemplateTrashV1/function-source.zip","generation":"1786034293097896"}},"environmentVariables":{"GOOGLE_NODE_RUN_SCRIPTS":""},"dockerRepository":"projects/reservaeldia-7a440/locations/us-central1/repositories/gcf-artifacts","sourceProvenance":{"resolvedStorageSource":{"bucket":"gcf-v2-sources-860495975406-us-central1","object":"adminListTemplateTrashV1/function-source.zip","generation":"1786034293097896"}},"dockerRegistry":"ARTIFACT_REGISTRY","serviceAccount":"projects/reservaeldia-7a440/serviceAccounts/860495975406-compute@developer.gserviceaccount.com","automaticUpdatePolicy":{}},"serviceConfig":{"service":"projects/reservaeldia-7a440/locations/us-central1/services/adminlisttemplatetrashv1","timeoutSeconds":60,"environmentVariables":{"SUPERADMINS_UIDS":"8mvF9cwdbtYo2leAjO11cNxhaLV2","MERCADO_PAGO_PUBLIC_KEY":"APP_USR-a0795dce-baf8-48f6-98af-4defd053ad42","MERCADO_PAGO_ACCESS_TOKEN":"APP_USR-6752615657925923-021923-055cfbc93701d8acfdd153d25b9c4ac8-3215101753","MERCADO_PAGO_CLIENT_ID":"6752615657925923","MERCADO_PAGO_CLIENT_SECRET":"37OPj64uyGyNK2db7e3GBeqizFIF3fuL","MERCADO_PAGO_WEBHOOK_URL":"https://us-central1-reservaeldia-7a440.cloudfunctions.net/mercadoPagoWebhook","MP_WEBHOOK_SECRET":"27104730db6cc9a5f93bc49e4e3f9c70b22f6090845bf7e56d47f3aa2c1589c5","GOOGLE_MAPS_EMBED_API_KEY":"AIzaSyArR56EXHhdSZ1GmpPXwOELlDkoSK-FYrk","FIREBASE_CONFIG":"{\"projectId\":\"reservaeldia-7a440\",\"storageBucket\":\"reservaeldia-7a440.firebasestorage.app\"}","GCLOUD_PROJECT":"reservaeldia-7a440","EVENTARC_CLOUD_EVENT_SOURCE":"projects/reservaeldia-7a440/locations/us-central1/services/adminListTemplateTrashV1","FUNCTION_TARGET":"adminListTemplateTrashV1","LOG_EXECUTION_ID":"true","FUNCTION_SIGNATURE_TYPE":"http"},"maxInstanceCount":100,"ingressSettings":"ALLOW_ALL","uri":"https://adminlisttemplatetrashv1-vntxuytzsa-uc.a.run.app","serviceAccountEmail":"860495975406-compute@developer.gserviceaccount.com","availableMemory":"256Mi","allTrafficOnLatestRevision":true,"revision":"adminlisttemplatetrashv1-00162-cuc","maxInstanceRequestConcurrency":1,"availableCpu":"0.1666"},"state":"ACTIVE","updateTime":"2026-08-06T16:38:25.206882368Z","labels":{"firebase-functions-hash":"5efaf1777d259b9855b4eeb91a96fbac3aed1a65","deployment-tool":"cli-firebase","deployment-callable":"true"},"environment":"GEN_2","url":"https://us-central1-reservaeldia-7a440.cloudfunctions.net/adminListTemplateTrashV1","createTime":"2026-03-13T01:29:35.092695719Z","satisfiesPzi":true},{"name":"projects/reservaeldia-7a440/locations/us-central1/functions/archiveCountdownPreset","buildConfig":{"build":"projects/860495975406/locations/us-central1/builds/cca5cf55-789d-4371-bd8c-c387d4e9200b","runtime":"nodejs20","entryPoint":"archiveCountdownPreset","source":{"storageSource":{"bucket":"gcf-v2-sources-860495975406-us-central1","object":"archiveCountdownPreset/function-source.zip","generation":"1786035316600703"}},"environmentVariables":{"GOOGLE_NODE_RUN_SCRIPTS":""},"dockerRepository":"projects/reservaeldia-7a440/locations/us-central1/repositories/gcf-artifacts","sourceProvenance":{"resolvedStorageSource":{"bucket":"gcf-v2-sources-860495975406-us-central1","object":"archiveCountdownPreset/function-source.zip","generation":"1786035316600703"}},"dockerRegistry":"ARTIFACT_REGISTRY","serviceAccount":"projects/reservaeldia-7a440/serviceAccounts/860495975406-compute@developer.gserviceaccount.com","automaticUpdatePolicy":{}},"serviceConfig":{"service":"projects/reservaeldia-7a440/locations/us-central1/services/archivecountdownpreset","timeoutSeconds":60,"environmentVariables":{"SUPERADMINS_UIDS":"8mvF9cwdbtYo2leAjO11cNxhaLV2","MERCADO_PAGO_PUBLIC_KEY":"APP_USR-a0795dce-baf8-48f6-98af-4defd053ad42","MERCADO_PAGO_ACCESS_TOKEN":"APP_USR-6752615657925923-021923-055cfbc93701d8acfdd153d25b9c4ac8-3215101753","MERCADO_PAGO_CLIENT_ID":"6752615657925923","MERCADO_PAGO_CLIENT_SECRET":"37OPj64uyGyNK2db7e3GBeqizFIF3fuL","MERCADO_PAGO_WEBHOOK_URL":"https://us-central1-reservaeldia-7a440.cloudfunctions.net/mercadoPagoWebhook","MP_WEBHOOK_SECRET":"27104730db6cc9a5f93bc49e4e3f9c70b22f6090845bf7e56d47f3aa2c1589c5","GOOGLE_MAPS_EMBED_API_KEY":"AIzaSyArR56EXHhdSZ1GmpPXwOELlDkoSK-FYrk","FIREBASE_CONFIG":"{\"projectId\":\"reservaeldia-7a440\",\"storageBucket\":\"reservaeldia-7a440.firebasestorage.app\"}","GCLOUD_PROJECT":"reservaeldia-7a440","EVENTARC_CLOUD_EVENT_SOURCE":"projects/reservaeldia-7a440/locations/us-central1/services/archiveCountdownPreset","FUNCTION_TARGET":"archiveCountdownPreset","LOG_EXECUTION_ID":"true","FUNCTION_SIGNATURE_TYPE":"http"},"maxInstanceCount":100,"ingressSettings":"ALLOW_ALL","uri":"https://archivecountdownpreset-vntxuytzsa-uc.a.run.app","serviceAccountEmail":"860495975406-compute@developer.gserviceaccount.com","availableMemory":"256Mi","allTrafficOnLatestRevision":true,"revision":"archivecountdownpreset-00190-wez","maxInstanceRequestConcurrency":1,"availableCpu":"0.1666"},"state":"ACTIVE","updateTime":"2026-08-06T16:55:30.989630376Z","labels":{"firebase-functions-hash":"5efaf1777d259b9855b4eeb91a96fbac3aed1a65","deployment-tool":"cli-firebase","deployment-callable":"true"},"environment":"GEN_2","url":"https://us-central1-reservaeldia-7a440.cloudfunctions.net/archiveCountdownPreset","createTime":"2026-02-27T02:18:04.334151480Z","satisfiesPzi":true},{"name":"projects/reservaeldia-7a440/locations/us-central1/functions/adminListTemplatesV1","buildConfig":{"build":"projects/860495975406/locations/us-central1/builds/bec2d25e-e9f3-42aa-8b95-38038883b25a","runtime":"nodejs20","entryPoint":"adminListTemplatesV1","source":{"storageSource":{"bucket":"gcf-v2-sources-860495975406-us-central1","object":"adminListTemplatesV1/function-source.zip","generation":"1786034293196313"}},"environmentVariables":{"GOOGLE_NODE_RUN_SCRIPTS":""},"dockerRepository":"projects/reservaeldia-7a440/locations/us-central1/repositories/gcf-artifacts","sourceProvenance":{"resolvedStorageSource":{"bucket":"gcf-v2-sources-860495975406-us-central1","object":"adminListTemplatesV1/function-source.zip","generation":"1786034293196313"}},"dockerRegistry":"ARTIFACT_REGISTRY","serviceAccount":"projects/reservaeldia-7a440/serviceAccounts/860495975406-compute@developer.gserviceaccount.com","automaticUpdatePolicy":{}},"serviceConfig":{"service":"projects/reservaeldia-7a440/locations/us-central1/services/adminlisttemplatesv1","timeoutSeconds":60,"environmentVariables":{"SUPERADMINS_UIDS":"8mvF9cwdbtYo2leAjO11cNxhaLV2","MERCADO_PAGO_PUBLIC_KEY":"APP_USR-a0795dce-baf8-48f6-98af-4defd053ad42","MERCADO_PAGO_ACCESS_TOKEN":"APP_USR-6752615657925923-021923-055cfbc93701d8acfdd153d25b9c4ac8-3215101753","MERCADO_PAGO_CLIENT_ID":"6752615657925923","MERCADO_PAGO_CLIENT_SECRET":"37OPj64uyGyNK2db7e3GBeqizFIF3fuL","MERCADO_PAGO_WEBHOOK_URL":"https://us-central1-reservaeldia-7a440.cloudfunctions.net/mercadoPagoWebhook","MP_WEBHOOK_SECRET":"27104730db6cc9a5f93bc49e4e3f9c70b22f6090845bf7e56d47f3aa2c1589c5","GOOGLE_MAPS_EMBED_API_KEY":"AIzaSyArR56EXHhdSZ1GmpPXwOELlDkoSK-FYrk","FIREBASE_CONFIG":"{\"projectId\":\"reservaeldia-7a440\",\"storageBucket\":\"reservaeldia-7a440.firebasestorage.app\"}","GCLOUD_PROJECT":"reservaeldia-7a440","EVENTARC_CLOUD_EVENT_SOURCE":"projects/reservaeldia-7a440/locations/us-central1/services/adminListTemplatesV1","FUNCTION_TARGET":"adminListTemplatesV1","LOG_EXECUTION_ID":"true","FUNCTION_SIGNATURE_TYPE":"http"},"maxInstanceCount":100,"ingressSettings":"ALLOW_ALL","uri":"https://adminlisttemplatesv1-vntxuytzsa-uc.a.run.app","serviceAccountEmail":"860495975406-compute@developer.gserviceaccount.com","availableMemory":"256Mi","allTrafficOnLatestRevision":true,"revision":"adminlisttemplatesv1-00165-kax","maxInstanceRequestConcurrency":1,"availableCpu":"0.1666"},"state":"ACTIVE","updateTime":"2026-08-06T16:38:26.329180706Z","labels":{"firebase-functions-hash":"5efaf1777d259b9855b4eeb91a96fbac3aed1a65","deployment-tool":"cli-firebase","deployment-callable":"true"},"environment":"GEN_2","url":"https://us-central1-reservaeldia-7a440.cloudfunctions.net/adminListTemplatesV1","createTime":"2026-03-12T21:46:46.739186693Z","satisfiesPzi":true},{"name":"projects/reservaeldia-7a440/locations/us-central1/functions/adminCommitTemplateWorkspaceV1","buildConfig":{"build":"projects/860495975406/locations/us-central1/builds/63ad86be-fd19-48aa-8e52-b5898bc22654","runtime":"nodejs20","entryPoint":"adminCommitTemplateWorkspaceV1","source":{"storageSource":{"bucket":"gcf-v2-sources-860495975406-us-central1","object":"adminCommitTemplateWorkspaceV1/function-source.zip","generation":"1786034147147243"}},"environmentVariables":{"GOOGLE_NODE_RUN_SCRIPTS":""},"dockerRepository":"projects/reservaeldia-7a440/locations/us-central1/repositories/gcf-artifacts","sourceProvenance":{"resolvedStorageSource":{"bucket":"gcf-v2-sources-860495975406-us-central1","object":"adminCommitTemplateWorkspaceV1/function-source.zip","generation":"1786034147147243"}},"dockerRegistry":"ARTIFACT_REGISTRY","serviceAccount":"projects/reservaeldia-7a440/serviceAccounts/860495975406-compute@developer.gserviceaccount.com","automaticUpdatePolicy":{}},"serviceConfig":{"service":"projects/reservaeldia-7a440/locations/us-central1/services/admincommittemplateworkspacev1","timeoutSeconds":60,"environmentVariables":{"SUPERADMINS_UIDS":"8mvF9cwdbtYo2leAjO11cNxhaLV2","MERCADO_PAGO_PUBLIC_KEY":"APP_USR-a0795dce-baf8-48f6-98af-4defd053ad42","MERCADO_PAGO_ACCESS_TOKEN":"APP_USR-6752615657925923-021923-055cfbc93701d8acfdd153d25b9c4ac8-3215101753","MERCADO_PAGO_CLIENT_ID":"6752615657925923","MERCADO_PAGO_CLIENT_SECRET":"37OPj64uyGyNK2db7e3GBeqizFIF3fuL","MERCADO_PAGO_WEBHOOK_URL":"https://us-central1-reservaeldia-7a440.cloudfunctions.net/mercadoPagoWebhook","MP_WEBHOOK_SECRET":"27104730db6cc9a5f93bc49e4e3f9c70b22f6090845bf7e56d47f3aa2c1589c5","GOOGLE_MAPS_EMBED_API_KEY":"AIzaSyArR56EXHhdSZ1GmpPXwOELlDkoSK-FYrk","FIREBASE_CONFIG":"{\"projectId\":\"reservaeldia-7a440\",\"storageBucket\":\"reservaeldia-7a440.firebasestorage.app\"}","GCLOUD_PROJECT":"reservaeldia-7a440","EVENTARC_CLOUD_EVENT_SOURCE":"projects/reservaeldia-7a440/locations/us-central1/services/adminCommitTemplateWorkspaceV1","FUNCTION_TARGET":"adminCommitTemplateWorkspaceV1","LOG_EXECUTION_ID":"true","FUNCTION_SIGNATURE_TYPE":"http"},"maxInstanceCount":100,"ingressSettings":"ALLOW_ALL","uri":"https://admincommittemplateworkspacev1-vntxuytzsa-uc.a.run.app","serviceAccountEmail":"860495975406-compute@developer.gserviceaccount.com","availableMemory":"256Mi","allTrafficOnLatestRevision":true,"revision":"admincommittemplateworkspacev1-00171-kay","maxInstanceRequestConcurrency":1,"availableCpu":"0.1666"},"state":"ACTIVE","updateTime":"2026-08-06T16:36:06.354247500Z","labels":{"deployment-tool":"cli-firebase","deployment-callable":"true","firebase-functions-hash":"5efaf1777d259b9855b4eeb91a96fbac3aed1a65"},"environment":"GEN_2","url":"https://us-central1-reservaeldia-7a440.cloudfunctions.net/adminCommitTemplateWorkspaceV1","createTime":"2026-03-12T21:47:40.787369903Z","satisfiesPzi":true},{"name":"projects/reservaeldia-7a440/locations/us-central1/functions/adminGetDecorUsageStatsV1","buildConfig":{"build":"projects/860495975406/locations/us-central1/builds/63ad86be-fd19-48aa-8e52-b5898bc22654","runtime":"nodejs20","entryPoint":"adminGetDecorUsageStatsV1","source":{"storageSource":{"bucket":"gcf-v2-sources-860495975406-us-central1","object":"adminGetDecorUsageStatsV1/function-source.zip","generation":"1786034147150234"}},"environmentVariables":{"GOOGLE_NODE_RUN_SCRIPTS":""},"dockerRepository":"projects/reservaeldia-7a440/locations/us-central1/repositories/gcf-artifacts","sourceProvenance":{"resolvedStorageSource":{"bucket":"gcf-v2-sources-860495975406-us-central1","object":"adminGetDecorUsageStatsV1/function-source.zip","generation":"1786034147150234"}},"dockerRegistry":"ARTIFACT_REGISTRY","serviceAccount":"projects/reservaeldia-7a440/serviceAccounts/860495975406-compute@developer.gserviceaccount.com","automaticUpdatePolicy":{}},"serviceConfig":{"service":"projects/reservaeldia-7a440/locations/us-central1/services/admingetdecorusagestatsv1","timeoutSeconds":60,"environmentVariables":{"SUPERADMINS_UIDS":"8mvF9cwdbtYo2leAjO11cNxhaLV2","MERCADO_PAGO_PUBLIC_KEY":"APP_USR-a0795dce-baf8-48f6-98af-4defd053ad42","MERCADO_PAGO_ACCESS_TOKEN":"APP_USR-6752615657925923-021923-055cfbc93701d8acfdd153d25b9c4ac8-3215101753","MERCADO_PAGO_CLIENT_ID":"6752615657925923","MERCADO_PAGO_CLIENT_SECRET":"37OPj64uyGyNK2db7e3GBeqizFIF3fuL","MERCADO_PAGO_WEBHOOK_URL":"https://us-central1-reservaeldia-7a440.cloudfunctions.net/mercadoPagoWebhook","MP_WEBHOOK_SECRET":"27104730db6cc9a5f93bc49e4e3f9c70b22f6090845bf7e56d47f3aa2c1589c5","GOOGLE_MAPS_EMBED_API_KEY":"AIzaSyArR56EXHhdSZ1GmpPXwOELlDkoSK-FYrk","FIREBASE_CONFIG":"{\"projectId\":\"reservaeldia-7a440\",\"storageBucket\":\"reservaeldia-7a440.firebasestorage.app\"}","GCLOUD_PROJECT":"reservaeldia-7a440","EVENTARC_CLOUD_EVENT_SOURCE":"projects/reservaeldia-7a440/locations/us-central1/services/adminGetDecorUsageStatsV1","FUNCTION_TARGET":"adminGetDecorUsageStatsV1","LOG_EXECUTION_ID":"true","FUNCTION_SIGNATURE_TYPE":"http"},"maxInstanceCount":100,"ingressSettings":"ALLOW_ALL","uri":"https://admingetdecorusagestatsv1-vntxuytzsa-uc.a.run.app","serviceAccountEmail":"860495975406-compute@developer.gserviceaccount.com","availableMemory":"256Mi","allTrafficOnLatestRevision":true,"revision":"admingetdecorusagestatsv1-00189-paf","maxInstanceRequestConcurrency":1,"availableCpu":"0.1666"},"state":"ACTIVE","updateTime":"2026-08-06T16:36:07.781778704Z","labels":{"deployment-tool":"cli-firebase","deployment-callable":"true","firebase-functions-hash":"5efaf1777d259b9855b4eeb91a96fbac3aed1a65"},"environment":"GEN_2","url":"https://us-central1-reservaeldia-7a440.cloudfunctions.net/adminGetDecorUsageStatsV1","createTime":"2026-03-02T00:10:40.925640505Z","satisfiesPzi":true},{"name":"projects/reservaeldia-7a440/locations/us-central1/functions/listPublicationDiscountCodeUsage","buildConfig":{"build":"projects/860495975406/locations/us-central1/builds/073e72e2-5b74-47e3-8862-a1660b112ffe","runtime":"nodejs20","entryPoint":"listPublicationDiscountCodeUsage","source":{"storageSource":{"bucket":"gcf-v2-sources-860495975406-us-central1","object":"listPublicationDiscountCodeUsage/function-source.zip","generation":"1785242812100696"}},"environmentVariables":{"GOOGLE_NODE_RUN_SCRIPTS":""},"dockerRepository":"projects/reservaeldia-7a440/locations/us-central1/repositories/gcf-artifacts","sourceProvenance":{"resolvedStorageSource":{"bucket":"gcf-v2-sources-860495975406-us-central1","object":"listPublicationDiscountCodeUsage/function-source.zip","generation":"1785242812100696"}},"dockerRegistry":"ARTIFACT_REGISTRY","serviceAccount":"projects/reservaeldia-7a440/serviceAccounts/860495975406-compute@developer.gserviceaccount.com","automaticUpdatePolicy":{}},"serviceConfig":{"service":"projects/reservaeldia-7a440/locations/us-central1/services/listpublicationdiscountcodeusage","timeoutSeconds":60,"environmentVariables":{"SUPERADMINS_UIDS":"8mvF9cwdbtYo2leAjO11cNxhaLV2","MERCADO_PAGO_PUBLIC_KEY":"APP_USR-a0795dce-baf8-48f6-98af-4defd053ad42","MERCADO_PAGO_ACCESS_TOKEN":"APP_USR-6752615657925923-021923-055cfbc93701d8acfdd153d25b9c4ac8-3215101753","MERCADO_PAGO_CLIENT_ID":"6752615657925923","MERCADO_PAGO_CLIENT_SECRET":"37OPj64uyGyNK2db7e3GBeqizFIF3fuL","MERCADO_PAGO_WEBHOOK_URL":"https://us-central1-reservaeldia-7a440.cloudfunctions.net/mercadoPagoWebhook","MP_WEBHOOK_SECRET":"27104730db6cc9a5f93bc49e4e3f9c70b22f6090845bf7e56d47f3aa2c1589c5","GOOGLE_MAPS_EMBED_API_KEY":"AIzaSyArR56EXHhdSZ1GmpPXwOELlDkoSK-FYrk","FIREBASE_CONFIG":"{\"projectId\":\"reservaeldia-7a440\",\"storageBucket\":\"reservaeldia-7a440.firebasestorage.app\"}","GCLOUD_PROJECT":"reservaeldia-7a440","EVENTARC_CLOUD_EVENT_SOURCE":"projects/reservaeldia-7a440/locations/us-central1/services/listPublicationDiscountCodeUsage","FUNCTION_TARGET":"listPublicationDiscountCodeUsage","LOG_EXECUTION_ID":"true","FUNCTION_SIGNATURE_TYPE":"http"},"maxInstanceCount":100,"ingressSettings":"ALLOW_ALL","uri":"https://listpublicationdiscountcodeusage-vntxuytzsa-uc.a.run.app","serviceAccountEmail":"860495975406-compute@developer.gserviceaccount.com","availableMemory":"256Mi","allTrafficOnLatestRevision":true,"revision":"listpublicationdiscountcodeusage-00218-dof","maxInstanceRequestConcurrency":1,"availableCpu":"0.1666"},"state":"ACTIVE","updateTime":"2026-07-28T12:47:27.315941463Z","labels":{"firebase-functions-hash":"d122378e98f45effe92711c767be8035f097d07d","deployment-tool":"cli-firebase","deployment-callable":"true"},"environment":"GEN_2","url":"https://us-central1-reservaeldia-7a440.cloudfunctions.net/listPublicationDiscountCodeUsage","createTime":"2026-02-20T14:30:31.495685749Z","satisfiesPzi":true},{"name":"projects/reservaeldia-7a440/locations/us-central1/functions/adminSetTextPresetVisibilityV1","buildConfig":{"build":"projects/860495975406/locations/us-central1/builds/286972ba-d751-4f29-8f90-2c27e53fc4e6","runtime":"nodejs20","entryPoint":"adminSetTextPresetVisibilityV1","source":{"storageSource":{"bucket":"gcf-v2-sources-860495975406-us-central1","object":"adminSetTextPresetVisibilityV1/function-source.zip","generation":"1786034593079350"}},"environmentVariables":{"GOOGLE_NODE_RUN_SCRIPTS":""},"dockerRepository":"projects/reservaeldia-7a440/locations/us-central1/repositories/gcf-artifacts","sourceProvenance":{"resolvedStorageSource":{"bucket":"gcf-v2-sources-860495975406-us-central1","object":"adminSetTextPresetVisibilityV1/function-source.zip","generation":"1786034593079350"}},"dockerRegistry":"ARTIFACT_REGISTRY","serviceAccount":"projects/reservaeldia-7a440/serviceAccounts/860495975406-compute@developer.gserviceaccount.com","automaticUpdatePolicy":{}},"serviceConfig":{"service":"projects/reservaeldia-7a440/locations/us-central1/services/adminsettextpresetvisibilityv1","timeoutSeconds":60,"environmentVariables":{"SUPERADMINS_UIDS":"8mvF9cwdbtYo2leAjO11cNxhaLV2","MERCADO_PAGO_PUBLIC_KEY":"APP_USR-a0795dce-baf8-48f6-98af-4defd053ad42","MERCADO_PAGO_ACCESS_TOKEN":"APP_USR-6752615657925923-021923-055cfbc93701d8acfdd153d25b9c4ac8-3215101753","MERCADO_PAGO_CLIENT_ID":"6752615657925923","MERCADO_PAGO_CLIENT_SECRET":"37OPj64uyGyNK2db7e3GBeqizFIF3fuL","MERCADO_PAGO_WEBHOOK_URL":"https://us-central1-reservaeldia-7a440.cloudfunctions.net/mercadoPagoWebhook","MP_WEBHOOK_SECRET":"27104730db6cc9a5f93bc49e4e3f9c70b22f6090845bf7e56d47f3aa2c1589c5","GOOGLE_MAPS_EMBED_API_KEY":"AIzaSyArR56EXHhdSZ1GmpPXwOELlDkoSK-FYrk","FIREBASE_CONFIG":"{\"projectId\":\"reservaeldia-7a440\",\"storageBucket\":\"reservaeldia-7a440.firebasestorage.app\"}","GCLOUD_PROJECT":"reservaeldia-7a440","EVENTARC_CLOUD_EVENT_SOURCE":"projects/reservaeldia-7a440/locations/us-central1/services/adminSetTextPresetVisibilityV1","FUNCTION_TARGET":"adminSetTextPresetVisibilityV1","LOG_EXECUTION_ID":"true","FUNCTION_SIGNATURE_TYPE":"http"},"maxInstanceCount":100,"ingressSettings":"ALLOW_ALL","uri":"https://adminsettextpresetvisibilityv1-vntxuytzsa-uc.a.run.app","serviceAccountEmail":"860495975406-compute@developer.gserviceaccount.com","availableMemory":"256Mi","allTrafficOnLatestRevision":true,"revision":"adminsettextpresetvisibilityv1-00177-bul","maxInstanceRequestConcurrency":1,"availableCpu":"0.1666"},"state":"ACTIVE","updateTime":"2026-08-06T16:43:31.042727898Z","labels":{"deployment-tool":"cli-firebase","deployment-callable":"true","firebase-functions-hash":"5efaf1777d259b9855b4eeb91a96fbac3aed1a65"},"environment":"GEN_2","url":"https://us-central1-reservaeldia-7a440.cloudfunctions.net/adminSetTextPresetVisibilityV1","createTime":"2026-03-02T13:27:17.082468194Z","satisfiesPzi":true},{"name":"projects/reservaeldia-7a440/locations/us-central1/functions/purgeTrashedPublications","buildConfig":{"build":"projects/860495975406/locations/us-central1/builds/a6177607-fe15-4f3a-96e8-9f28200f6ff9","runtime":"nodejs20","entryPoint":"purgeTrashedPublications","source":{"storageSource":{"bucket":"gcf-v2-sources-860495975406-us-central1","object":"purgeTrashedPublications/function-source.zip","generation":"1785242974742391"}},"environmentVariables":{"GOOGLE_NODE_RUN_SCRIPTS":""},"dockerRepository":"projects/reservaeldia-7a440/locations/us-central1/repositories/gcf-artifacts","sourceProvenance":{"resolvedStorageSource":{"bucket":"gcf-v2-sources-860495975406-us-central1","object":"purgeTrashedPublications/function-source.zip","generation":"1785242974742391"}},"dockerRegistry":"ARTIFACT_REGISTRY","serviceAccount":"projects/reservaeldia-7a440/serviceAccounts/860495975406-compute@developer.gserviceaccount.com","automaticUpdatePolicy":{}},"serviceConfig":{"service":"projects/reservaeldia-7a440/locations/us-central1/services/purgetrashedpublications","timeoutSeconds":60,"environmentVariables":{"SUPERADMINS_UIDS":"8mvF9cwdbtYo2leAjO11cNxhaLV2","MERCADO_PAGO_PUBLIC_KEY":"APP_USR-a0795dce-baf8-48f6-98af-4defd053ad42","MERCADO_PAGO_ACCESS_TOKEN":"APP_USR-6752615657925923-021923-055cfbc93701d8acfdd153d25b9c4ac8-3215101753","MERCADO_PAGO_CLIENT_ID":"6752615657925923","MERCADO_PAGO_CLIENT_SECRET":"37OPj64uyGyNK2db7e3GBeqizFIF3fuL","MERCADO_PAGO_WEBHOOK_URL":"https://us-central1-reservaeldia-7a440.cloudfunctions.net/mercadoPagoWebhook","MP_WEBHOOK_SECRET":"27104730db6cc9a5f93bc49e4e3f9c70b22f6090845bf7e56d47f3aa2c1589c5","GOOGLE_MAPS_EMBED_API_KEY":"AIzaSyArR56EXHhdSZ1GmpPXwOELlDkoSK-FYrk","FIREBASE_CONFIG":"{\"projectId\":\"reservaeldia-7a440\",\"storageBucket\":\"reservaeldia-7a440.firebasestorage.app\"}","GCLOUD_PROJECT":"reservaeldia-7a440","EVENTARC_CLOUD_EVENT_SOURCE":"projects/reservaeldia-7a440/locations/us-central1/services/purgeTrashedPublications","FUNCTION_TARGET":"purgeTrashedPublications","LOG_EXECUTION_ID":"true","FUNCTION_SIGNATURE_TYPE":"http"},"maxInstanceCount":100,"ingressSettings":"ALLOW_ALL","uri":"https://purgetrashedpublications-vntxuytzsa-uc.a.run.app","serviceAccountEmail":"860495975406-compute@developer.gserviceaccount.com","availableMemory":"256Mi","allTrafficOnLatestRevision":true,"revision":"purgetrashedpublications-00162-yan","maxInstanceRequestConcurrency":1,"availableCpu":"0.1666"},"state":"ACTIVE","updateTime":"2026-07-28T12:50:12.494388423Z","labels":{"deployment-scheduled":"true","firebase-functions-hash":"d122378e98f45effe92711c767be8035f097d07d","deployment-tool":"cli-firebase"},"environment":"GEN_2","url":"https://us-central1-reservaeldia-7a440.cloudfunctions.net/purgeTrashedPublications","createTime":"2026-02-26T14:15:54.873924068Z","satisfiesPzi":true},{"name":"projects/reservaeldia-7a440/locations/us-central1/functions/onIconCatalogDocWriteV2","buildConfig":{"build":"projects/860495975406/locations/us-central1/builds/5266cd36-85e6-45b1-88c9-562c9573ebc1","runtime":"nodejs20","entryPoint":"onIconCatalogDocWriteV2","source":{"storageSource":{"bucket":"gcf-v2-sources-860495975406-us-central1","object":"onIconCatalogDocWriteV2/function-source.zip","generation":"1786035170439192"}},"environmentVariables":{"GOOGLE_NODE_RUN_SCRIPTS":""},"dockerRepository":"projects/reservaeldia-7a440/locations/us-central1/repositories/gcf-artifacts","sourceProvenance":{"resolvedStorageSource":{"bucket":"gcf-v2-sources-860495975406-us-central1","object":"onIconCatalogDocWriteV2/function-source.zip","generation":"1786035170439192"}},"dockerRegistry":"ARTIFACT_REGISTRY","serviceAccount":"projects/reservaeldia-7a440/serviceAccounts/860495975406-compute@developer.gserviceaccount.com","automaticUpdatePolicy":{}},"serviceConfig":{"service":"projects/reservaeldia-7a440/locations/us-central1/services/oniconcatalogdocwritev2","timeoutSeconds":60,"environmentVariables":{"SUPERADMINS_UIDS":"8mvF9cwdbtYo2leAjO11cNxhaLV2","MERCADO_PAGO_PUBLIC_KEY":"APP_USR-a0795dce-baf8-48f6-98af-4defd053ad42","MERCADO_PAGO_ACCESS_TOKEN":"APP_USR-6752615657925923-021923-055cfbc93701d8acfdd153d25b9c4ac8-3215101753","MERCADO_PAGO_CLIENT_ID":"6752615657925923","MERCADO_PAGO_CLIENT_SECRET":"37OPj64uyGyNK2db7e3GBeqizFIF3fuL","MERCADO_PAGO_WEBHOOK_URL":"https://us-central1-reservaeldia-7a440.cloudfunctions.net/mercadoPagoWebhook","MP_WEBHOOK_SECRET":"27104730db6cc9a5f93bc49e4e3f9c70b22f6090845bf7e56d47f3aa2c1589c5","GOOGLE_MAPS_EMBED_API_KEY":"AIzaSyArR56EXHhdSZ1GmpPXwOELlDkoSK-FYrk","FIREBASE_CONFIG":"{\"projectId\":\"reservaeldia-7a440\",\"storageBucket\":\"reservaeldia-7a440.firebasestorage.app\"}","GCLOUD_PROJECT":"reservaeldia-7a440","EVENTARC_CLOUD_EVENT_SOURCE":"projects/reservaeldia-7a440/locations/us-central1/services/onIconCatalogDocWriteV2","FUNCTION_SIGNATURE_TYPE":"cloudevent","FUNCTION_TARGET":"onIconCatalogDocWriteV2","LOG_EXECUTION_ID":"true"},"maxInstanceCount":100,"ingressSettings":"ALLOW_ALL","uri":"https://oniconcatalogdocwritev2-vntxuytzsa-uc.a.run.app","serviceAccountEmail":"860495975406-compute@developer.gserviceaccount.com","availableMemory":"256Mi","allTrafficOnLatestRevision":true,"revision":"oniconcatalogdocwritev2-00175-sif","maxInstanceRequestConcurrency":1,"availableCpu":"0.1666"},"eventTrigger":{"trigger":"projects/reservaeldia-7a440/locations/southamerica-east1/triggers/oniconcatalogdocwritev2-900687","triggerRegion":"southamerica-east1","eventType":"google.cloud.firestore.document.v1.written","eventFilters":[{"attribute":"namespace","value":"(default)"},{"attribute":"document","value":"iconos/{iconId}","operator":"match-path-pattern"},{"attribute":"database","value":"(default)"}],"pubsubTopic":"projects/reservaeldia-7a440/topics/eventarc-southamerica-east1-oniconcatalogdocwritev2-900687-141","serviceAccountEmail":"860495975406-compute@developer.gserviceaccount.com","retryPolicy":"RETRY_POLICY_DO_NOT_RETRY"},"state":"ACTIVE","updateTime":"2026-08-06T16:54:51.217071626Z","labels":{"deployment-tool":"cli-firebase","firebase-functions-hash":"5efaf1777d259b9855b4eeb91a96fbac3aed1a65"},"environment":"GEN_2","url":"https://us-central1-reservaeldia-7a440.cloudfunctions.net/onIconCatalogDocWriteV2","createTime":"2026-03-01T13:45:57.907254867Z","satisfiesPzi":true},{"name":"projects/reservaeldia-7a440/locations/us-central1/functions/adminGetPricingConfigV1","buildConfig":{"build":"projects/860495975406/locations/us-central1/builds/63ad86be-fd19-48aa-8e52-b5898bc22654","runtime":"nodejs20","entryPoint":"adminGetPricingConfigV1","source":{"storageSource":{"bucket":"gcf-v2-sources-860495975406-us-central1","object":"adminGetPricingConfigV1/function-source.zip","generation":"1786034146483821"}},"environmentVariables":{"GOOGLE_NODE_RUN_SCRIPTS":""},"dockerRepository":"projects/reservaeldia-7a440/locations/us-central1/repositories/gcf-artifacts","sourceProvenance":{"resolvedStorageSource":{"bucket":"gcf-v2-sources-860495975406-us-central1","object":"adminGetPricingConfigV1/function-source.zip","generation":"1786034146483821"}},"dockerRegistry":"ARTIFACT_REGISTRY","serviceAccount":"projects/reservaeldia-7a440/serviceAccounts/860495975406-compute@developer.gserviceaccount.com","automaticUpdatePolicy":{}},"serviceConfig":{"service":"projects/reservaeldia-7a440/locations/us-central1/services/admingetpricingconfigv1","timeoutSeconds":60,"environmentVariables":{"SUPERADMINS_UIDS":"8mvF9cwdbtYo2leAjO11cNxhaLV2","MERCADO_PAGO_PUBLIC_KEY":"APP_USR-a0795dce-baf8-48f6-98af-4defd053ad42","MERCADO_PAGO_ACCESS_TOKEN":"APP_USR-6752615657925923-021923-055cfbc93701d8acfdd153d25b9c4ac8-3215101753","MERCADO_PAGO_CLIENT_ID":"6752615657925923","MERCADO_PAGO_CLIENT_SECRET":"37OPj64uyGyNK2db7e3GBeqizFIF3fuL","MERCADO_PAGO_WEBHOOK_URL":"https://us-central1-reservaeldia-7a440.cloudfunctions.net/mercadoPagoWebhook","MP_WEBHOOK_SECRET":"27104730db6cc9a5f93bc49e4e3f9c70b22f6090845bf7e56d47f3aa2c1589c5","GOOGLE_MAPS_EMBED_API_KEY":"AIzaSyArR56EXHhdSZ1GmpPXwOELlDkoSK-FYrk","FIREBASE_CONFIG":"{\"projectId\":\"reservaeldia-7a440\",\"storageBucket\":\"reservaeldia-7a440.firebasestorage.app\"}","GCLOUD_PROJECT":"reservaeldia-7a440","EVENTARC_CLOUD_EVENT_SOURCE":"projects/reservaeldia-7a440/locations/us-central1/services/adminGetPricingConfigV1","FUNCTION_TARGET":"adminGetPricingConfigV1","LOG_EXECUTION_ID":"true","FUNCTION_SIGNATURE_TYPE":"http"},"maxInstanceCount":100,"ingressSettings":"ALLOW_ALL","uri":"https://admingetpricingconfigv1-vntxuytzsa-uc.a.run.app","serviceAccountEmail":"860495975406-compute@developer.gserviceaccount.com","availableMemory":"256Mi","allTrafficOnLatestRevision":true,"revision":"admingetpricingconfigv1-00156-bop","maxInstanceRequestConcurrency":1,"availableCpu":"0.1666"},"state":"ACTIVE","updateTime":"2026-08-06T16:36:05.492282993Z","labels":{"deployment-tool":"cli-firebase","deployment-callable":"true","firebase-functions-hash":"5efaf1777d259b9855b4eeb91a96fbac3aed1a65"},"environment":"GEN_2","url":"https://us-central1-reservaeldia-7a440.cloudfunctions.net/adminGetPricingConfigV1","createTime":"2026-03-15T02:16:57.819836325Z","satisfiesPzi":true},{"name":"projects/reservaeldia-7a440/locations/us-central1/functions/hardDeleteLegacyPublication","buildConfig":{"build":"projects/860495975406/locations/us-central1/builds/b999ae30-31df-40f4-b488-6cb2027bfedb","runtime":"nodejs20","entryPoint":"hardDeleteLegacyPublication","source":{"storageSource":{"bucket":"gcf-v2-sources-860495975406-us-central1","object":"hardDeleteLegacyPublication/function-source.zip","generation":"1786035080804092"}},"environmentVariables":{"GOOGLE_NODE_RUN_SCRIPTS":""},"dockerRepository":"projects/reservaeldia-7a440/locations/us-central1/repositories/gcf-artifacts","sourceProvenance":{"resolvedStorageSource":{"bucket":"gcf-v2-sources-860495975406-us-central1","object":"hardDeleteLegacyPublication/function-source.zip","generation":"1786035080804092"}},"dockerRegistry":"ARTIFACT_REGISTRY","serviceAccount":"projects/reservaeldia-7a440/serviceAccounts/860495975406-compute@developer.gserviceaccount.com","automaticUpdatePolicy":{}},"serviceConfig":{"service":"projects/reservaeldia-7a440/locations/us-central1/services/harddeletelegacypublication","timeoutSeconds":60,"environmentVariables":{"SUPERADMINS_UIDS":"8mvF9cwdbtYo2leAjO11cNxhaLV2","MERCADO_PAGO_PUBLIC_KEY":"APP_USR-a0795dce-baf8-48f6-98af-4defd053ad42","MERCADO_PAGO_ACCESS_TOKEN":"APP_USR-6752615657925923-021923-055cfbc93701d8acfdd153d25b9c4ac8-3215101753","MERCADO_PAGO_CLIENT_ID":"6752615657925923","MERCADO_PAGO_CLIENT_SECRET":"37OPj64uyGyNK2db7e3GBeqizFIF3fuL","MERCADO_PAGO_WEBHOOK_URL":"https://us-central1-reservaeldia-7a440.cloudfunctions.net/mercadoPagoWebhook","MP_WEBHOOK_SECRET":"27104730db6cc9a5f93bc49e4e3f9c70b22f6090845bf7e56d47f3aa2c1589c5","GOOGLE_MAPS_EMBED_API_KEY":"AIzaSyArR56EXHhdSZ1GmpPXwOELlDkoSK-FYrk","FIREBASE_CONFIG":"{\"projectId\":\"reservaeldia-7a440\",\"storageBucket\":\"reservaeldia-7a440.firebasestorage.app\"}","GCLOUD_PROJECT":"reservaeldia-7a440","EVENTARC_CLOUD_EVENT_SOURCE":"projects/reservaeldia-7a440/locations/us-central1/services/hardDeleteLegacyPublication","FUNCTION_TARGET":"hardDeleteLegacyPublication","LOG_EXECUTION_ID":"true","FUNCTION_SIGNATURE_TYPE":"http"},"maxInstanceCount":100,"ingressSettings":"ALLOW_ALL","uri":"https://harddeletelegacypublication-vntxuytzsa-uc.a.run.app","serviceAccountEmail":"860495975406-compute@developer.gserviceaccount.com","availableMemory":"256Mi","allTrafficOnLatestRevision":true,"revision":"harddeletelegacypublication-00166-yep","maxInstanceRequestConcurrency":1,"availableCpu":"0.1666"},"state":"ACTIVE","updateTime":"2026-08-06T16:51:48.671428268Z","labels":{"deployment-tool":"cli-firebase","deployment-callable":"true","firebase-functions-hash":"5efaf1777d259b9855b4eeb91a96fbac3aed1a65"},"environment":"GEN_2","url":"https://us-central1-reservaeldia-7a440.cloudfunctions.net/hardDeleteLegacyPublication","createTime":"2026-02-26T12:07:20.630402847Z","satisfiesPzi":true},{"name":"projects/reservaeldia-7a440/locations/us-central1/functions/getAdminUserByEmail","buildConfig":{"build":"projects/860495975406/locations/us-central1/builds/7d221b80-df8a-44b4-8701-79eec488f161","runtime":"nodejs20","entryPoint":"getAdminUserByEmail","source":{"storageSource":{"bucket":"gcf-v2-sources-860495975406-us-central1","object":"getAdminUserByEmail/function-source.zip","generation":"1786034902654145"}},"environmentVariables":{"GOOGLE_NODE_RUN_SCRIPTS":""},"dockerRepository":"projects/reservaeldia-7a440/locations/us-central1/repositories/gcf-artifacts","sourceProvenance":{"resolvedStorageSource":{"bucket":"gcf-v2-sources-860495975406-us-central1","object":"getAdminUserByEmail/function-source.zip","generation":"1786034902654145"}},"dockerRegistry":"ARTIFACT_REGISTRY","serviceAccount":"projects/reservaeldia-7a440/serviceAccounts/860495975406-compute@developer.gserviceaccount.com","automaticUpdatePolicy":{}},"serviceConfig":{"service":"projects/reservaeldia-7a440/locations/us-central1/services/getadminuserbyemail","timeoutSeconds":60,"environmentVariables":{"SUPERADMINS_UIDS":"8mvF9cwdbtYo2leAjO11cNxhaLV2","MERCADO_PAGO_PUBLIC_KEY":"APP_USR-a0795dce-baf8-48f6-98af-4defd053ad42","MERCADO_PAGO_ACCESS_TOKEN":"APP_USR-6752615657925923-021923-055cfbc93701d8acfdd153d25b9c4ac8-3215101753","MERCADO_PAGO_CLIENT_ID":"6752615657925923","MERCADO_PAGO_CLIENT_SECRET":"37OPj64uyGyNK2db7e3GBeqizFIF3fuL","MERCADO_PAGO_WEBHOOK_URL":"https://us-central1-reservaeldia-7a440.cloudfunctions.net/mercadoPagoWebhook","MP_WEBHOOK_SECRET":"27104730db6cc9a5f93bc49e4e3f9c70b22f6090845bf7e56d47f3aa2c1589c5","GOOGLE_MAPS_EMBED_API_KEY":"AIzaSyArR56EXHhdSZ1GmpPXwOELlDkoSK-FYrk","FIREBASE_CONFIG":"{\"projectId\":\"reservaeldia-7a440\",\"storageBucket\":\"reservaeldia-7a440.firebasestorage.app\"}","GCLOUD_PROJECT":"reservaeldia-7a440","EVENTARC_CLOUD_EVENT_SOURCE":"projects/reservaeldia-7a440/locations/us-central1/services/getAdminUserByEmail","FUNCTION_TARGET":"getAdminUserByEmail","LOG_EXECUTION_ID":"true","FUNCTION_SIGNATURE_TYPE":"http"},"maxInstanceCount":100,"ingressSettings":"ALLOW_ALL","uri":"https://getadminuserbyemail-vntxuytzsa-uc.a.run.app","serviceAccountEmail":"860495975406-compute@developer.gserviceaccount.com","availableMemory":"256Mi","allTrafficOnLatestRevision":true,"revision":"getadminuserbyemail-00255-han","maxInstanceRequestConcurrency":1,"availableCpu":"0.1666"},"state":"ACTIVE","updateTime":"2026-08-06T16:49:08.129457292Z","labels":{"firebase-functions-hash":"5efaf1777d259b9855b4eeb91a96fbac3aed1a65","deployment-tool":"cli-firebase","deployment-callable":"true"},"environment":"GEN_2","url":"https://us-central1-reservaeldia-7a440.cloudfunctions.net/getAdminUserByEmail","createTime":"2026-02-17T19:25:32.135821478Z","satisfiesPzi":true},{"name":"projects/reservaeldia-7a440/locations/us-central1/functions/setAdminClaim","buildConfig":{"build":"projects/860495975406/locations/us-central1/builds/449a8d66-dac3-45d6-b03c-c0736506979a","runtime":"nodejs20","entryPoint":"setAdminClaim","source":{"storageSource":{"bucket":"gcf-v2-sources-860495975406-us-central1","object":"setAdminClaim/function-source.zip","generation":"1785243148543215"}},"environmentVariables":{"GOOGLE_NODE_RUN_SCRIPTS":""},"dockerRepository":"projects/reservaeldia-7a440/locations/us-central1/repositories/gcf-artifacts","sourceProvenance":{"resolvedStorageSource":{"bucket":"gcf-v2-sources-860495975406-us-central1","object":"setAdminClaim/function-source.zip","generation":"1785243148543215"}},"dockerRegistry":"ARTIFACT_REGISTRY","serviceAccount":"projects/reservaeldia-7a440/serviceAccounts/860495975406-compute@developer.gserviceaccount.com","automaticUpdatePolicy":{}},"serviceConfig":{"service":"projects/reservaeldia-7a440/locations/us-central1/services/setadminclaim","timeoutSeconds":60,"environmentVariables":{"SUPERADMINS_UIDS":"8mvF9cwdbtYo2leAjO11cNxhaLV2","MERCADO_PAGO_PUBLIC_KEY":"APP_USR-a0795dce-baf8-48f6-98af-4defd053ad42","MERCADO_PAGO_ACCESS_TOKEN":"APP_USR-6752615657925923-021923-055cfbc93701d8acfdd153d25b9c4ac8-3215101753","MERCADO_PAGO_CLIENT_ID":"6752615657925923","MERCADO_PAGO_CLIENT_SECRET":"37OPj64uyGyNK2db7e3GBeqizFIF3fuL","MERCADO_PAGO_WEBHOOK_URL":"https://us-central1-reservaeldia-7a440.cloudfunctions.net/mercadoPagoWebhook","MP_WEBHOOK_SECRET":"27104730db6cc9a5f93bc49e4e3f9c70b22f6090845bf7e56d47f3aa2c1589c5","GOOGLE_MAPS_EMBED_API_KEY":"AIzaSyArR56EXHhdSZ1GmpPXwOELlDkoSK-FYrk","FIREBASE_CONFIG":"{\"projectId\":\"reservaeldia-7a440\",\"storageBucket\":\"reservaeldia-7a440.firebasestorage.app\"}","GCLOUD_PROJECT":"reservaeldia-7a440","EVENTARC_CLOUD_EVENT_SOURCE":"projects/reservaeldia-7a440/locations/us-central1/services/setAdminClaim","FUNCTION_TARGET":"setAdminClaim","LOG_EXECUTION_ID":"true","FUNCTION_SIGNATURE_TYPE":"http"},"maxInstanceCount":100,"ingressSettings":"ALLOW_ALL","uri":"https://setadminclaim-vntxuytzsa-uc.a.run.app","serviceAccountEmail":"860495975406-compute@developer.gserviceaccount.com","availableMemory":"256Mi","allTrafficOnLatestRevision":true,"revision":"setadminclaim-00285-nup","maxInstanceRequestConcurrency":1,"availableCpu":"0.1666"},"state":"ACTIVE","updateTime":"2026-07-28T12:53:18.260481127Z","labels":{"deployment-tool":"cli-firebase","deployment-callable":"true","firebase-functions-hash":"d122378e98f45effe92711c767be8035f097d07d"},"environment":"GEN_2","url":"https://us-central1-reservaeldia-7a440.cloudfunctions.net/setAdminClaim","createTime":"2026-01-22T21:22:26.977752792Z","satisfiesPzi":true},{"name":"projects/reservaeldia-7a440/locations/us-central1/functions/adminCreateTemplateFromDraftV1","buildConfig":{"build":"projects/860495975406/locations/us-central1/builds/63ad86be-fd19-48aa-8e52-b5898bc22654","runtime":"nodejs20","entryPoint":"adminCreateTemplateFromDraftV1","source":{"storageSource":{"bucket":"gcf-v2-sources-860495975406-us-central1","object":"adminCreateTemplateFromDraftV1/function-source.zip","generation":"1786034147139769"}},"environmentVariables":{"GOOGLE_NODE_RUN_SCRIPTS":""},"dockerRepository":"projects/reservaeldia-7a440/locations/us-central1/repositories/gcf-artifacts","sourceProvenance":{"resolvedStorageSource":{"bucket":"gcf-v2-sources-860495975406-us-central1","object":"adminCreateTemplateFromDraftV1/function-source.zip","generation":"1786034147139769"}},"dockerRegistry":"ARTIFACT_REGISTRY","serviceAccount":"projects/reservaeldia-7a440/serviceAccounts/860495975406-compute@developer.gserviceaccount.com","automaticUpdatePolicy":{}},"serviceConfig":{"service":"projects/reservaeldia-7a440/locations/us-central1/services/admincreatetemplatefromdraftv1","timeoutSeconds":60,"environmentVariables":{"SUPERADMINS_UIDS":"8mvF9cwdbtYo2leAjO11cNxhaLV2","MERCADO_PAGO_PUBLIC_KEY":"APP_USR-a0795dce-baf8-48f6-98af-4defd053ad42","MERCADO_PAGO_ACCESS_TOKEN":"APP_USR-6752615657925923-021923-055cfbc93701d8acfdd153d25b9c4ac8-3215101753","MERCADO_PAGO_CLIENT_ID":"6752615657925923","MERCADO_PAGO_CLIENT_SECRET":"37OPj64uyGyNK2db7e3GBeqizFIF3fuL","MERCADO_PAGO_WEBHOOK_URL":"https://us-central1-reservaeldia-7a440.cloudfunctions.net/mercadoPagoWebhook","MP_WEBHOOK_SECRET":"27104730db6cc9a5f93bc49e4e3f9c70b22f6090845bf7e56d47f3aa2c1589c5","GOOGLE_MAPS_EMBED_API_KEY":"AIzaSyArR56EXHhdSZ1GmpPXwOELlDkoSK-FYrk","FIREBASE_CONFIG":"{\"projectId\":\"reservaeldia-7a440\",\"storageBucket\":\"reservaeldia-7a440.firebasestorage.app\"}","GCLOUD_PROJECT":"reservaeldia-7a440","EVENTARC_CLOUD_EVENT_SOURCE":"projects/reservaeldia-7a440/locations/us-central1/services/adminCreateTemplateFromDraftV1","FUNCTION_TARGET":"adminCreateTemplateFromDraftV1","LOG_EXECUTION_ID":"true","FUNCTION_SIGNATURE_TYPE":"http"},"maxInstanceCount":100,"ingressSettings":"ALLOW_ALL","uri":"https://admincreatetemplatefromdraftv1-vntxuytzsa-uc.a.run.app","serviceAccountEmail":"860495975406-compute@developer.gserviceaccount.com","availableMemory":"256Mi","allTrafficOnLatestRevision":true,"revision":"admincreatetemplatefromdraftv1-00171-gub","maxInstanceRequestConcurrency":1,"availableCpu":"0.1666"},"state":"ACTIVE","updateTime":"2026-08-06T16:36:06.785304342Z","labels":{"firebase-functions-hash":"5efaf1777d259b9855b4eeb91a96fbac3aed1a65","deployment-tool":"cli-firebase","deployment-callable":"true"},"environment":"GEN_2","url":"https://us-central1-reservaeldia-7a440.cloudfunctions.net/adminCreateTemplateFromDraftV1","createTime":"2026-03-12T21:47:40.839443591Z","satisfiesPzi":true},{"name":"projects/reservaeldia-7a440/locations/us-central1/functions/adminPatchIconMetadataV2","buildConfig":{"build":"projects/860495975406/locations/us-central1/builds/57e95542-d7dd-437d-98c6-b8d327037379","runtime":"nodejs20","entryPoint":"adminPatchIconMetadataV2","source":{"storageSource":{"bucket":"gcf-v2-sources-860495975406-us-central1","object":"adminPatchIconMetadataV2/function-source.zip","generation":"1786034373807160"}},"environmentVariables":{"GOOGLE_NODE_RUN_SCRIPTS":""},"dockerRepository":"projects/reservaeldia-7a440/locations/us-central1/repositories/gcf-artifacts","sourceProvenance":{"resolvedStorageSource":{"bucket":"gcf-v2-sources-860495975406-us-central1","object":"adminPatchIconMetadataV2/function-source.zip","generation":"1786034373807160"}},"dockerRegistry":"ARTIFACT_REGISTRY","serviceAccount":"projects/reservaeldia-7a440/serviceAccounts/860495975406-compute@developer.gserviceaccount.com","automaticUpdatePolicy":{}},"serviceConfig":{"service":"projects/reservaeldia-7a440/locations/us-central1/services/adminpatchiconmetadatav2","timeoutSeconds":60,"environmentVariables":{"SUPERADMINS_UIDS":"8mvF9cwdbtYo2leAjO11cNxhaLV2","MERCADO_PAGO_PUBLIC_KEY":"APP_USR-a0795dce-baf8-48f6-98af-4defd053ad42","MERCADO_PAGO_ACCESS_TOKEN":"APP_USR-6752615657925923-021923-055cfbc93701d8acfdd153d25b9c4ac8-3215101753","MERCADO_PAGO_CLIENT_ID":"6752615657925923","MERCADO_PAGO_CLIENT_SECRET":"37OPj64uyGyNK2db7e3GBeqizFIF3fuL","MERCADO_PAGO_WEBHOOK_URL":"https://us-central1-reservaeldia-7a440.cloudfunctions.net/mercadoPagoWebhook","MP_WEBHOOK_SECRET":"27104730db6cc9a5f93bc49e4e3f9c70b22f6090845bf7e56d47f3aa2c1589c5","GOOGLE_MAPS_EMBED_API_KEY":"AIzaSyArR56EXHhdSZ1GmpPXwOELlDkoSK-FYrk","FIREBASE_CONFIG":"{\"projectId\":\"reservaeldia-7a440\",\"storageBucket\":\"reservaeldia-7a440.firebasestorage.app\"}","GCLOUD_PROJECT":"reservaeldia-7a440","EVENTARC_CLOUD_EVENT_SOURCE":"projects/reservaeldia-7a440/locations/us-central1/services/adminPatchIconMetadataV2","FUNCTION_TARGET":"adminPatchIconMetadataV2","LOG_EXECUTION_ID":"true"},"maxInstanceCount":100,"ingressSettings":"ALLOW_ALL","uri":"https://adminpatchiconmetadatav2-vntxuytzsa-uc.a.run.app","serviceAccountEmail":"860495975406-compute@developer.gserviceaccount.com","availableMemory":"256Mi","allTrafficOnLatestRevision":true,"revision":"adminpatchiconmetadatav2-00184-kuq","maxInstanceRequestConcurrency":1,"availableCpu":"0.1666"},"state":"ACTIVE","updateTime":"2026-08-06T16:40:47.166832229Z","labels":{"deployment-tool":"cli-firebase","deployment-callable":"true","firebase-functions-hash":"5efaf1777d259b9855b4eeb91a96fbac3aed1a65"},"environment":"GEN_2","url":"https://us-central1-reservaeldia-7a440.cloudfunctions.net/adminPatchIconMetadataV2","createTime":"2026-03-01T13:41:05.582782104Z","satisfiesPzi":true},{"name":"projects/reservaeldia-7a440/locations/us-central1/functions/listTextPresetsPublicV1","buildConfig":{"build":"projects/860495975406/locations/us-central1/builds/60c261c2-c5d1-4ee9-8c1e-0439e139ea86","runtime":"nodejs20","entryPoint":"listTextPresetsPublicV1","source":{"storageSource":{"bucket":"gcf-v2-sources-860495975406-us-central1","object":"listTextPresetsPublicV1/function-source.zip","generation":"1785242812925718"}},"environmentVariables":{"GOOGLE_NODE_RUN_SCRIPTS":""},"dockerRepository":"projects/reservaeldia-7a440/locations/us-central1/repositories/gcf-artifacts","sourceProvenance":{"resolvedStorageSource":{"bucket":"gcf-v2-sources-860495975406-us-central1","object":"listTextPresetsPublicV1/function-source.zip","generation":"1785242812925718"}},"dockerRegistry":"ARTIFACT_REGISTRY","serviceAccount":"projects/reservaeldia-7a440/serviceAccounts/860495975406-compute@developer.gserviceaccount.com","automaticUpdatePolicy":{}},"serviceConfig":{"service":"projects/reservaeldia-7a440/locations/us-central1/services/listtextpresetspublicv1","timeoutSeconds":60,"environmentVariables":{"SUPERADMINS_UIDS":"8mvF9cwdbtYo2leAjO11cNxhaLV2","MERCADO_PAGO_PUBLIC_KEY":"APP_USR-a0795dce-baf8-48f6-98af-4defd053ad42","MERCADO_PAGO_ACCESS_TOKEN":"APP_USR-6752615657925923-021923-055cfbc93701d8acfdd153d25b9c4ac8-3215101753","MERCADO_PAGO_CLIENT_ID":"6752615657925923","MERCADO_PAGO_CLIENT_SECRET":"37OPj64uyGyNK2db7e3GBeqizFIF3fuL","MERCADO_PAGO_WEBHOOK_URL":"https://us-central1-reservaeldia-7a440.cloudfunctions.net/mercadoPagoWebhook","MP_WEBHOOK_SECRET":"27104730db6cc9a5f93bc49e4e3f9c70b22f6090845bf7e56d47f3aa2c1589c5","GOOGLE_MAPS_EMBED_API_KEY":"AIzaSyArR56EXHhdSZ1GmpPXwOELlDkoSK-FYrk","FIREBASE_CONFIG":"{\"projectId\":\"reservaeldia-7a440\",\"storageBucket\":\"reservaeldia-7a440.firebasestorage.app\"}","GCLOUD_PROJECT":"reservaeldia-7a440","EVENTARC_CLOUD_EVENT_SOURCE":"projects/reservaeldia-7a440/locations/us-central1/services/listTextPresetsPublicV1","FUNCTION_TARGET":"listTextPresetsPublicV1","LOG_EXECUTION_ID":"true","FUNCTION_SIGNATURE_TYPE":"http"},"maxInstanceCount":100,"ingressSettings":"ALLOW_ALL","uri":"https://listtextpresetspublicv1-vntxuytzsa-uc.a.run.app","serviceAccountEmail":"860495975406-compute@developer.gserviceaccount.com","availableMemory":"256Mi","allTrafficOnLatestRevision":true,"revision":"listtextpresetspublicv1-00168-kay","maxInstanceRequestConcurrency":1,"availableCpu":"0.1666"},"state":"ACTIVE","updateTime":"2026-07-28T12:47:26.097581587Z","labels":{"deployment-tool":"cli-firebase","deployment-callable":"true","firebase-functions-hash":"d122378e98f45effe92711c767be8035f097d07d"},"environment":"GEN_2","url":"https://us-central1-reservaeldia-7a440.cloudfunctions.net/listTextPresetsPublicV1","createTime":"2026-03-02T13:27:17.088683328Z","satisfiesPzi":true},{"name":"projects/reservaeldia-7a440/locations/us-central1/functions/duplicateCountdownPreset","buildConfig":{"build":"projects/860495975406/locations/us-central1/builds/cca5cf55-789d-4371-bd8c-c387d4e9200b","runtime":"nodejs20","entryPoint":"duplicateCountdownPreset","source":{"storageSource":{"bucket":"gcf-v2-sources-860495975406-us-central1","object":"duplicateCountdownPreset/function-source.zip","generation":"1786035315818580"}},"environmentVariables":{"GOOGLE_NODE_RUN_SCRIPTS":""},"dockerRepository":"projects/reservaeldia-7a440/locations/us-central1/repositories/gcf-artifacts","sourceProvenance":{"resolvedStorageSource":{"bucket":"gcf-v2-sources-860495975406-us-central1","object":"duplicateCountdownPreset/function-source.zip","generation":"1786035315818580"}},"dockerRegistry":"ARTIFACT_REGISTRY","serviceAccount":"projects/reservaeldia-7a440/serviceAccounts/860495975406-compute@developer.gserviceaccount.com","automaticUpdatePolicy":{}},"serviceConfig":{"service":"projects/reservaeldia-7a440/locations/us-central1/services/duplicatecountdownpreset","timeoutSeconds":60,"environmentVariables":{"SUPERADMINS_UIDS":"8mvF9cwdbtYo2leAjO11cNxhaLV2","MERCADO_PAGO_PUBLIC_KEY":"APP_USR-a0795dce-baf8-48f6-98af-4defd053ad42","MERCADO_PAGO_ACCESS_TOKEN":"APP_USR-6752615657925923-021923-055cfbc93701d8acfdd153d25b9c4ac8-3215101753","MERCADO_PAGO_CLIENT_ID":"6752615657925923","MERCADO_PAGO_CLIENT_SECRET":"37OPj64uyGyNK2db7e3GBeqizFIF3fuL","MERCADO_PAGO_WEBHOOK_URL":"https://us-central1-reservaeldia-7a440.cloudfunctions.net/mercadoPagoWebhook","MP_WEBHOOK_SECRET":"27104730db6cc9a5f93bc49e4e3f9c70b22f6090845bf7e56d47f3aa2c1589c5","GOOGLE_MAPS_EMBED_API_KEY":"AIzaSyArR56EXHhdSZ1GmpPXwOELlDkoSK-FYrk","FIREBASE_CONFIG":"{\"projectId\":\"reservaeldia-7a440\",\"storageBucket\":\"reservaeldia-7a440.firebasestorage.app\"}","GCLOUD_PROJECT":"reservaeldia-7a440","EVENTARC_CLOUD_EVENT_SOURCE":"projects/reservaeldia-7a440/locations/us-central1/services/duplicateCountdownPreset","FUNCTION_TARGET":"duplicateCountdownPreset","LOG_EXECUTION_ID":"true","FUNCTION_SIGNATURE_TYPE":"http"},"maxInstanceCount":100,"ingressSettings":"ALLOW_ALL","uri":"https://duplicatecountdownpreset-vntxuytzsa-uc.a.run.app","serviceAccountEmail":"860495975406-compute@developer.gserviceaccount.com","availableMemory":"256Mi","allTrafficOnLatestRevision":true,"revision":"duplicatecountdownpreset-00010-xot","maxInstanceRequestConcurrency":1,"availableCpu":"0.1666"},"state":"ACTIVE","updateTime":"2026-08-06T16:55:27.062374511Z","labels":{"deployment-callable":"true","firebase-functions-hash":"5efaf1777d259b9855b4eeb91a96fbac3aed1a65","deployment-tool":"cli-firebase"},"environment":"GEN_2","url":"https://us-central1-reservaeldia-7a440.cloudfunctions.net/duplicateCountdownPreset","createTime":"2026-07-24T03:05:28.229852258Z","satisfiesPzi":true},{"name":"projects/reservaeldia-7a440/locations/us-central1/functions/adminRestoreTemplateFromTrashV1","buildConfig":{"build":"projects/860495975406/locations/us-central1/builds/57e95542-d7dd-437d-98c6-b8d327037379","runtime":"nodejs20","entryPoint":"adminRestoreTemplateFromTrashV1","source":{"storageSource":{"bucket":"gcf-v2-sources-860495975406-us-central1","object":"adminRestoreTemplateFromTrashV1/function-source.zip","generation":"1786034438393742"}},"environmentVariables":{"GOOGLE_NODE_RUN_SCRIPTS":""},"dockerRepository":"projects/reservaeldia-7a440/locations/us-central1/repositories/gcf-artifacts","sourceProvenance":{"resolvedStorageSource":{"bucket":"gcf-v2-sources-860495975406-us-central1","object":"adminRestoreTemplateFromTrashV1/function-source.zip","generation":"1786034438393742"}},"dockerRegistry":"ARTIFACT_REGISTRY","serviceAccount":"projects/reservaeldia-7a440/serviceAccounts/860495975406-compute@developer.gserviceaccount.com","automaticUpdatePolicy":{}},"serviceConfig":{"service":"projects/reservaeldia-7a440/locations/us-central1/services/adminrestoretemplatefromtrashv1","timeoutSeconds":60,"environmentVariables":{"SUPERADMINS_UIDS":"8mvF9cwdbtYo2leAjO11cNxhaLV2","MERCADO_PAGO_PUBLIC_KEY":"APP_USR-a0795dce-baf8-48f6-98af-4defd053ad42","MERCADO_PAGO_ACCESS_TOKEN":"APP_USR-6752615657925923-021923-055cfbc93701d8acfdd153d25b9c4ac8-3215101753","MERCADO_PAGO_CLIENT_ID":"6752615657925923","MERCADO_PAGO_CLIENT_SECRET":"37OPj64uyGyNK2db7e3GBeqizFIF3fuL","MERCADO_PAGO_WEBHOOK_URL":"https://us-central1-reservaeldia-7a440.cloudfunctions.net/mercadoPagoWebhook","MP_WEBHOOK_SECRET":"27104730db6cc9a5f93bc49e4e3f9c70b22f6090845bf7e56d47f3aa2c1589c5","GOOGLE_MAPS_EMBED_API_KEY":"AIzaSyArR56EXHhdSZ1GmpPXwOELlDkoSK-FYrk","FIREBASE_CONFIG":"{\"projectId\":\"reservaeldia-7a440\",\"storageBucket\":\"reservaeldia-7a440.firebasestorage.app\"}","GCLOUD_PROJECT":"reservaeldia-7a440","EVENTARC_CLOUD_EVENT_SOURCE":"projects/reservaeldia-7a440/locations/us-central1/services/adminRestoreTemplateFromTrashV1","FUNCTION_TARGET":"adminRestoreTemplateFromTrashV1","LOG_EXECUTION_ID":"true","FUNCTION_SIGNATURE_TYPE":"http"},"maxInstanceCount":100,"ingressSettings":"ALLOW_ALL","uri":"https://adminrestoretemplatefromtrashv1-vntxuytzsa-uc.a.run.app","serviceAccountEmail":"860495975406-compute@developer.gserviceaccount.com","availableMemory":"256Mi","allTrafficOnLatestRevision":true,"revision":"adminrestoretemplatefromtrashv1-00161-lob","maxInstanceRequestConcurrency":1,"availableCpu":"0.1666"},"state":"ACTIVE","updateTime":"2026-08-06T16:40:49.667051865Z","labels":{"deployment-tool":"cli-firebase","deployment-callable":"true","firebase-functions-hash":"5efaf1777d259b9855b4eeb91a96fbac3aed1a65"},"environment":"GEN_2","url":"https://us-central1-reservaeldia-7a440.cloudfunctions.net/adminRestoreTemplateFromTrashV1","createTime":"2026-03-13T01:30:19.682674537Z","satisfiesPzi":true},{"name":"projects/reservaeldia-7a440/locations/us-central1/functions/borrarPlantilla","buildConfig":{"build":"projects/860495975406/locations/us-central1/builds/8ce2ba43-ac9e-4f0f-b576-ddda1866a519","runtime":"nodejs20","entryPoint":"borrarPlantilla","source":{"storageSource":{"bucket":"gcf-v2-sources-860495975406-us-central1","object":"borrarPlantilla/function-source.zip","generation":"1786034733129491"}},"environmentVariables":{"GOOGLE_NODE_RUN_SCRIPTS":""},"dockerRepository":"projects/reservaeldia-7a440/locations/us-central1/repositories/gcf-artifacts","sourceProvenance":{"resolvedStorageSource":{"bucket":"gcf-v2-sources-860495975406-us-central1","object":"borrarPlantilla/function-source.zip","generation":"1786034733129491"}},"dockerRegistry":"ARTIFACT_REGISTRY","serviceAccount":"projects/reservaeldia-7a440/serviceAccounts/860495975406-compute@developer.gserviceaccount.com","automaticUpdatePolicy":{}},"serviceConfig":{"service":"projects/reservaeldia-7a440/locations/us-central1/services/borrarplantilla","timeoutSeconds":60,"environmentVariables":{"SUPERADMINS_UIDS":"8mvF9cwdbtYo2leAjO11cNxhaLV2","MERCADO_PAGO_PUBLIC_KEY":"APP_USR-a0795dce-baf8-48f6-98af-4defd053ad42","MERCADO_PAGO_ACCESS_TOKEN":"APP_USR-6752615657925923-021923-055cfbc93701d8acfdd153d25b9c4ac8-3215101753","MERCADO_PAGO_CLIENT_ID":"6752615657925923","MERCADO_PAGO_CLIENT_SECRET":"37OPj64uyGyNK2db7e3GBeqizFIF3fuL","MERCADO_PAGO_WEBHOOK_URL":"https://us-central1-reservaeldia-7a440.cloudfunctions.net/mercadoPagoWebhook","MP_WEBHOOK_SECRET":"27104730db6cc9a5f93bc49e4e3f9c70b22f6090845bf7e56d47f3aa2c1589c5","GOOGLE_MAPS_EMBED_API_KEY":"AIzaSyArR56EXHhdSZ1GmpPXwOELlDkoSK-FYrk","FIREBASE_CONFIG":"{\"projectId\":\"reservaeldia-7a440\",\"storageBucket\":\"reservaeldia-7a440.firebasestorage.app\"}","GCLOUD_PROJECT":"reservaeldia-7a440","EVENTARC_CLOUD_EVENT_SOURCE":"projects/reservaeldia-7a440/locations/us-central1/services/borrarPlantilla","FUNCTION_TARGET":"borrarPlantilla","LOG_EXECUTION_ID":"true","FUNCTION_SIGNATURE_TYPE":"http"},"maxInstanceCount":100,"ingressSettings":"ALLOW_ALL","uri":"https://borrarplantilla-vntxuytzsa-uc.a.run.app","serviceAccountEmail":"860495975406-compute@developer.gserviceaccount.com","availableMemory":"256Mi","allTrafficOnLatestRevision":true,"revision":"borrarplantilla-00292-hic","maxInstanceRequestConcurrency":1,"availableCpu":"0.1666"},"state":"ACTIVE","updateTime":"2026-08-06T16:46:09.909361568Z","labels":{"firebase-functions-hash":"5efaf1777d259b9855b4eeb91a96fbac3aed1a65","deployment-tool":"cli-firebase","deployment-callable":"true"},"environment":"GEN_2","url":"https://us-central1-reservaeldia-7a440.cloudfunctions.net/borrarPlantilla","createTime":"2026-01-22T23:48:20.203206632Z","satisfiesPzi":true},{"name":"projects/reservaeldia-7a440/locations/us-central1/functions/publicarInvitacion","buildConfig":{"build":"projects/860495975406/locations/us-central1/builds/8862f1e9-5347-448a-b666-d8ed85862372","runtime":"nodejs20","entryPoint":"publicarInvitacion","source":{"storageSource":{"bucket":"gcf-v2-sources-860495975406-us-central1","object":"publicarInvitacion/function-source.zip","generation":"1785242986888208"}},"environmentVariables":{"GOOGLE_NODE_RUN_SCRIPTS":""},"dockerRepository":"projects/reservaeldia-7a440/locations/us-central1/repositories/gcf-artifacts","sourceProvenance":{"resolvedStorageSource":{"bucket":"gcf-v2-sources-860495975406-us-central1","object":"publicarInvitacion/function-source.zip","generation":"1785242986888208"}},"dockerRegistry":"ARTIFACT_REGISTRY","serviceAccount":"projects/reservaeldia-7a440/serviceAccounts/860495975406-compute@developer.gserviceaccount.com","automaticUpdatePolicy":{}},"serviceConfig":{"service":"projects/reservaeldia-7a440/locations/us-central1/services/publicarinvitacion","timeoutSeconds":60,"environmentVariables":{"SUPERADMINS_UIDS":"8mvF9cwdbtYo2leAjO11cNxhaLV2","MERCADO_PAGO_PUBLIC_KEY":"APP_USR-a0795dce-baf8-48f6-98af-4defd053ad42","MERCADO_PAGO_ACCESS_TOKEN":"APP_USR-6752615657925923-021923-055cfbc93701d8acfdd153d25b9c4ac8-3215101753","MERCADO_PAGO_CLIENT_ID":"6752615657925923","MERCADO_PAGO_CLIENT_SECRET":"37OPj64uyGyNK2db7e3GBeqizFIF3fuL","MERCADO_PAGO_WEBHOOK_URL":"https://us-central1-reservaeldia-7a440.cloudfunctions.net/mercadoPagoWebhook","MP_WEBHOOK_SECRET":"27104730db6cc9a5f93bc49e4e3f9c70b22f6090845bf7e56d47f3aa2c1589c5","GOOGLE_MAPS_EMBED_API_KEY":"AIzaSyArR56EXHhdSZ1GmpPXwOELlDkoSK-FYrk","FIREBASE_CONFIG":"{\"projectId\":\"reservaeldia-7a440\",\"storageBucket\":\"reservaeldia-7a440.firebasestorage.app\"}","GCLOUD_PROJECT":"reservaeldia-7a440","EVENTARC_CLOUD_EVENT_SOURCE":"projects/reservaeldia-7a440/locations/us-central1/services/publicarInvitacion","FUNCTION_TARGET":"publicarInvitacion","LOG_EXECUTION_ID":"true","FUNCTION_SIGNATURE_TYPE":"http"},"maxInstanceCount":20,"ingressSettings":"ALLOW_ALL","uri":"https://publicarinvitacion-vntxuytzsa-uc.a.run.app","serviceAccountEmail":"860495975406-compute@developer.gserviceaccount.com","availableMemory":"1024Mi","allTrafficOnLatestRevision":true,"revision":"publicarinvitacion-00497-haj","maxInstanceRequestConcurrency":1,"availableCpu":"1"},"state":"ACTIVE","updateTime":"2026-07-28T12:50:11.534879616Z","labels":{"firebase-functions-hash":"d122378e98f45effe92711c767be8035f097d07d","deployment-tool":"cli-firebase","deployment-callable":"true"},"environment":"GEN_2","url":"https://us-central1-reservaeldia-7a440.cloudfunctions.net/publicarInvitacion","createTime":"2025-05-20T13:04:51.738606335Z","satisfiesPzi":true},{"name":"projects/reservaeldia-7a440/locations/us-central1/functions/adminHardDeleteTemplateFromTrashV1","buildConfig":{"build":"projects/860495975406/locations/us-central1/builds/63ad86be-fd19-48aa-8e52-b5898bc22654","runtime":"nodejs20","entryPoint":"adminHardDeleteTemplateFromTrashV1","source":{"storageSource":{"bucket":"gcf-v2-sources-860495975406-us-central1","object":"adminHardDeleteTemplateFromTrashV1/function-source.zip","generation":"1786034147201666"}},"environmentVariables":{"GOOGLE_NODE_RUN_SCRIPTS":""},"dockerRepository":"projects/reservaeldia-7a440/locations/us-central1/repositories/gcf-artifacts","sourceProvenance":{"resolvedStorageSource":{"bucket":"gcf-v2-sources-860495975406-us-central1","object":"adminHardDeleteTemplateFromTrashV1/function-source.zip","generation":"1786034147201666"}},"dockerRegistry":"ARTIFACT_REGISTRY","serviceAccount":"projects/reservaeldia-7a440/serviceAccounts/860495975406-compute@developer.gserviceaccount.com","automaticUpdatePolicy":{}},"serviceConfig":{"service":"projects/reservaeldia-7a440/locations/us-central1/services/adminharddeletetemplatefromtrashv1","timeoutSeconds":60,"environmentVariables":{"SUPERADMINS_UIDS":"8mvF9cwdbtYo2leAjO11cNxhaLV2","MERCADO_PAGO_PUBLIC_KEY":"APP_USR-a0795dce-baf8-48f6-98af-4defd053ad42","MERCADO_PAGO_ACCESS_TOKEN":"APP_USR-6752615657925923-021923-055cfbc93701d8acfdd153d25b9c4ac8-3215101753","MERCADO_PAGO_CLIENT_ID":"6752615657925923","MERCADO_PAGO_CLIENT_SECRET":"37OPj64uyGyNK2db7e3GBeqizFIF3fuL","MERCADO_PAGO_WEBHOOK_URL":"https://us-central1-reservaeldia-7a440.cloudfunctions.net/mercadoPagoWebhook","MP_WEBHOOK_SECRET":"27104730db6cc9a5f93bc49e4e3f9c70b22f6090845bf7e56d47f3aa2c1589c5","GOOGLE_MAPS_EMBED_API_KEY":"AIzaSyArR56EXHhdSZ1GmpPXwOELlDkoSK-FYrk","FIREBASE_CONFIG":"{\"projectId\":\"reservaeldia-7a440\",\"storageBucket\":\"reservaeldia-7a440.firebasestorage.app\"}","GCLOUD_PROJECT":"reservaeldia-7a440","EVENTARC_CLOUD_EVENT_SOURCE":"projects/reservaeldia-7a440/locations/us-central1/services/adminHardDeleteTemplateFromTrashV1","FUNCTION_TARGET":"adminHardDeleteTemplateFromTrashV1","LOG_EXECUTION_ID":"true","FUNCTION_SIGNATURE_TYPE":"http"},"maxInstanceCount":100,"ingressSettings":"ALLOW_ALL","uri":"https://adminharddeletetemplatefromtrashv1-vntxuytzsa-uc.a.run.app","serviceAccountEmail":"860495975406-compute@developer.gserviceaccount.com","availableMemory":"256Mi","allTrafficOnLatestRevision":true,"revision":"adminharddeletetemplatefromtrashv1-00168-wut","maxInstanceRequestConcurrency":1,"availableCpu":"0.1666"},"state":"ACTIVE","updateTime":"2026-08-06T16:36:06.298128168Z","labels":{"firebase-functions-hash":"5efaf1777d259b9855b4eeb91a96fbac3aed1a65","deployment-tool":"cli-firebase","deployment-callable":"true"},"environment":"GEN_2","url":"https://us-central1-reservaeldia-7a440.cloudfunctions.net/adminHardDeleteTemplateFromTrashV1","createTime":"2026-03-13T01:30:19.086537703Z","satisfiesPzi":true},{"name":"projects/reservaeldia-7a440/locations/us-central1/functions/saveCountdownPresetDraft","buildConfig":{"build":"projects/860495975406/locations/us-central1/builds/cca5cf55-789d-4371-bd8c-c387d4e9200b","runtime":"nodejs20","entryPoint":"saveCountdownPresetDraft","source":{"storageSource":{"bucket":"gcf-v2-sources-860495975406-us-central1","object":"saveCountdownPresetDraft/function-source.zip","generation":"1786035262737395"}},"environmentVariables":{"GOOGLE_NODE_RUN_SCRIPTS":""},"dockerRepository":"projects/reservaeldia-7a440/locations/us-central1/repositories/gcf-artifacts","sourceProvenance":{"resolvedStorageSource":{"bucket":"gcf-v2-sources-860495975406-us-central1","object":"saveCountdownPresetDraft/function-source.zip","generation":"1786035262737395"}},"dockerRegistry":"ARTIFACT_REGISTRY","serviceAccount":"projects/reservaeldia-7a440/serviceAccounts/860495975406-compute@developer.gserviceaccount.com","automaticUpdatePolicy":{}},"serviceConfig":{"service":"projects/reservaeldia-7a440/locations/us-central1/services/savecountdownpresetdraft","timeoutSeconds":60,"environmentVariables":{"SUPERADMINS_UIDS":"8mvF9cwdbtYo2leAjO11cNxhaLV2","MERCADO_PAGO_PUBLIC_KEY":"APP_USR-a0795dce-baf8-48f6-98af-4defd053ad42","MERCADO_PAGO_ACCESS_TOKEN":"APP_USR-6752615657925923-021923-055cfbc93701d8acfdd153d25b9c4ac8-3215101753","MERCADO_PAGO_CLIENT_ID":"6752615657925923","MERCADO_PAGO_CLIENT_SECRET":"37OPj64uyGyNK2db7e3GBeqizFIF3fuL","MERCADO_PAGO_WEBHOOK_URL":"https://us-central1-reservaeldia-7a440.cloudfunctions.net/mercadoPagoWebhook","MP_WEBHOOK_SECRET":"27104730db6cc9a5f93bc49e4e3f9c70b22f6090845bf7e56d47f3aa2c1589c5","GOOGLE_MAPS_EMBED_API_KEY":"AIzaSyArR56EXHhdSZ1GmpPXwOELlDkoSK-FYrk","FIREBASE_CONFIG":"{\"projectId\":\"reservaeldia-7a440\",\"storageBucket\":\"reservaeldia-7a440.firebasestorage.app\"}","GCLOUD_PROJECT":"reservaeldia-7a440","EVENTARC_CLOUD_EVENT_SOURCE":"projects/reservaeldia-7a440/locations/us-central1/services/saveCountdownPresetDraft","FUNCTION_TARGET":"saveCountdownPresetDraft","LOG_EXECUTION_ID":"true"},"maxInstanceCount":100,"ingressSettings":"ALLOW_ALL","uri":"https://savecountdownpresetdraft-vntxuytzsa-uc.a.run.app","serviceAccountEmail":"860495975406-compute@developer.gserviceaccount.com","availableMemory":"256Mi","allTrafficOnLatestRevision":true,"revision":"savecountdownpresetdraft-00179-xox","maxInstanceRequestConcurrency":1,"availableCpu":"0.1666"},"state":"ACTIVE","updateTime":"2026-08-06T16:55:19.959299807Z","labels":{"deployment-callable":"true","firebase-functions-hash":"5efaf1777d259b9855b4eeb91a96fbac3aed1a65","deployment-tool":"cli-firebase"},"environment":"GEN_2","url":"https://us-central1-reservaeldia-7a440.cloudfunctions.net/saveCountdownPresetDraft","createTime":"2026-02-27T02:12:14.159985861Z","satisfiesPzi":true},{"name":"projects/reservaeldia-7a440/locations/us-central1/functions/processPendingAnalyticsEventsV1","buildConfig":{"build":"projects/860495975406/locations/us-central1/builds/1751d5b5-2b3a-424b-8023-0dbd64c1b2c2","runtime":"nodejs20","entryPoint":"processPendingAnalyticsEventsV1","source":{"storageSource":{"bucket":"gcf-v2-sources-860495975406-us-central1","object":"processPendingAnalyticsEventsV1/function-source.zip","generation":"1785242986073406"}},"environmentVariables":{"GOOGLE_NODE_RUN_SCRIPTS":""},"dockerRepository":"projects/reservaeldia-7a440/locations/us-central1/repositories/gcf-artifacts","sourceProvenance":{"resolvedStorageSource":{"bucket":"gcf-v2-sources-860495975406-us-central1","object":"processPendingAnalyticsEventsV1/function-source.zip","generation":"1785242986073406"}},"dockerRegistry":"ARTIFACT_REGISTRY","serviceAccount":"projects/reservaeldia-7a440/serviceAccounts/860495975406-compute@developer.gserviceaccount.com","automaticUpdatePolicy":{}},"serviceConfig":{"service":"projects/reservaeldia-7a440/locations/us-central1/services/processpendinganalyticseventsv1","timeoutSeconds":60,"environmentVariables":{"SUPERADMINS_UIDS":"8mvF9cwdbtYo2leAjO11cNxhaLV2","MERCADO_PAGO_PUBLIC_KEY":"APP_USR-a0795dce-baf8-48f6-98af-4defd053ad42","MERCADO_PAGO_ACCESS_TOKEN":"APP_USR-6752615657925923-021923-055cfbc93701d8acfdd153d25b9c4ac8-3215101753","MERCADO_PAGO_CLIENT_ID":"6752615657925923","MERCADO_PAGO_CLIENT_SECRET":"37OPj64uyGyNK2db7e3GBeqizFIF3fuL","MERCADO_PAGO_WEBHOOK_URL":"https://us-central1-reservaeldia-7a440.cloudfunctions.net/mercadoPagoWebhook","MP_WEBHOOK_SECRET":"27104730db6cc9a5f93bc49e4e3f9c70b22f6090845bf7e56d47f3aa2c1589c5","GOOGLE_MAPS_EMBED_API_KEY":"AIzaSyArR56EXHhdSZ1GmpPXwOELlDkoSK-FYrk","FIREBASE_CONFIG":"{\"projectId\":\"reservaeldia-7a440\",\"storageBucket\":\"reservaeldia-7a440.firebasestorage.app\"}","GCLOUD_PROJECT":"reservaeldia-7a440","EVENTARC_CLOUD_EVENT_SOURCE":"projects/reservaeldia-7a440/locations/us-central1/services/processPendingAnalyticsEventsV1","FUNCTION_TARGET":"processPendingAnalyticsEventsV1","LOG_EXECUTION_ID":"true","FUNCTION_SIGNATURE_TYPE":"http"},"maxInstanceCount":60,"ingressSettings":"ALLOW_ALL","uri":"https://processpendinganalyticseventsv1-vntxuytzsa-uc.a.run.app","serviceAccountEmail":"860495975406-compute@developer.gserviceaccount.com","availableMemory":"512Mi","allTrafficOnLatestRevision":true,"revision":"processpendinganalyticseventsv1-00134-xac","maxInstanceRequestConcurrency":1,"availableCpu":"0.3333"},"state":"ACTIVE","updateTime":"2026-07-28T12:50:12.825703873Z","labels":{"deployment-tool":"cli-firebase","deployment-scheduled":"true","firebase-functions-hash":"d122378e98f45effe92711c767be8035f097d07d"},"environment":"GEN_2","url":"https://us-central1-reservaeldia-7a440.cloudfunctions.net/processPendingAnalyticsEventsV1","createTime":"2026-03-13T04:34:14.728859262Z","satisfiesPzi":true},{"name":"projects/reservaeldia-7a440/locations/us-central1/functions/restoreDraftFromTrash","buildConfig":{"build":"projects/860495975406/locations/us-central1/builds/a6177607-fe15-4f3a-96e8-9f28200f6ff9","runtime":"nodejs20","entryPoint":"restoreDraftFromTrash","source":{"storageSource":{"bucket":"gcf-v2-sources-860495975406-us-central1","object":"restoreDraftFromTrash/function-source.zip","generation":"1785242919469983"}},"environmentVariables":{"GOOGLE_NODE_RUN_SCRIPTS":""},"dockerRepository":"projects/reservaeldia-7a440/locations/us-central1/repositories/gcf-artifacts","sourceProvenance":{"resolvedStorageSource":{"bucket":"gcf-v2-sources-860495975406-us-central1","object":"restoreDraftFromTrash/function-source.zip","generation":"1785242919469983"}},"dockerRegistry":"ARTIFACT_REGISTRY","serviceAccount":"projects/reservaeldia-7a440/serviceAccounts/860495975406-compute@developer.gserviceaccount.com","automaticUpdatePolicy":{}},"serviceConfig":{"service":"projects/reservaeldia-7a440/locations/us-central1/services/restoredraftfromtrash","timeoutSeconds":60,"environmentVariables":{"SUPERADMINS_UIDS":"8mvF9cwdbtYo2leAjO11cNxhaLV2","MERCADO_PAGO_PUBLIC_KEY":"APP_USR-a0795dce-baf8-48f6-98af-4defd053ad42","MERCADO_PAGO_ACCESS_TOKEN":"APP_USR-6752615657925923-021923-055cfbc93701d8acfdd153d25b9c4ac8-3215101753","MERCADO_PAGO_CLIENT_ID":"6752615657925923","MERCADO_PAGO_CLIENT_SECRET":"37OPj64uyGyNK2db7e3GBeqizFIF3fuL","MERCADO_PAGO_WEBHOOK_URL":"https://us-central1-reservaeldia-7a440.cloudfunctions.net/mercadoPagoWebhook","MP_WEBHOOK_SECRET":"27104730db6cc9a5f93bc49e4e3f9c70b22f6090845bf7e56d47f3aa2c1589c5","GOOGLE_MAPS_EMBED_API_KEY":"AIzaSyArR56EXHhdSZ1GmpPXwOELlDkoSK-FYrk","FIREBASE_CONFIG":"{\"projectId\":\"reservaeldia-7a440\",\"storageBucket\":\"reservaeldia-7a440.firebasestorage.app\"}","GCLOUD_PROJECT":"reservaeldia-7a440","EVENTARC_CLOUD_EVENT_SOURCE":"projects/reservaeldia-7a440/locations/us-central1/services/restoreDraftFromTrash","FUNCTION_TARGET":"restoreDraftFromTrash","LOG_EXECUTION_ID":"true"},"maxInstanceCount":100,"ingressSettings":"ALLOW_ALL","uri":"https://restoredraftfromtrash-vntxuytzsa-uc.a.run.app","serviceAccountEmail":"860495975406-compute@developer.gserviceaccount.com","availableMemory":"256Mi","allTrafficOnLatestRevision":true,"revision":"restoredraftfromtrash-00161-del","maxInstanceRequestConcurrency":1,"availableCpu":"0.1666"},"state":"ACTIVE","updateTime":"2026-07-28T12:50:05.087877319Z","labels":{"deployment-tool":"cli-firebase","deployment-callable":"true","firebase-functions-hash":"d122378e98f45effe92711c767be8035f097d07d"},"environment":"GEN_2","url":"https://us-central1-reservaeldia-7a440.cloudfunctions.net/restoreDraftFromTrash","createTime":"2026-02-26T18:00:50.947515019Z","satisfiesPzi":true},{"name":"projects/reservaeldia-7a440/locations/us-central1/functions/adminConvertDraftToTemplateV1","buildConfig":{"build":"projects/860495975406/locations/us-central1/builds/63ad86be-fd19-48aa-8e52-b5898bc22654","runtime":"nodejs20","entryPoint":"adminConvertDraftToTemplateV1","source":{"storageSource":{"bucket":"gcf-v2-sources-860495975406-us-central1","object":"adminConvertDraftToTemplateV1/function-source.zip","generation":"1786034146489089"}},"environmentVariables":{"GOOGLE_NODE_RUN_SCRIPTS":""},"dockerRepository":"projects/reservaeldia-7a440/locations/us-central1/repositories/gcf-artifacts","sourceProvenance":{"resolvedStorageSource":{"bucket":"gcf-v2-sources-860495975406-us-central1","object":"adminConvertDraftToTemplateV1/function-source.zip","generation":"1786034146489089"}},"dockerRegistry":"ARTIFACT_REGISTRY","serviceAccount":"projects/reservaeldia-7a440/serviceAccounts/860495975406-compute@developer.gserviceaccount.com","automaticUpdatePolicy":{}},"serviceConfig":{"service":"projects/reservaeldia-7a440/locations/us-central1/services/adminconvertdrafttotemplatev1","timeoutSeconds":60,"environmentVariables":{"SUPERADMINS_UIDS":"8mvF9cwdbtYo2leAjO11cNxhaLV2","MERCADO_PAGO_PUBLIC_KEY":"APP_USR-a0795dce-baf8-48f6-98af-4defd053ad42","MERCADO_PAGO_ACCESS_TOKEN":"APP_USR-6752615657925923-021923-055cfbc93701d8acfdd153d25b9c4ac8-3215101753","MERCADO_PAGO_CLIENT_ID":"6752615657925923","MERCADO_PAGO_CLIENT_SECRET":"37OPj64uyGyNK2db7e3GBeqizFIF3fuL","MERCADO_PAGO_WEBHOOK_URL":"https://us-central1-reservaeldia-7a440.cloudfunctions.net/mercadoPagoWebhook","MP_WEBHOOK_SECRET":"27104730db6cc9a5f93bc49e4e3f9c70b22f6090845bf7e56d47f3aa2c1589c5","GOOGLE_MAPS_EMBED_API_KEY":"AIzaSyArR56EXHhdSZ1GmpPXwOELlDkoSK-FYrk","FIREBASE_CONFIG":"{\"projectId\":\"reservaeldia-7a440\",\"storageBucket\":\"reservaeldia-7a440.firebasestorage.app\"}","GCLOUD_PROJECT":"reservaeldia-7a440","EVENTARC_CLOUD_EVENT_SOURCE":"projects/reservaeldia-7a440/locations/us-central1/services/adminConvertDraftToTemplateV1","FUNCTION_TARGET":"adminConvertDraftToTemplateV1","LOG_EXECUTION_ID":"true","FUNCTION_SIGNATURE_TYPE":"http"},"maxInstanceCount":100,"ingressSettings":"ALLOW_ALL","uri":"https://adminconvertdrafttotemplatev1-vntxuytzsa-uc.a.run.app","serviceAccountEmail":"860495975406-compute@developer.gserviceaccount.com","availableMemory":"256Mi","allTrafficOnLatestRevision":true,"revision":"adminconvertdrafttotemplatev1-00169-voy","maxInstanceRequestConcurrency":1,"availableCpu":"0.1666"},"state":"ACTIVE","updateTime":"2026-08-06T16:36:07.368633863Z","labels":{"firebase-functions-hash":"5efaf1777d259b9855b4eeb91a96fbac3aed1a65","deployment-tool":"cli-firebase","deployment-callable":"true"},"environment":"GEN_2","url":"https://us-central1-reservaeldia-7a440.cloudfunctions.net/adminConvertDraftToTemplateV1","createTime":"2026-03-12T22:55:02.612882133Z","satisfiesPzi":true},{"name":"projects/reservaeldia-7a440/locations/us-central1/functions/purgeTrashedDrafts","buildConfig":{"build":"projects/860495975406/locations/us-central1/builds/a6177607-fe15-4f3a-96e8-9f28200f6ff9","runtime":"nodejs20","entryPoint":"purgeTrashedDrafts","source":{"storageSource":{"bucket":"gcf-v2-sources-860495975406-us-central1","object":"purgeTrashedDrafts/function-source.zip","generation":"1785242974727177"}},"environmentVariables":{"GOOGLE_NODE_RUN_SCRIPTS":""},"dockerRepository":"projects/reservaeldia-7a440/locations/us-central1/repositories/gcf-artifacts","sourceProvenance":{"resolvedStorageSource":{"bucket":"gcf-v2-sources-860495975406-us-central1","object":"purgeTrashedDrafts/function-source.zip","generation":"1785242974727177"}},"dockerRegistry":"ARTIFACT_REGISTRY","serviceAccount":"projects/reservaeldia-7a440/serviceAccounts/860495975406-compute@developer.gserviceaccount.com","automaticUpdatePolicy":{}},"serviceConfig":{"service":"projects/reservaeldia-7a440/locations/us-central1/services/purgetrasheddrafts","timeoutSeconds":60,"environmentVariables":{"SUPERADMINS_UIDS":"8mvF9cwdbtYo2leAjO11cNxhaLV2","MERCADO_PAGO_PUBLIC_KEY":"APP_USR-a0795dce-baf8-48f6-98af-4defd053ad42","MERCADO_PAGO_ACCESS_TOKEN":"APP_USR-6752615657925923-021923-055cfbc93701d8acfdd153d25b9c4ac8-3215101753","MERCADO_PAGO_CLIENT_ID":"6752615657925923","MERCADO_PAGO_CLIENT_SECRET":"37OPj64uyGyNK2db7e3GBeqizFIF3fuL","MERCADO_PAGO_WEBHOOK_URL":"https://us-central1-reservaeldia-7a440.cloudfunctions.net/mercadoPagoWebhook","MP_WEBHOOK_SECRET":"27104730db6cc9a5f93bc49e4e3f9c70b22f6090845bf7e56d47f3aa2c1589c5","GOOGLE_MAPS_EMBED_API_KEY":"AIzaSyArR56EXHhdSZ1GmpPXwOELlDkoSK-FYrk","FIREBASE_CONFIG":"{\"projectId\":\"reservaeldia-7a440\",\"storageBucket\":\"reservaeldia-7a440.firebasestorage.app\"}","GCLOUD_PROJECT":"reservaeldia-7a440","EVENTARC_CLOUD_EVENT_SOURCE":"projects/reservaeldia-7a440/locations/us-central1/services/purgeTrashedDrafts","FUNCTION_TARGET":"purgeTrashedDrafts","LOG_EXECUTION_ID":"true","FUNCTION_SIGNATURE_TYPE":"http"},"maxInstanceCount":100,"ingressSettings":"ALLOW_ALL","uri":"https://purgetrasheddrafts-vntxuytzsa-uc.a.run.app","serviceAccountEmail":"860495975406-compute@developer.gserviceaccount.com","availableMemory":"256Mi","allTrafficOnLatestRevision":true,"revision":"purgetrasheddrafts-00161-cih","maxInstanceRequestConcurrency":1,"availableCpu":"0.1666"},"state":"ACTIVE","updateTime":"2026-07-28T12:50:13.393229620Z","labels":{"deployment-tool":"cli-firebase","deployment-scheduled":"true","firebase-functions-hash":"d122378e98f45effe92711c767be8035f097d07d"},"environment":"GEN_2","url":"https://us-central1-reservaeldia-7a440.cloudfunctions.net/purgeTrashedDrafts","createTime":"2026-02-26T18:00:50.964722798Z","satisfiesPzi":true},{"name":"projects/reservaeldia-7a440/locations/us-central1/functions/verInvitacionPublicada","buildConfig":{"build":"projects/860495975406/locations/us-central1/builds/6454e527-95a8-45f7-ba38-5303cfa010a9","runtime":"nodejs20","entryPoint":"verInvitacionPublicada","source":{"storageSource":{"bucket":"gcf-v2-sources-860495975406-us-central1","object":"verInvitacionPublicada/function-source.zip","generation":"1785243278321225"}},"environmentVariables":{"GOOGLE_NODE_RUN_SCRIPTS":""},"dockerRepository":"projects/reservaeldia-7a440/locations/us-central1/repositories/gcf-artifacts","sourceProvenance":{"resolvedStorageSource":{"bucket":"gcf-v2-sources-860495975406-us-central1","object":"verInvitacionPublicada/function-source.zip","generation":"1785243278321225"}},"dockerRegistry":"ARTIFACT_REGISTRY","serviceAccount":"projects/reservaeldia-7a440/serviceAccounts/860495975406-compute@developer.gserviceaccount.com","automaticUpdatePolicy":{}},"serviceConfig":{"service":"projects/reservaeldia-7a440/locations/us-central1/services/verinvitacionpublicada","timeoutSeconds":60,"environmentVariables":{"SUPERADMINS_UIDS":"8mvF9cwdbtYo2leAjO11cNxhaLV2","MERCADO_PAGO_PUBLIC_KEY":"APP_USR-a0795dce-baf8-48f6-98af-4defd053ad42","MERCADO_PAGO_ACCESS_TOKEN":"APP_USR-6752615657925923-021923-055cfbc93701d8acfdd153d25b9c4ac8-3215101753","MERCADO_PAGO_CLIENT_ID":"6752615657925923","MERCADO_PAGO_CLIENT_SECRET":"37OPj64uyGyNK2db7e3GBeqizFIF3fuL","MERCADO_PAGO_WEBHOOK_URL":"https://us-central1-reservaeldia-7a440.cloudfunctions.net/mercadoPagoWebhook","MP_WEBHOOK_SECRET":"27104730db6cc9a5f93bc49e4e3f9c70b22f6090845bf7e56d47f3aa2c1589c5","GOOGLE_MAPS_EMBED_API_KEY":"AIzaSyArR56EXHhdSZ1GmpPXwOELlDkoSK-FYrk","FIREBASE_CONFIG":"{\"projectId\":\"reservaeldia-7a440\",\"storageBucket\":\"reservaeldia-7a440.firebasestorage.app\"}","GCLOUD_PROJECT":"reservaeldia-7a440","EVENTARC_CLOUD_EVENT_SOURCE":"projects/reservaeldia-7a440/locations/us-central1/services/verInvitacionPublicada","FUNCTION_TARGET":"verInvitacionPublicada","LOG_EXECUTION_ID":"true"},"maxInstanceCount":100,"ingressSettings":"ALLOW_ALL","uri":"https://verinvitacionpublicada-vntxuytzsa-uc.a.run.app","serviceAccountEmail":"860495975406-compute@developer.gserviceaccount.com","availableMemory":"256Mi","allTrafficOnLatestRevision":true,"revision":"verinvitacionpublicada-00469-puf","maxInstanceRequestConcurrency":1,"availableCpu":"0.1666"},"state":"ACTIVE","updateTime":"2026-07-28T12:56:11.390710290Z","labels":{"deployment-tool":"cli-firebase","firebase-functions-hash":"d122378e98f45effe92711c767be8035f097d07d"},"environment":"GEN_2","url":"https://us-central1-reservaeldia-7a440.cloudfunctions.net/verInvitacionPublicada","createTime":"2025-05-26T11:55:09.762122799Z","satisfiesPzi":true},{"name":"projects/reservaeldia-7a440/locations/us-central1/functions/adminListPricingHistoryV1","buildConfig":{"build":"projects/860495975406/locations/us-central1/builds/bec2d25e-e9f3-42aa-8b95-38038883b25a","runtime":"nodejs20","entryPoint":"adminListPricingHistoryV1","source":{"storageSource":{"bucket":"gcf-v2-sources-860495975406-us-central1","object":"adminListPricingHistoryV1/function-source.zip","generation":"1786034292642868"}},"environmentVariables":{"GOOGLE_NODE_RUN_SCRIPTS":""},"dockerRepository":"projects/reservaeldia-7a440/locations/us-central1/repositories/gcf-artifacts","sourceProvenance":{"resolvedStorageSource":{"bucket":"gcf-v2-sources-860495975406-us-central1","object":"adminListPricingHistoryV1/function-source.zip","generation":"1786034292642868"}},"dockerRegistry":"ARTIFACT_REGISTRY","serviceAccount":"projects/reservaeldia-7a440/serviceAccounts/860495975406-compute@developer.gserviceaccount.com","automaticUpdatePolicy":{}},"serviceConfig":{"service":"projects/reservaeldia-7a440/locations/us-central1/services/adminlistpricinghistoryv1","timeoutSeconds":60,"environmentVariables":{"SUPERADMINS_UIDS":"8mvF9cwdbtYo2leAjO11cNxhaLV2","MERCADO_PAGO_PUBLIC_KEY":"APP_USR-a0795dce-baf8-48f6-98af-4defd053ad42","MERCADO_PAGO_ACCESS_TOKEN":"APP_USR-6752615657925923-021923-055cfbc93701d8acfdd153d25b9c4ac8-3215101753","MERCADO_PAGO_CLIENT_ID":"6752615657925923","MERCADO_PAGO_CLIENT_SECRET":"37OPj64uyGyNK2db7e3GBeqizFIF3fuL","MERCADO_PAGO_WEBHOOK_URL":"https://us-central1-reservaeldia-7a440.cloudfunctions.net/mercadoPagoWebhook","MP_WEBHOOK_SECRET":"27104730db6cc9a5f93bc49e4e3f9c70b22f6090845bf7e56d47f3aa2c1589c5","GOOGLE_MAPS_EMBED_API_KEY":"AIzaSyArR56EXHhdSZ1GmpPXwOELlDkoSK-FYrk","FIREBASE_CONFIG":"{\"projectId\":\"reservaeldia-7a440\",\"storageBucket\":\"reservaeldia-7a440.firebasestorage.app\"}","GCLOUD_PROJECT":"reservaeldia-7a440","EVENTARC_CLOUD_EVENT_SOURCE":"projects/reservaeldia-7a440/locations/us-central1/services/adminListPricingHistoryV1","FUNCTION_TARGET":"adminListPricingHistoryV1","LOG_EXECUTION_ID":"true","FUNCTION_SIGNATURE_TYPE":"http"},"maxInstanceCount":100,"ingressSettings":"ALLOW_ALL","uri":"https://adminlistpricinghistoryv1-vntxuytzsa-uc.a.run.app","serviceAccountEmail":"860495975406-compute@developer.gserviceaccount.com","availableMemory":"256Mi","allTrafficOnLatestRevision":true,"revision":"adminlistpricinghistoryv1-00150-pey","maxInstanceRequestConcurrency":1,"availableCpu":"0.1666"},"state":"ACTIVE","updateTime":"2026-08-06T16:38:23.116217755Z","labels":{"deployment-tool":"cli-firebase","deployment-callable":"true","firebase-functions-hash":"5efaf1777d259b9855b4eeb91a96fbac3aed1a65"},"environment":"GEN_2","url":"https://us-central1-reservaeldia-7a440.cloudfunctions.net/adminListPricingHistoryV1","createTime":"2026-03-15T02:17:53.752380443Z","satisfiesPzi":true},{"name":"projects/reservaeldia-7a440/locations/us-central1/functions/prepareDraftPreviewRender","buildConfig":{"build":"projects/860495975406/locations/us-central1/builds/9697ea54-d44c-4853-8ce8-e38289ae8f6a","runtime":"nodejs20","entryPoint":"prepareDraftPreviewRender","source":{"storageSource":{"bucket":"gcf-v2-sources-860495975406-us-central1","object":"prepareDraftPreviewRender/function-source.zip","generation":"1786587725246791"}},"environmentVariables":{"GOOGLE_NODE_RUN_SCRIPTS":""},"dockerRepository":"projects/reservaeldia-7a440/locations/us-central1/repositories/gcf-artifacts","sourceProvenance":{"resolvedStorageSource":{"bucket":"gcf-v2-sources-860495975406-us-central1","object":"prepareDraftPreviewRender/function-source.zip","generation":"1786587725246791"}},"dockerRegistry":"ARTIFACT_REGISTRY","serviceAccount":"projects/reservaeldia-7a440/serviceAccounts/860495975406-compute@developer.gserviceaccount.com","automaticUpdatePolicy":{}},"serviceConfig":{"service":"projects/reservaeldia-7a440/locations/us-central1/services/preparedraftpreviewrender","timeoutSeconds":60,"environmentVariables":{"SUPERADMINS_UIDS":"8mvF9cwdbtYo2leAjO11cNxhaLV2","MERCADO_PAGO_PUBLIC_KEY":"APP_USR-a0795dce-baf8-48f6-98af-4defd053ad42","MERCADO_PAGO_ACCESS_TOKEN":"APP_USR-6752615657925923-021923-055cfbc93701d8acfdd153d25b9c4ac8-3215101753","MERCADO_PAGO_CLIENT_ID":"6752615657925923","MERCADO_PAGO_CLIENT_SECRET":"37OPj64uyGyNK2db7e3GBeqizFIF3fuL","MERCADO_PAGO_WEBHOOK_URL":"https://us-central1-reservaeldia-7a440.cloudfunctions.net/mercadoPagoWebhook","MP_WEBHOOK_SECRET":"27104730db6cc9a5f93bc49e4e3f9c70b22f6090845bf7e56d47f3aa2c1589c5","GOOGLE_MAPS_EMBED_API_KEY":"AIzaSyArR56EXHhdSZ1GmpPXwOELlDkoSK-FYrk","FIREBASE_CONFIG":"{\"projectId\":\"reservaeldia-7a440\",\"storageBucket\":\"reservaeldia-7a440.firebasestorage.app\"}","GCLOUD_PROJECT":"reservaeldia-7a440","EVENTARC_CLOUD_EVENT_SOURCE":"projects/reservaeldia-7a440/locations/us-central1/services/prepareDraftPreviewRender","FUNCTION_TARGET":"prepareDraftPreviewRender","LOG_EXECUTION_ID":"true"},"maxInstanceCount":60,"ingressSettings":"ALLOW_ALL","uri":"https://preparedraftpreviewrender-vntxuytzsa-uc.a.run.app","serviceAccountEmail":"860495975406-compute@developer.gserviceaccount.com","availableMemory":"512Mi","allTrafficOnLatestRevision":true,"revision":"preparedraftpreviewrender-00085-tug","maxInstanceRequestConcurrency":1,"availableCpu":"0.3333"},"state":"ACTIVE","updateTime":"2026-08-13T02:23:28.012763675Z","labels":{"deployment-tool":"cli-firebase","deployment-callable":"true","firebase-functions-hash":"cd79a1fcdd51589b837bd2b426add016a5910cc6"},"environment":"GEN_2","url":"https://us-central1-reservaeldia-7a440.cloudfunctions.net/prepareDraftPreviewRender","createTime":"2026-04-24T19:12:45.410577254Z","satisfiesPzi":true},{"name":"projects/reservaeldia-7a440/locations/us-central1/functions/getDashboardHomeConfigV1","buildConfig":{"build":"projects/860495975406/locations/us-central1/builds/7d221b80-df8a-44b4-8701-79eec488f161","runtime":"nodejs20","entryPoint":"getDashboardHomeConfigV1","source":{"storageSource":{"bucket":"gcf-v2-sources-860495975406-us-central1","object":"getDashboardHomeConfigV1/function-source.zip","generation":"1786034902687482"}},"environmentVariables":{"GOOGLE_NODE_RUN_SCRIPTS":""},"dockerRepository":"projects/reservaeldia-7a440/locations/us-central1/repositories/gcf-artifacts","sourceProvenance":{"resolvedStorageSource":{"bucket":"gcf-v2-sources-860495975406-us-central1","object":"getDashboardHomeConfigV1/function-source.zip","generation":"1786034902687482"}},"dockerRegistry":"ARTIFACT_REGISTRY","serviceAccount":"projects/reservaeldia-7a440/serviceAccounts/860495975406-compute@developer.gserviceaccount.com","automaticUpdatePolicy":{}},"serviceConfig":{"service":"projects/reservaeldia-7a440/locations/us-central1/services/getdashboardhomeconfigv1","timeoutSeconds":60,"environmentVariables":{"SUPERADMINS_UIDS":"8mvF9cwdbtYo2leAjO11cNxhaLV2","MERCADO_PAGO_PUBLIC_KEY":"APP_USR-a0795dce-baf8-48f6-98af-4defd053ad42","MERCADO_PAGO_ACCESS_TOKEN":"APP_USR-6752615657925923-021923-055cfbc93701d8acfdd153d25b9c4ac8-3215101753","MERCADO_PAGO_CLIENT_ID":"6752615657925923","MERCADO_PAGO_CLIENT_SECRET":"37OPj64uyGyNK2db7e3GBeqizFIF3fuL","MERCADO_PAGO_WEBHOOK_URL":"https://us-central1-reservaeldia-7a440.cloudfunctions.net/mercadoPagoWebhook","MP_WEBHOOK_SECRET":"27104730db6cc9a5f93bc49e4e3f9c70b22f6090845bf7e56d47f3aa2c1589c5","GOOGLE_MAPS_EMBED_API_KEY":"AIzaSyArR56EXHhdSZ1GmpPXwOELlDkoSK-FYrk","FIREBASE_CONFIG":"{\"projectId\":\"reservaeldia-7a440\",\"storageBucket\":\"reservaeldia-7a440.firebasestorage.app\"}","GCLOUD_PROJECT":"reservaeldia-7a440","EVENTARC_CLOUD_EVENT_SOURCE":"projects/reservaeldia-7a440/locations/us-central1/services/getDashboardHomeConfigV1","FUNCTION_TARGET":"getDashboardHomeConfigV1","LOG_EXECUTION_ID":"true","FUNCTION_SIGNATURE_TYPE":"http"},"maxInstanceCount":100,"ingressSettings":"ALLOW_ALL","uri":"https://getdashboardhomeconfigv1-vntxuytzsa-uc.a.run.app","serviceAccountEmail":"860495975406-compute@developer.gserviceaccount.com","availableMemory":"256Mi","allTrafficOnLatestRevision":true,"revision":"getdashboardhomeconfigv1-00141-taf","maxInstanceRequestConcurrency":1,"availableCpu":"0.1666"},"state":"ACTIVE","updateTime":"2026-08-06T16:49:09.907815635Z","labels":{"deployment-tool":"cli-firebase","deployment-callable":"true","firebase-functions-hash":"5efaf1777d259b9855b4eeb91a96fbac3aed1a65"},"environment":"GEN_2","url":"https://us-central1-reservaeldia-7a440.cloudfunctions.net/getDashboardHomeConfigV1","createTime":"2026-03-14T01:26:20.094705468Z","satisfiesPzi":true},{"name":"projects/reservaeldia-7a440/locations/us-central1/functions/adminSetTextPresetActivationV1","buildConfig":{"build":"projects/860495975406/locations/us-central1/builds/286972ba-d751-4f29-8f90-2c27e53fc4e6","runtime":"nodejs20","entryPoint":"adminSetTextPresetActivationV1","source":{"storageSource":{"bucket":"gcf-v2-sources-860495975406-us-central1","object":"adminSetTextPresetActivationV1/function-source.zip","generation":"1786034593161542"}},"environmentVariables":{"GOOGLE_NODE_RUN_SCRIPTS":""},"dockerRepository":"projects/reservaeldia-7a440/locations/us-central1/repositories/gcf-artifacts","sourceProvenance":{"resolvedStorageSource":{"bucket":"gcf-v2-sources-860495975406-us-central1","object":"adminSetTextPresetActivationV1/function-source.zip","generation":"1786034593161542"}},"dockerRegistry":"ARTIFACT_REGISTRY","serviceAccount":"projects/reservaeldia-7a440/serviceAccounts/860495975406-compute@developer.gserviceaccount.com","automaticUpdatePolicy":{}},"serviceConfig":{"service":"projects/reservaeldia-7a440/locations/us-central1/services/adminsettextpresetactivationv1","timeoutSeconds":60,"environmentVariables":{"SUPERADMINS_UIDS":"8mvF9cwdbtYo2leAjO11cNxhaLV2","MERCADO_PAGO_PUBLIC_KEY":"APP_USR-a0795dce-baf8-48f6-98af-4defd053ad42","MERCADO_PAGO_ACCESS_TOKEN":"APP_USR-6752615657925923-021923-055cfbc93701d8acfdd153d25b9c4ac8-3215101753","MERCADO_PAGO_CLIENT_ID":"6752615657925923","MERCADO_PAGO_CLIENT_SECRET":"37OPj64uyGyNK2db7e3GBeqizFIF3fuL","MERCADO_PAGO_WEBHOOK_URL":"https://us-central1-reservaeldia-7a440.cloudfunctions.net/mercadoPagoWebhook","MP_WEBHOOK_SECRET":"27104730db6cc9a5f93bc49e4e3f9c70b22f6090845bf7e56d47f3aa2c1589c5","GOOGLE_MAPS_EMBED_API_KEY":"AIzaSyArR56EXHhdSZ1GmpPXwOELlDkoSK-FYrk","FIREBASE_CONFIG":"{\"projectId\":\"reservaeldia-7a440\",\"storageBucket\":\"reservaeldia-7a440.firebasestorage.app\"}","GCLOUD_PROJECT":"reservaeldia-7a440","EVENTARC_CLOUD_EVENT_SOURCE":"projects/reservaeldia-7a440/locations/us-central1/services/adminSetTextPresetActivationV1","FUNCTION_TARGET":"adminSetTextPresetActivationV1","LOG_EXECUTION_ID":"true","FUNCTION_SIGNATURE_TYPE":"http"},"maxInstanceCount":100,"ingressSettings":"ALLOW_ALL","uri":"https://adminsettextpresetactivationv1-vntxuytzsa-uc.a.run.app","serviceAccountEmail":"860495975406-compute@developer.gserviceaccount.com","availableMemory":"256Mi","allTrafficOnLatestRevision":true,"revision":"adminsettextpresetactivationv1-00177-gib","maxInstanceRequestConcurrency":1,"availableCpu":"0.1666"},"state":"ACTIVE","updateTime":"2026-08-06T16:43:34.055898738Z","labels":{"firebase-functions-hash":"5efaf1777d259b9855b4eeb91a96fbac3aed1a65","deployment-tool":"cli-firebase","deployment-callable":"true"},"environment":"GEN_2","url":"https://us-central1-reservaeldia-7a440.cloudfunctions.net/adminSetTextPresetActivationV1","createTime":"2026-03-02T13:27:17.085435901Z","satisfiesPzi":true},{"name":"projects/reservaeldia-7a440/locations/us-central1/functions/retryPaidPublicationWithNewSlug","buildConfig":{"build":"projects/860495975406/locations/us-central1/builds/8862f1e9-5347-448a-b666-d8ed85862372","runtime":"nodejs20","entryPoint":"retryPaidPublicationWithNewSlug","source":{"storageSource":{"bucket":"gcf-v2-sources-860495975406-us-central1","object":"retryPaidPublicationWithNewSlug/function-source.zip","generation":"1785242919544332"}},"environmentVariables":{"GOOGLE_NODE_RUN_SCRIPTS":""},"dockerRepository":"projects/reservaeldia-7a440/locations/us-central1/repositories/gcf-artifacts","sourceProvenance":{"resolvedStorageSource":{"bucket":"gcf-v2-sources-860495975406-us-central1","object":"retryPaidPublicationWithNewSlug/function-source.zip","generation":"1785242919544332"}},"dockerRegistry":"ARTIFACT_REGISTRY","serviceAccount":"projects/reservaeldia-7a440/serviceAccounts/860495975406-compute@developer.gserviceaccount.com","automaticUpdatePolicy":{}},"serviceConfig":{"service":"projects/reservaeldia-7a440/locations/us-central1/services/retrypaidpublicationwithnewslug","timeoutSeconds":60,"environmentVariables":{"SUPERADMINS_UIDS":"8mvF9cwdbtYo2leAjO11cNxhaLV2","MERCADO_PAGO_PUBLIC_KEY":"APP_USR-a0795dce-baf8-48f6-98af-4defd053ad42","MERCADO_PAGO_ACCESS_TOKEN":"APP_USR-6752615657925923-021923-055cfbc93701d8acfdd153d25b9c4ac8-3215101753","MERCADO_PAGO_CLIENT_ID":"6752615657925923","MERCADO_PAGO_CLIENT_SECRET":"37OPj64uyGyNK2db7e3GBeqizFIF3fuL","MERCADO_PAGO_WEBHOOK_URL":"https://us-central1-reservaeldia-7a440.cloudfunctions.net/mercadoPagoWebhook","MP_WEBHOOK_SECRET":"27104730db6cc9a5f93bc49e4e3f9c70b22f6090845bf7e56d47f3aa2c1589c5","GOOGLE_MAPS_EMBED_API_KEY":"AIzaSyArR56EXHhdSZ1GmpPXwOELlDkoSK-FYrk","FIREBASE_CONFIG":"{\"projectId\":\"reservaeldia-7a440\",\"storageBucket\":\"reservaeldia-7a440.firebasestorage.app\"}","GCLOUD_PROJECT":"reservaeldia-7a440","EVENTARC_CLOUD_EVENT_SOURCE":"projects/reservaeldia-7a440/locations/us-central1/services/retryPaidPublicationWithNewSlug","FUNCTION_TARGET":"retryPaidPublicationWithNewSlug","LOG_EXECUTION_ID":"true"},"maxInstanceCount":20,"ingressSettings":"ALLOW_ALL","uri":"https://retrypaidpublicationwithnewslug-vntxuytzsa-uc.a.run.app","serviceAccountEmail":"860495975406-compute@developer.gserviceaccount.com","availableMemory":"1024Mi","allTrafficOnLatestRevision":true,"revision":"retrypaidpublicationwithnewslug-00230-vup","maxInstanceRequestConcurrency":1,"availableCpu":"1"},"state":"ACTIVE","updateTime":"2026-07-28T12:50:13.589966289Z","labels":{"deployment-callable":"true","firebase-functions-hash":"d122378e98f45effe92711c767be8035f097d07d","deployment-tool":"cli-firebase"},"environment":"GEN_2","url":"https://us-central1-reservaeldia-7a440.cloudfunctions.net/retryPaidPublicationWithNewSlug","createTime":"2026-02-20T09:35:09.381116274Z","satisfiesPzi":true},{"name":"projects/reservaeldia-7a440/locations/us-central1/functions/adminListTextPresetsV1","buildConfig":{"build":"projects/860495975406/locations/us-central1/builds/bec2d25e-e9f3-42aa-8b95-38038883b25a","runtime":"nodejs20","entryPoint":"adminListTextPresetsV1","source":{"storageSource":{"bucket":"gcf-v2-sources-860495975406-us-central1","object":"adminListTextPresetsV1/function-source.zip","generation":"1786034292434499"}},"environmentVariables":{"GOOGLE_NODE_RUN_SCRIPTS":""},"dockerRepository":"projects/reservaeldia-7a440/locations/us-central1/repositories/gcf-artifacts","sourceProvenance":{"resolvedStorageSource":{"bucket":"gcf-v2-sources-860495975406-us-central1","object":"adminListTextPresetsV1/function-source.zip","generation":"1786034292434499"}},"dockerRegistry":"ARTIFACT_REGISTRY","serviceAccount":"projects/reservaeldia-7a440/serviceAccounts/860495975406-compute@developer.gserviceaccount.com","automaticUpdatePolicy":{}},"serviceConfig":{"service":"projects/reservaeldia-7a440/locations/us-central1/services/adminlisttextpresetsv1","timeoutSeconds":60,"environmentVariables":{"SUPERADMINS_UIDS":"8mvF9cwdbtYo2leAjO11cNxhaLV2","MERCADO_PAGO_PUBLIC_KEY":"APP_USR-a0795dce-baf8-48f6-98af-4defd053ad42","MERCADO_PAGO_ACCESS_TOKEN":"APP_USR-6752615657925923-021923-055cfbc93701d8acfdd153d25b9c4ac8-3215101753","MERCADO_PAGO_CLIENT_ID":"6752615657925923","MERCADO_PAGO_CLIENT_SECRET":"37OPj64uyGyNK2db7e3GBeqizFIF3fuL","MERCADO_PAGO_WEBHOOK_URL":"https://us-central1-reservaeldia-7a440.cloudfunctions.net/mercadoPagoWebhook","MP_WEBHOOK_SECRET":"27104730db6cc9a5f93bc49e4e3f9c70b22f6090845bf7e56d47f3aa2c1589c5","GOOGLE_MAPS_EMBED_API_KEY":"AIzaSyArR56EXHhdSZ1GmpPXwOELlDkoSK-FYrk","FIREBASE_CONFIG":"{\"projectId\":\"reservaeldia-7a440\",\"storageBucket\":\"reservaeldia-7a440.firebasestorage.app\"}","GCLOUD_PROJECT":"reservaeldia-7a440","EVENTARC_CLOUD_EVENT_SOURCE":"projects/reservaeldia-7a440/locations/us-central1/services/adminListTextPresetsV1","FUNCTION_TARGET":"adminListTextPresetsV1","LOG_EXECUTION_ID":"true","FUNCTION_SIGNATURE_TYPE":"http"},"maxInstanceCount":100,"ingressSettings":"ALLOW_ALL","uri":"https://adminlisttextpresetsv1-vntxuytzsa-uc.a.run.app","serviceAccountEmail":"860495975406-compute@developer.gserviceaccount.com","availableMemory":"256Mi","allTrafficOnLatestRevision":true,"revision":"adminlisttextpresetsv1-00181-qet","maxInstanceRequestConcurrency":1,"availableCpu":"0.1666"},"state":"ACTIVE","updateTime":"2026-08-06T16:38:23.279543005Z","labels":{"firebase-functions-hash":"5efaf1777d259b9855b4eeb91a96fbac3aed1a65","deployment-tool":"cli-firebase","deployment-callable":"true"},"environment":"GEN_2","url":"https://us-central1-reservaeldia-7a440.cloudfunctions.net/adminListTextPresetsV1","createTime":"2026-03-02T13:26:11.424236151Z","satisfiesPzi":true},{"name":"projects/reservaeldia-7a440/locations/us-central1/functions/getAdminAccess","buildConfig":{"build":"projects/860495975406/locations/us-central1/builds/7d221b80-df8a-44b4-8701-79eec488f161","runtime":"nodejs20","entryPoint":"getAdminAccess","source":{"storageSource":{"bucket":"gcf-v2-sources-860495975406-us-central1","object":"getAdminAccess/function-source.zip","generation":"1786034902191834"}},"environmentVariables":{"GOOGLE_NODE_RUN_SCRIPTS":""},"dockerRepository":"projects/reservaeldia-7a440/locations/us-central1/repositories/gcf-artifacts","sourceProvenance":{"resolvedStorageSource":{"bucket":"gcf-v2-sources-860495975406-us-central1","object":"getAdminAccess/function-source.zip","generation":"1786034902191834"}},"dockerRegistry":"ARTIFACT_REGISTRY","serviceAccount":"projects/reservaeldia-7a440/serviceAccounts/860495975406-compute@developer.gserviceaccount.com","automaticUpdatePolicy":{}},"serviceConfig":{"service":"projects/reservaeldia-7a440/locations/us-central1/services/getadminaccess","timeoutSeconds":60,"environmentVariables":{"SUPERADMINS_UIDS":"8mvF9cwdbtYo2leAjO11cNxhaLV2","MERCADO_PAGO_PUBLIC_KEY":"APP_USR-a0795dce-baf8-48f6-98af-4defd053ad42","MERCADO_PAGO_ACCESS_TOKEN":"APP_USR-6752615657925923-021923-055cfbc93701d8acfdd153d25b9c4ac8-3215101753","MERCADO_PAGO_CLIENT_ID":"6752615657925923","MERCADO_PAGO_CLIENT_SECRET":"37OPj64uyGyNK2db7e3GBeqizFIF3fuL","MERCADO_PAGO_WEBHOOK_URL":"https://us-central1-reservaeldia-7a440.cloudfunctions.net/mercadoPagoWebhook","MP_WEBHOOK_SECRET":"27104730db6cc9a5f93bc49e4e3f9c70b22f6090845bf7e56d47f3aa2c1589c5","GOOGLE_MAPS_EMBED_API_KEY":"AIzaSyArR56EXHhdSZ1GmpPXwOELlDkoSK-FYrk","FIREBASE_CONFIG":"{\"projectId\":\"reservaeldia-7a440\",\"storageBucket\":\"reservaeldia-7a440.firebasestorage.app\"}","GCLOUD_PROJECT":"reservaeldia-7a440","EVENTARC_CLOUD_EVENT_SOURCE":"projects/reservaeldia-7a440/locations/us-central1/services/getAdminAccess","FUNCTION_TARGET":"getAdminAccess","LOG_EXECUTION_ID":"true","FUNCTION_SIGNATURE_TYPE":"http"},"maxInstanceCount":100,"ingressSettings":"ALLOW_ALL","uri":"https://getadminaccess-vntxuytzsa-uc.a.run.app","serviceAccountEmail":"860495975406-compute@developer.gserviceaccount.com","availableMemory":"256Mi","allTrafficOnLatestRevision":true,"revision":"getadminaccess-00256-dal","maxInstanceRequestConcurrency":1,"availableCpu":"0.1666"},"state":"ACTIVE","updateTime":"2026-08-06T16:49:07.578200860Z","labels":{"deployment-callable":"true","firebase-functions-hash":"5efaf1777d259b9855b4eeb91a96fbac3aed1a65","deployment-tool":"cli-firebase"},"environment":"GEN_2","url":"https://us-central1-reservaeldia-7a440.cloudfunctions.net/getAdminAccess","createTime":"2026-02-17T19:24:38.539001589Z","satisfiesPzi":true},{"name":"projects/reservaeldia-7a440/locations/us-central1/functions/finalizeExpiredPublications","buildConfig":{"build":"projects/860495975406/locations/us-central1/builds/df84799d-9210-4f19-9fb8-70b9739e49a1","runtime":"nodejs20","entryPoint":"finalizeExpiredPublications","source":{"storageSource":{"bucket":"gcf-v2-sources-860495975406-us-central1","object":"finalizeExpiredPublications/function-source.zip","generation":"1786034837980985"}},"environmentVariables":{"GOOGLE_NODE_RUN_SCRIPTS":""},"dockerRepository":"projects/reservaeldia-7a440/locations/us-central1/repositories/gcf-artifacts","sourceProvenance":{"resolvedStorageSource":{"bucket":"gcf-v2-sources-860495975406-us-central1","object":"finalizeExpiredPublications/function-source.zip","generation":"1786034837980985"}},"dockerRegistry":"ARTIFACT_REGISTRY","serviceAccount":"projects/reservaeldia-7a440/serviceAccounts/860495975406-compute@developer.gserviceaccount.com","automaticUpdatePolicy":{}},"serviceConfig":{"service":"projects/reservaeldia-7a440/locations/us-central1/services/finalizeexpiredpublications","timeoutSeconds":60,"environmentVariables":{"SUPERADMINS_UIDS":"8mvF9cwdbtYo2leAjO11cNxhaLV2","MERCADO_PAGO_PUBLIC_KEY":"APP_USR-a0795dce-baf8-48f6-98af-4defd053ad42","MERCADO_PAGO_ACCESS_TOKEN":"APP_USR-6752615657925923-021923-055cfbc93701d8acfdd153d25b9c4ac8-3215101753","MERCADO_PAGO_CLIENT_ID":"6752615657925923","MERCADO_PAGO_CLIENT_SECRET":"37OPj64uyGyNK2db7e3GBeqizFIF3fuL","MERCADO_PAGO_WEBHOOK_URL":"https://us-central1-reservaeldia-7a440.cloudfunctions.net/mercadoPagoWebhook","MP_WEBHOOK_SECRET":"27104730db6cc9a5f93bc49e4e3f9c70b22f6090845bf7e56d47f3aa2c1589c5","GOOGLE_MAPS_EMBED_API_KEY":"AIzaSyArR56EXHhdSZ1GmpPXwOELlDkoSK-FYrk","FIREBASE_CONFIG":"{\"projectId\":\"reservaeldia-7a440\",\"storageBucket\":\"reservaeldia-7a440.firebasestorage.app\"}","GCLOUD_PROJECT":"reservaeldia-7a440","EVENTARC_CLOUD_EVENT_SOURCE":"projects/reservaeldia-7a440/locations/us-central1/services/finalizeExpiredPublications","FUNCTION_TARGET":"finalizeExpiredPublications","LOG_EXECUTION_ID":"true"},"maxInstanceCount":100,"ingressSettings":"ALLOW_ALL","uri":"https://finalizeexpiredpublications-vntxuytzsa-uc.a.run.app","serviceAccountEmail":"860495975406-compute@developer.gserviceaccount.com","availableMemory":"256Mi","allTrafficOnLatestRevision":true,"revision":"finalizeexpiredpublications-00170-mah","maxInstanceRequestConcurrency":1,"availableCpu":"0.1666"},"state":"ACTIVE","updateTime":"2026-08-06T16:48:13.682152806Z","labels":{"deployment-scheduled":"true","firebase-functions-hash":"5efaf1777d259b9855b4eeb91a96fbac3aed1a65","deployment-tool":"cli-firebase"},"environment":"GEN_2","url":"https://us-central1-reservaeldia-7a440.cloudfunctions.net/finalizeExpiredPublications","createTime":"2026-02-26T04:56:23.391208400Z","satisfiesPzi":true},{"name":"projects/reservaeldia-7a440/locations/us-central1/functions/adminDuplicateTextPresetV1","buildConfig":{"build":"projects/860495975406/locations/us-central1/builds/63ad86be-fd19-48aa-8e52-b5898bc22654","runtime":"nodejs20","entryPoint":"adminDuplicateTextPresetV1","source":{"storageSource":{"bucket":"gcf-v2-sources-860495975406-us-central1","object":"adminDuplicateTextPresetV1/function-source.zip","generation":"1786034146489512"}},"environmentVariables":{"GOOGLE_NODE_RUN_SCRIPTS":""},"dockerRepository":"projects/reservaeldia-7a440/locations/us-central1/repositories/gcf-artifacts","sourceProvenance":{"resolvedStorageSource":{"bucket":"gcf-v2-sources-860495975406-us-central1","object":"adminDuplicateTextPresetV1/function-source.zip","generation":"1786034146489512"}},"dockerRegistry":"ARTIFACT_REGISTRY","serviceAccount":"projects/reservaeldia-7a440/serviceAccounts/860495975406-compute@developer.gserviceaccount.com","automaticUpdatePolicy":{}},"serviceConfig":{"service":"projects/reservaeldia-7a440/locations/us-central1/services/adminduplicatetextpresetv1","timeoutSeconds":60,"environmentVariables":{"SUPERADMINS_UIDS":"8mvF9cwdbtYo2leAjO11cNxhaLV2","MERCADO_PAGO_PUBLIC_KEY":"APP_USR-a0795dce-baf8-48f6-98af-4defd053ad42","MERCADO_PAGO_ACCESS_TOKEN":"APP_USR-6752615657925923-021923-055cfbc93701d8acfdd153d25b9c4ac8-3215101753","MERCADO_PAGO_CLIENT_ID":"6752615657925923","MERCADO_PAGO_CLIENT_SECRET":"37OPj64uyGyNK2db7e3GBeqizFIF3fuL","MERCADO_PAGO_WEBHOOK_URL":"https://us-central1-reservaeldia-7a440.cloudfunctions.net/mercadoPagoWebhook","MP_WEBHOOK_SECRET":"27104730db6cc9a5f93bc49e4e3f9c70b22f6090845bf7e56d47f3aa2c1589c5","GOOGLE_MAPS_EMBED_API_KEY":"AIzaSyArR56EXHhdSZ1GmpPXwOELlDkoSK-FYrk","FIREBASE_CONFIG":"{\"projectId\":\"reservaeldia-7a440\",\"storageBucket\":\"reservaeldia-7a440.firebasestorage.app\"}","GCLOUD_PROJECT":"reservaeldia-7a440","EVENTARC_CLOUD_EVENT_SOURCE":"projects/reservaeldia-7a440/locations/us-central1/services/adminDuplicateTextPresetV1","FUNCTION_TARGET":"adminDuplicateTextPresetV1","LOG_EXECUTION_ID":"true","FUNCTION_SIGNATURE_TYPE":"http"},"maxInstanceCount":100,"ingressSettings":"ALLOW_ALL","uri":"https://adminduplicatetextpresetv1-vntxuytzsa-uc.a.run.app","serviceAccountEmail":"860495975406-compute@developer.gserviceaccount.com","availableMemory":"256Mi","allTrafficOnLatestRevision":true,"revision":"adminduplicatetextpresetv1-00187-cus","maxInstanceRequestConcurrency":1,"availableCpu":"0.1666"},"state":"ACTIVE","updateTime":"2026-08-06T16:36:07.078189531Z","labels":{"firebase-functions-hash":"5efaf1777d259b9855b4eeb91a96fbac3aed1a65","deployment-tool":"cli-firebase","deployment-callable":"true"},"environment":"GEN_2","url":"https://us-central1-reservaeldia-7a440.cloudfunctions.net/adminDuplicateTextPresetV1","createTime":"2026-03-02T13:27:17.087037026Z","satisfiesPzi":true},{"name":"projects/reservaeldia-7a440/locations/us-central1/functions/getBusinessAnalyticsRawExportStatusV1","buildConfig":{"build":"projects/860495975406/locations/us-central1/builds/7654573e-d2ef-47e6-84cc-9dd14a77245a","runtime":"nodejs20","entryPoint":"getBusinessAnalyticsRawExportStatusV1","source":{"storageSource":{"bucket":"gcf-v2-sources-860495975406-us-central1","object":"getBusinessAnalyticsRawExportStatusV1/function-source.zip","generation":"1786034923153352"}},"environmentVariables":{"GOOGLE_NODE_RUN_SCRIPTS":""},"dockerRepository":"projects/reservaeldia-7a440/locations/us-central1/repositories/gcf-artifacts","sourceProvenance":{"resolvedStorageSource":{"bucket":"gcf-v2-sources-860495975406-us-central1","object":"getBusinessAnalyticsRawExportStatusV1/function-source.zip","generation":"1786034923153352"}},"dockerRegistry":"ARTIFACT_REGISTRY","serviceAccount":"projects/reservaeldia-7a440/serviceAccounts/860495975406-compute@developer.gserviceaccount.com","automaticUpdatePolicy":{}},"serviceConfig":{"service":"projects/reservaeldia-7a440/locations/us-central1/services/getbusinessanalyticsrawexportstatusv1","timeoutSeconds":60,"environmentVariables":{"SUPERADMINS_UIDS":"8mvF9cwdbtYo2leAjO11cNxhaLV2","MERCADO_PAGO_PUBLIC_KEY":"APP_USR-a0795dce-baf8-48f6-98af-4defd053ad42","MERCADO_PAGO_ACCESS_TOKEN":"APP_USR-6752615657925923-021923-055cfbc93701d8acfdd153d25b9c4ac8-3215101753","MERCADO_PAGO_CLIENT_ID":"6752615657925923","MERCADO_PAGO_CLIENT_SECRET":"37OPj64uyGyNK2db7e3GBeqizFIF3fuL","MERCADO_PAGO_WEBHOOK_URL":"https://us-central1-reservaeldia-7a440.cloudfunctions.net/mercadoPagoWebhook","MP_WEBHOOK_SECRET":"27104730db6cc9a5f93bc49e4e3f9c70b22f6090845bf7e56d47f3aa2c1589c5","GOOGLE_MAPS_EMBED_API_KEY":"AIzaSyArR56EXHhdSZ1GmpPXwOELlDkoSK-FYrk","FIREBASE_CONFIG":"{\"projectId\":\"reservaeldia-7a440\",\"storageBucket\":\"reservaeldia-7a440.firebasestorage.app\"}","GCLOUD_PROJECT":"reservaeldia-7a440","EVENTARC_CLOUD_EVENT_SOURCE":"projects/reservaeldia-7a440/locations/us-central1/services/getBusinessAnalyticsRawExportStatusV1","FUNCTION_TARGET":"getBusinessAnalyticsRawExportStatusV1","LOG_EXECUTION_ID":"true","FUNCTION_SIGNATURE_TYPE":"http"},"maxInstanceCount":60,"ingressSettings":"ALLOW_ALL","uri":"https://getbusinessanalyticsrawexportstatusv1-vntxuytzsa-uc.a.run.app","serviceAccountEmail":"860495975406-compute@developer.gserviceaccount.com","availableMemory":"512Mi","allTrafficOnLatestRevision":true,"revision":"getbusinessanalyticsrawexportstatusv1-00131-pun","maxInstanceRequestConcurrency":1,"availableCpu":"0.3333"},"state":"ACTIVE","updateTime":"2026-08-06T16:49:07.931798670Z","labels":{"deployment-callable":"true","firebase-functions-hash":"5efaf1777d259b9855b4eeb91a96fbac3aed1a65","deployment-tool":"cli-firebase"},"environment":"GEN_2","url":"https://us-central1-reservaeldia-7a440.cloudfunctions.net/getBusinessAnalyticsRawExportStatusV1","createTime":"2026-03-13T15:36:35.042762738Z","satisfiesPzi":true},{"name":"projects/reservaeldia-7a440/locations/us-central1/functions/borrarBorrador","buildConfig":{"build":"projects/860495975406/locations/us-central1/builds/286972ba-d751-4f29-8f90-2c27e53fc4e6","runtime":"nodejs20","entryPoint":"borrarBorrador","source":{"storageSource":{"bucket":"gcf-v2-sources-860495975406-us-central1","object":"borrarBorrador/function-source.zip","generation":"1786034592517195"}},"environmentVariables":{"GOOGLE_NODE_RUN_SCRIPTS":""},"dockerRepository":"projects/reservaeldia-7a440/locations/us-central1/repositories/gcf-artifacts","sourceProvenance":{"resolvedStorageSource":{"bucket":"gcf-v2-sources-860495975406-us-central1","object":"borrarBorrador/function-source.zip","generation":"1786034592517195"}},"dockerRegistry":"ARTIFACT_REGISTRY","serviceAccount":"projects/reservaeldia-7a440/serviceAccounts/860495975406-compute@developer.gserviceaccount.com","automaticUpdatePolicy":{}},"serviceConfig":{"service":"projects/reservaeldia-7a440/locations/us-central1/services/borrarborrador","timeoutSeconds":60,"environmentVariables":{"SUPERADMINS_UIDS":"8mvF9cwdbtYo2leAjO11cNxhaLV2","MERCADO_PAGO_PUBLIC_KEY":"APP_USR-a0795dce-baf8-48f6-98af-4defd053ad42","MERCADO_PAGO_ACCESS_TOKEN":"APP_USR-6752615657925923-021923-055cfbc93701d8acfdd153d25b9c4ac8-3215101753","MERCADO_PAGO_CLIENT_ID":"6752615657925923","MERCADO_PAGO_CLIENT_SECRET":"37OPj64uyGyNK2db7e3GBeqizFIF3fuL","MERCADO_PAGO_WEBHOOK_URL":"https://us-central1-reservaeldia-7a440.cloudfunctions.net/mercadoPagoWebhook","MP_WEBHOOK_SECRET":"27104730db6cc9a5f93bc49e4e3f9c70b22f6090845bf7e56d47f3aa2c1589c5","GOOGLE_MAPS_EMBED_API_KEY":"AIzaSyArR56EXHhdSZ1GmpPXwOELlDkoSK-FYrk","FIREBASE_CONFIG":"{\"projectId\":\"reservaeldia-7a440\",\"storageBucket\":\"reservaeldia-7a440.firebasestorage.app\"}","GCLOUD_PROJECT":"reservaeldia-7a440","EVENTARC_CLOUD_EVENT_SOURCE":"projects/reservaeldia-7a440/locations/us-central1/services/borrarBorrador","FUNCTION_TARGET":"borrarBorrador","LOG_EXECUTION_ID":"true","FUNCTION_SIGNATURE_TYPE":"http"},"maxInstanceCount":100,"ingressSettings":"ALLOW_ALL","uri":"https://borrarborrador-vntxuytzsa-uc.a.run.app","serviceAccountEmail":"860495975406-compute@developer.gserviceaccount.com","availableMemory":"256Mi","allTrafficOnLatestRevision":true,"revision":"borrarborrador-00516-paf","maxInstanceRequestConcurrency":1,"availableCpu":"0.1666"},"state":"ACTIVE","updateTime":"2026-08-06T16:43:32.789254457Z","labels":{"deployment-callable":"true","firebase-functions-hash":"5efaf1777d259b9855b4eeb91a96fbac3aed1a65","deployment-tool":"cli-firebase"},"environment":"GEN_2","url":"https://us-central1-reservaeldia-7a440.cloudfunctions.net/borrarBorrador","createTime":"2025-05-19T19:47:49.568835159Z","satisfiesPzi":true},{"name":"projects/reservaeldia-7a440/locations/us-central1/functions/adminDeleteTextPresetV1","buildConfig":{"build":"projects/860495975406/locations/us-central1/builds/63ad86be-fd19-48aa-8e52-b5898bc22654","runtime":"nodejs20","entryPoint":"adminDeleteTextPresetV1","source":{"storageSource":{"bucket":"gcf-v2-sources-860495975406-us-central1","object":"adminDeleteTextPresetV1/function-source.zip","generation":"1786034147190156"}},"environmentVariables":{"GOOGLE_NODE_RUN_SCRIPTS":""},"dockerRepository":"projects/reservaeldia-7a440/locations/us-central1/repositories/gcf-artifacts","sourceProvenance":{"resolvedStorageSource":{"bucket":"gcf-v2-sources-860495975406-us-central1","object":"adminDeleteTextPresetV1/function-source.zip","generation":"1786034147190156"}},"dockerRegistry":"ARTIFACT_REGISTRY","serviceAccount":"projects/reservaeldia-7a440/serviceAccounts/860495975406-compute@developer.gserviceaccount.com","automaticUpdatePolicy":{}},"serviceConfig":{"service":"projects/reservaeldia-7a440/locations/us-central1/services/admindeletetextpresetv1","timeoutSeconds":60,"environmentVariables":{"SUPERADMINS_UIDS":"8mvF9cwdbtYo2leAjO11cNxhaLV2","MERCADO_PAGO_PUBLIC_KEY":"APP_USR-a0795dce-baf8-48f6-98af-4defd053ad42","MERCADO_PAGO_ACCESS_TOKEN":"APP_USR-6752615657925923-021923-055cfbc93701d8acfdd153d25b9c4ac8-3215101753","MERCADO_PAGO_CLIENT_ID":"6752615657925923","MERCADO_PAGO_CLIENT_SECRET":"37OPj64uyGyNK2db7e3GBeqizFIF3fuL","MERCADO_PAGO_WEBHOOK_URL":"https://us-central1-reservaeldia-7a440.cloudfunctions.net/mercadoPagoWebhook","MP_WEBHOOK_SECRET":"27104730db6cc9a5f93bc49e4e3f9c70b22f6090845bf7e56d47f3aa2c1589c5","GOOGLE_MAPS_EMBED_API_KEY":"AIzaSyArR56EXHhdSZ1GmpPXwOELlDkoSK-FYrk","FIREBASE_CONFIG":"{\"projectId\":\"reservaeldia-7a440\",\"storageBucket\":\"reservaeldia-7a440.firebasestorage.app\"}","GCLOUD_PROJECT":"reservaeldia-7a440","EVENTARC_CLOUD_EVENT_SOURCE":"projects/reservaeldia-7a440/locations/us-central1/services/adminDeleteTextPresetV1","FUNCTION_TARGET":"adminDeleteTextPresetV1","LOG_EXECUTION_ID":"true","FUNCTION_SIGNATURE_TYPE":"http"},"maxInstanceCount":100,"ingressSettings":"ALLOW_ALL","uri":"https://admindeletetextpresetv1-vntxuytzsa-uc.a.run.app","serviceAccountEmail":"860495975406-compute@developer.gserviceaccount.com","availableMemory":"256Mi","allTrafficOnLatestRevision":true,"revision":"admindeletetextpresetv1-00187-kag","maxInstanceRequestConcurrency":1,"availableCpu":"0.1666"},"state":"ACTIVE","updateTime":"2026-08-06T16:36:04.281285517Z","labels":{"deployment-callable":"true","firebase-functions-hash":"5efaf1777d259b9855b4eeb91a96fbac3aed1a65","deployment-tool":"cli-firebase"},"environment":"GEN_2","url":"https://us-central1-reservaeldia-7a440.cloudfunctions.net/adminDeleteTextPresetV1","createTime":"2026-03-02T13:27:17.080318952Z","satisfiesPzi":true},{"name":"projects/reservaeldia-7a440/locations/us-central1/functions/getMyUiPreferences","buildConfig":{"build":"projects/860495975406/locations/us-central1/builds/1d897e22-49c0-4118-9110-b1fdfddc94cc","runtime":"nodejs20","entryPoint":"getMyUiPreferences","source":{"storageSource":{"bucket":"gcf-v2-sources-860495975406-us-central1","object":"getMyUiPreferences/function-source.zip","generation":"1786035079190415"}},"environmentVariables":{"GOOGLE_NODE_RUN_SCRIPTS":""},"dockerRepository":"projects/reservaeldia-7a440/locations/us-central1/repositories/gcf-artifacts","sourceProvenance":{"resolvedStorageSource":{"bucket":"gcf-v2-sources-860495975406-us-central1","object":"getMyUiPreferences/function-source.zip","generation":"1786035079190415"}},"dockerRegistry":"ARTIFACT_REGISTRY","serviceAccount":"projects/reservaeldia-7a440/serviceAccounts/860495975406-compute@developer.gserviceaccount.com","automaticUpdatePolicy":{}},"serviceConfig":{"service":"projects/reservaeldia-7a440/locations/us-central1/services/getmyuipreferences","timeoutSeconds":60,"environmentVariables":{"SUPERADMINS_UIDS":"8mvF9cwdbtYo2leAjO11cNxhaLV2","MERCADO_PAGO_PUBLIC_KEY":"APP_USR-a0795dce-baf8-48f6-98af-4defd053ad42","MERCADO_PAGO_ACCESS_TOKEN":"APP_USR-6752615657925923-021923-055cfbc93701d8acfdd153d25b9c4ac8-3215101753","MERCADO_PAGO_CLIENT_ID":"6752615657925923","MERCADO_PAGO_CLIENT_SECRET":"37OPj64uyGyNK2db7e3GBeqizFIF3fuL","MERCADO_PAGO_WEBHOOK_URL":"https://us-central1-reservaeldia-7a440.cloudfunctions.net/mercadoPagoWebhook","MP_WEBHOOK_SECRET":"27104730db6cc9a5f93bc49e4e3f9c70b22f6090845bf7e56d47f3aa2c1589c5","GOOGLE_MAPS_EMBED_API_KEY":"AIzaSyArR56EXHhdSZ1GmpPXwOELlDkoSK-FYrk","FIREBASE_CONFIG":"{\"projectId\":\"reservaeldia-7a440\",\"storageBucket\":\"reservaeldia-7a440.firebasestorage.app\"}","GCLOUD_PROJECT":"reservaeldia-7a440","EVENTARC_CLOUD_EVENT_SOURCE":"projects/reservaeldia-7a440/locations/us-central1/services/getMyUiPreferences","FUNCTION_TARGET":"getMyUiPreferences","LOG_EXECUTION_ID":"true","FUNCTION_SIGNATURE_TYPE":"http"},"maxInstanceCount":100,"ingressSettings":"ALLOW_ALL","uri":"https://getmyuipreferences-vntxuytzsa-uc.a.run.app","serviceAccountEmail":"860495975406-compute@developer.gserviceaccount.com","availableMemory":"256Mi","allTrafficOnLatestRevision":true,"revision":"getmyuipreferences-00014-kuj","maxInstanceRequestConcurrency":1,"availableCpu":"0.1666"},"state":"ACTIVE","updateTime":"2026-08-06T16:51:49.699367465Z","labels":{"deployment-tool":"cli-firebase","deployment-callable":"true","firebase-functions-hash":"5efaf1777d259b9855b4eeb91a96fbac3aed1a65"},"environment":"GEN_2","url":"https://us-central1-reservaeldia-7a440.cloudfunctions.net/getMyUiPreferences","createTime":"2026-07-17T20:33:19.964100884Z","satisfiesPzi":true},{"name":"projects/reservaeldia-7a440/locations/us-central1/functions/adminMoveTemplateToTrashV1","buildConfig":{"build":"projects/860495975406/locations/us-central1/builds/bec2d25e-e9f3-42aa-8b95-38038883b25a","runtime":"nodejs20","entryPoint":"adminMoveTemplateToTrashV1","source":{"storageSource":{"bucket":"gcf-v2-sources-860495975406-us-central1","object":"adminMoveTemplateToTrashV1/function-source.zip","generation":"1786034293241077"}},"environmentVariables":{"GOOGLE_NODE_RUN_SCRIPTS":""},"dockerRepository":"projects/reservaeldia-7a440/locations/us-central1/repositories/gcf-artifacts","sourceProvenance":{"resolvedStorageSource":{"bucket":"gcf-v2-sources-860495975406-us-central1","object":"adminMoveTemplateToTrashV1/function-source.zip","generation":"1786034293241077"}},"dockerRegistry":"ARTIFACT_REGISTRY","serviceAccount":"projects/reservaeldia-7a440/serviceAccounts/860495975406-compute@developer.gserviceaccount.com","automaticUpdatePolicy":{}},"serviceConfig":{"service":"projects/reservaeldia-7a440/locations/us-central1/services/adminmovetemplatetotrashv1","timeoutSeconds":60,"environmentVariables":{"SUPERADMINS_UIDS":"8mvF9cwdbtYo2leAjO11cNxhaLV2","MERCADO_PAGO_PUBLIC_KEY":"APP_USR-a0795dce-baf8-48f6-98af-4defd053ad42","MERCADO_PAGO_ACCESS_TOKEN":"APP_USR-6752615657925923-021923-055cfbc93701d8acfdd153d25b9c4ac8-3215101753","MERCADO_PAGO_CLIENT_ID":"6752615657925923","MERCADO_PAGO_CLIENT_SECRET":"37OPj64uyGyNK2db7e3GBeqizFIF3fuL","MERCADO_PAGO_WEBHOOK_URL":"https://us-central1-reservaeldia-7a440.cloudfunctions.net/mercadoPagoWebhook","MP_WEBHOOK_SECRET":"27104730db6cc9a5f93bc49e4e3f9c70b22f6090845bf7e56d47f3aa2c1589c5","GOOGLE_MAPS_EMBED_API_KEY":"AIzaSyArR56EXHhdSZ1GmpPXwOELlDkoSK-FYrk","FIREBASE_CONFIG":"{\"projectId\":\"reservaeldia-7a440\",\"storageBucket\":\"reservaeldia-7a440.firebasestorage.app\"}","GCLOUD_PROJECT":"reservaeldia-7a440","EVENTARC_CLOUD_EVENT_SOURCE":"projects/reservaeldia-7a440/locations/us-central1/services/adminMoveTemplateToTrashV1","FUNCTION_TARGET":"adminMoveTemplateToTrashV1","LOG_EXECUTION_ID":"true","FUNCTION_SIGNATURE_TYPE":"http"},"maxInstanceCount":100,"ingressSettings":"ALLOW_ALL","uri":"https://adminmovetemplatetotrashv1-vntxuytzsa-uc.a.run.app","serviceAccountEmail":"860495975406-compute@developer.gserviceaccount.com","availableMemory":"256Mi","allTrafficOnLatestRevision":true,"revision":"adminmovetemplatetotrashv1-00162-vik","maxInstanceRequestConcurrency":1,"availableCpu":"0.1666"},"state":"ACTIVE","updateTime":"2026-08-06T16:38:23.214143368Z","labels":{"deployment-tool":"cli-firebase","deployment-callable":"true","firebase-functions-hash":"5efaf1777d259b9855b4eeb91a96fbac3aed1a65"},"environment":"GEN_2","url":"https://us-central1-reservaeldia-7a440.cloudfunctions.net/adminMoveTemplateToTrashV1","createTime":"2026-03-13T01:30:19.588213443Z","satisfiesPzi":true},{"name":"projects/reservaeldia-7a440/locations/us-central1/functions/listCountdownPresetsPublic","buildConfig":{"build":"projects/860495975406/locations/us-central1/builds/cca5cf55-789d-4371-bd8c-c387d4e9200b","runtime":"nodejs20","entryPoint":"listCountdownPresetsPublic","source":{"storageSource":{"bucket":"gcf-v2-sources-860495975406-us-central1","object":"listCountdownPresetsPublic/function-source.zip","generation":"1786035316789338"}},"environmentVariables":{"GOOGLE_NODE_RUN_SCRIPTS":""},"dockerRepository":"projects/reservaeldia-7a440/locations/us-central1/repositories/gcf-artifacts","sourceProvenance":{"resolvedStorageSource":{"bucket":"gcf-v2-sources-860495975406-us-central1","object":"listCountdownPresetsPublic/function-source.zip","generation":"1786035316789338"}},"dockerRegistry":"ARTIFACT_REGISTRY","serviceAccount":"projects/reservaeldia-7a440/serviceAccounts/860495975406-compute@developer.gserviceaccount.com","automaticUpdatePolicy":{}},"serviceConfig":{"service":"projects/reservaeldia-7a440/locations/us-central1/services/listcountdownpresetspublic","timeoutSeconds":60,"environmentVariables":{"SUPERADMINS_UIDS":"8mvF9cwdbtYo2leAjO11cNxhaLV2","MERCADO_PAGO_PUBLIC_KEY":"APP_USR-a0795dce-baf8-48f6-98af-4defd053ad42","MERCADO_PAGO_ACCESS_TOKEN":"APP_USR-6752615657925923-021923-055cfbc93701d8acfdd153d25b9c4ac8-3215101753","MERCADO_PAGO_CLIENT_ID":"6752615657925923","MERCADO_PAGO_CLIENT_SECRET":"37OPj64uyGyNK2db7e3GBeqizFIF3fuL","MERCADO_PAGO_WEBHOOK_URL":"https://us-central1-reservaeldia-7a440.cloudfunctions.net/mercadoPagoWebhook","MP_WEBHOOK_SECRET":"27104730db6cc9a5f93bc49e4e3f9c70b22f6090845bf7e56d47f3aa2c1589c5","GOOGLE_MAPS_EMBED_API_KEY":"AIzaSyArR56EXHhdSZ1GmpPXwOELlDkoSK-FYrk","FIREBASE_CONFIG":"{\"projectId\":\"reservaeldia-7a440\",\"storageBucket\":\"reservaeldia-7a440.firebasestorage.app\"}","GCLOUD_PROJECT":"reservaeldia-7a440","EVENTARC_CLOUD_EVENT_SOURCE":"projects/reservaeldia-7a440/locations/us-central1/services/listCountdownPresetsPublic","FUNCTION_TARGET":"listCountdownPresetsPublic","LOG_EXECUTION_ID":"true","FUNCTION_SIGNATURE_TYPE":"http"},"maxInstanceCount":100,"ingressSettings":"ALLOW_ALL","uri":"https://listcountdownpresetspublic-vntxuytzsa-uc.a.run.app","serviceAccountEmail":"860495975406-compute@developer.gserviceaccount.com","availableMemory":"256Mi","allTrafficOnLatestRevision":true,"revision":"listcountdownpresetspublic-00182-gul","maxInstanceRequestConcurrency":1,"availableCpu":"0.1666"},"state":"ACTIVE","updateTime":"2026-08-06T16:55:31.447991453Z","labels":{"firebase-functions-hash":"5efaf1777d259b9855b4eeb91a96fbac3aed1a65","deployment-tool":"cli-firebase","deployment-callable":"true"},"environment":"GEN_2","url":"https://us-central1-reservaeldia-7a440.cloudfunctions.net/listCountdownPresetsPublic","createTime":"2026-02-27T02:21:45.502370146Z","satisfiesPzi":true},{"name":"projects/reservaeldia-7a440/locations/us-central1/functions/getUserDirectoryDetail","buildConfig":{"build":"projects/860495975406/locations/us-central1/builds/1d897e22-49c0-4118-9110-b1fdfddc94cc","runtime":"nodejs20","entryPoint":"getUserDirectoryDetail","source":{"storageSource":{"bucket":"gcf-v2-sources-860495975406-us-central1","object":"getUserDirectoryDetail/function-source.zip","generation":"1786035079164531"}},"environmentVariables":{"GOOGLE_NODE_RUN_SCRIPTS":""},"dockerRepository":"projects/reservaeldia-7a440/locations/us-central1/repositories/gcf-artifacts","sourceProvenance":{"resolvedStorageSource":{"bucket":"gcf-v2-sources-860495975406-us-central1","object":"getUserDirectoryDetail/function-source.zip","generation":"1786035079164531"}},"dockerRegistry":"ARTIFACT_REGISTRY","serviceAccount":"projects/reservaeldia-7a440/serviceAccounts/860495975406-compute@developer.gserviceaccount.com","automaticUpdatePolicy":{}},"serviceConfig":{"service":"projects/reservaeldia-7a440/locations/us-central1/services/getuserdirectorydetail","timeoutSeconds":60,"environmentVariables":{"SUPERADMINS_UIDS":"8mvF9cwdbtYo2leAjO11cNxhaLV2","MERCADO_PAGO_PUBLIC_KEY":"APP_USR-a0795dce-baf8-48f6-98af-4defd053ad42","MERCADO_PAGO_ACCESS_TOKEN":"APP_USR-6752615657925923-021923-055cfbc93701d8acfdd153d25b9c4ac8-3215101753","MERCADO_PAGO_CLIENT_ID":"6752615657925923","MERCADO_PAGO_CLIENT_SECRET":"37OPj64uyGyNK2db7e3GBeqizFIF3fuL","MERCADO_PAGO_WEBHOOK_URL":"https://us-central1-reservaeldia-7a440.cloudfunctions.net/mercadoPagoWebhook","MP_WEBHOOK_SECRET":"27104730db6cc9a5f93bc49e4e3f9c70b22f6090845bf7e56d47f3aa2c1589c5","GOOGLE_MAPS_EMBED_API_KEY":"AIzaSyArR56EXHhdSZ1GmpPXwOELlDkoSK-FYrk","FIREBASE_CONFIG":"{\"projectId\":\"reservaeldia-7a440\",\"storageBucket\":\"reservaeldia-7a440.firebasestorage.app\"}","GCLOUD_PROJECT":"reservaeldia-7a440","EVENTARC_CLOUD_EVENT_SOURCE":"projects/reservaeldia-7a440/locations/us-central1/services/getUserDirectoryDetail","FUNCTION_TARGET":"getUserDirectoryDetail","LOG_EXECUTION_ID":"true","FUNCTION_SIGNATURE_TYPE":"http"},"maxInstanceCount":100,"ingressSettings":"ALLOW_ALL","uri":"https://getuserdirectorydetail-vntxuytzsa-uc.a.run.app","serviceAccountEmail":"860495975406-compute@developer.gserviceaccount.com","availableMemory":"256Mi","allTrafficOnLatestRevision":true,"revision":"getuserdirectorydetail-00154-yup","maxInstanceRequestConcurrency":1,"availableCpu":"0.1666"},"state":"ACTIVE","updateTime":"2026-08-06T16:51:49.873699635Z","labels":{"deployment-tool":"cli-firebase","deployment-callable":"true","firebase-functions-hash":"5efaf1777d259b9855b4eeb91a96fbac3aed1a65"},"environment":"GEN_2","url":"https://us-central1-reservaeldia-7a440.cloudfunctions.net/getUserDirectoryDetail","createTime":"2026-03-12T02:31:10.848211790Z","satisfiesPzi":true},{"name":"projects/reservaeldia-7a440/locations/us-central1/functions/publicRsvpSubmit","buildConfig":{"build":"projects/860495975406/locations/us-central1/builds/a6177607-fe15-4f3a-96e8-9f28200f6ff9","runtime":"nodejs20","entryPoint":"publicRsvpSubmit","source":{"storageSource":{"bucket":"gcf-v2-sources-860495975406-us-central1","object":"publicRsvpSubmit/function-source.zip","generation":"1785242974752194"}},"environmentVariables":{"GOOGLE_NODE_RUN_SCRIPTS":""},"dockerRepository":"projects/reservaeldia-7a440/locations/us-central1/repositories/gcf-artifacts","sourceProvenance":{"resolvedStorageSource":{"bucket":"gcf-v2-sources-860495975406-us-central1","object":"publicRsvpSubmit/function-source.zip","generation":"1785242974752194"}},"dockerRegistry":"ARTIFACT_REGISTRY","serviceAccount":"projects/reservaeldia-7a440/serviceAccounts/860495975406-compute@developer.gserviceaccount.com","automaticUpdatePolicy":{}},"serviceConfig":{"service":"projects/reservaeldia-7a440/locations/us-central1/services/publicrsvpsubmit","timeoutSeconds":60,"environmentVariables":{"SUPERADMINS_UIDS":"8mvF9cwdbtYo2leAjO11cNxhaLV2","MERCADO_PAGO_PUBLIC_KEY":"APP_USR-a0795dce-baf8-48f6-98af-4defd053ad42","MERCADO_PAGO_ACCESS_TOKEN":"APP_USR-6752615657925923-021923-055cfbc93701d8acfdd153d25b9c4ac8-3215101753","MERCADO_PAGO_CLIENT_ID":"6752615657925923","MERCADO_PAGO_CLIENT_SECRET":"37OPj64uyGyNK2db7e3GBeqizFIF3fuL","MERCADO_PAGO_WEBHOOK_URL":"https://us-central1-reservaeldia-7a440.cloudfunctions.net/mercadoPagoWebhook","MP_WEBHOOK_SECRET":"27104730db6cc9a5f93bc49e4e3f9c70b22f6090845bf7e56d47f3aa2c1589c5","GOOGLE_MAPS_EMBED_API_KEY":"AIzaSyArR56EXHhdSZ1GmpPXwOELlDkoSK-FYrk","FIREBASE_CONFIG":"{\"projectId\":\"reservaeldia-7a440\",\"storageBucket\":\"reservaeldia-7a440.firebasestorage.app\"}","GCLOUD_PROJECT":"reservaeldia-7a440","EVENTARC_CLOUD_EVENT_SOURCE":"projects/reservaeldia-7a440/locations/us-central1/services/publicRsvpSubmit","FUNCTION_TARGET":"publicRsvpSubmit","LOG_EXECUTION_ID":"true","FUNCTION_SIGNATURE_TYPE":"http"},"maxInstanceCount":100,"ingressSettings":"ALLOW_ALL","uri":"https://publicrsvpsubmit-vntxuytzsa-uc.a.run.app","serviceAccountEmail":"860495975406-compute@developer.gserviceaccount.com","availableMemory":"256Mi","allTrafficOnLatestRevision":true,"revision":"publicrsvpsubmit-00169-xag","maxInstanceRequestConcurrency":1,"availableCpu":"0.1666"},"state":"ACTIVE","updateTime":"2026-07-28T12:50:11.535225145Z","labels":{"deployment-tool":"cli-firebase","firebase-functions-hash":"d122378e98f45effe92711c767be8035f097d07d"},"environment":"GEN_2","url":"https://us-central1-reservaeldia-7a440.cloudfunctions.net/publicRsvpSubmit","createTime":"2026-02-25T23:53:22.483876727Z","satisfiesPzi":true},{"name":"projects/reservaeldia-7a440/locations/us-central1/functions/adminSetDecorPriorityV1","buildConfig":{"build":"projects/860495975406/locations/us-central1/builds/57e95542-d7dd-437d-98c6-b8d327037379","runtime":"nodejs20","entryPoint":"adminSetDecorPriorityV1","source":{"storageSource":{"bucket":"gcf-v2-sources-860495975406-us-central1","object":"adminSetDecorPriorityV1/function-source.zip","generation":"1786034437820552"}},"environmentVariables":{"GOOGLE_NODE_RUN_SCRIPTS":""},"dockerRepository":"projects/reservaeldia-7a440/locations/us-central1/repositories/gcf-artifacts","sourceProvenance":{"resolvedStorageSource":{"bucket":"gcf-v2-sources-860495975406-us-central1","object":"adminSetDecorPriorityV1/function-source.zip","generation":"1786034437820552"}},"dockerRegistry":"ARTIFACT_REGISTRY","serviceAccount":"projects/reservaeldia-7a440/serviceAccounts/860495975406-compute@developer.gserviceaccount.com","automaticUpdatePolicy":{}},"serviceConfig":{"service":"projects/reservaeldia-7a440/locations/us-central1/services/adminsetdecorpriorityv1","timeoutSeconds":60,"environmentVariables":{"SUPERADMINS_UIDS":"8mvF9cwdbtYo2leAjO11cNxhaLV2","MERCADO_PAGO_PUBLIC_KEY":"APP_USR-a0795dce-baf8-48f6-98af-4defd053ad42","MERCADO_PAGO_ACCESS_TOKEN":"APP_USR-6752615657925923-021923-055cfbc93701d8acfdd153d25b9c4ac8-3215101753","MERCADO_PAGO_CLIENT_ID":"6752615657925923","MERCADO_PAGO_CLIENT_SECRET":"37OPj64uyGyNK2db7e3GBeqizFIF3fuL","MERCADO_PAGO_WEBHOOK_URL":"https://us-central1-reservaeldia-7a440.cloudfunctions.net/mercadoPagoWebhook","MP_WEBHOOK_SECRET":"27104730db6cc9a5f93bc49e4e3f9c70b22f6090845bf7e56d47f3aa2c1589c5","GOOGLE_MAPS_EMBED_API_KEY":"AIzaSyArR56EXHhdSZ1GmpPXwOELlDkoSK-FYrk","FIREBASE_CONFIG":"{\"projectId\":\"reservaeldia-7a440\",\"storageBucket\":\"reservaeldia-7a440.firebasestorage.app\"}","GCLOUD_PROJECT":"reservaeldia-7a440","EVENTARC_CLOUD_EVENT_SOURCE":"projects/reservaeldia-7a440/locations/us-central1/services/adminSetDecorPriorityV1","FUNCTION_TARGET":"adminSetDecorPriorityV1","LOG_EXECUTION_ID":"true","FUNCTION_SIGNATURE_TYPE":"http"},"maxInstanceCount":100,"ingressSettings":"ALLOW_ALL","uri":"https://adminsetdecorpriorityv1-vntxuytzsa-uc.a.run.app","serviceAccountEmail":"860495975406-compute@developer.gserviceaccount.com","availableMemory":"256Mi","allTrafficOnLatestRevision":true,"revision":"adminsetdecorpriorityv1-00181-ver","maxInstanceRequestConcurrency":1,"availableCpu":"0.1666"},"state":"ACTIVE","updateTime":"2026-08-06T16:40:49.339665682Z","labels":{"deployment-tool":"cli-firebase","deployment-callable":"true","firebase-functions-hash":"5efaf1777d259b9855b4eeb91a96fbac3aed1a65"},"environment":"GEN_2","url":"https://us-central1-reservaeldia-7a440.cloudfunctions.net/adminSetDecorPriorityV1","createTime":"2026-03-02T00:10:40.988862091Z","satisfiesPzi":true},{"name":"projects/reservaeldia-7a440/locations/us-central1/functions/syncLegacyCountdownPresets","buildConfig":{"build":"projects/860495975406/locations/us-central1/builds/cca5cf55-789d-4371-bd8c-c387d4e9200b","runtime":"nodejs20","entryPoint":"syncLegacyCountdownPresets","source":{"storageSource":{"bucket":"gcf-v2-sources-860495975406-us-central1","object":"syncLegacyCountdownPresets/function-source.zip","generation":"1786035316686603"}},"environmentVariables":{"GOOGLE_NODE_RUN_SCRIPTS":""},"dockerRepository":"projects/reservaeldia-7a440/locations/us-central1/repositories/gcf-artifacts","sourceProvenance":{"resolvedStorageSource":{"bucket":"gcf-v2-sources-860495975406-us-central1","object":"syncLegacyCountdownPresets/function-source.zip","generation":"1786035316686603"}},"dockerRegistry":"ARTIFACT_REGISTRY","serviceAccount":"projects/reservaeldia-7a440/serviceAccounts/860495975406-compute@developer.gserviceaccount.com","automaticUpdatePolicy":{}},"serviceConfig":{"service":"projects/reservaeldia-7a440/locations/us-central1/services/synclegacycountdownpresets","timeoutSeconds":60,"environmentVariables":{"SUPERADMINS_UIDS":"8mvF9cwdbtYo2leAjO11cNxhaLV2","MERCADO_PAGO_PUBLIC_KEY":"APP_USR-a0795dce-baf8-48f6-98af-4defd053ad42","MERCADO_PAGO_ACCESS_TOKEN":"APP_USR-6752615657925923-021923-055cfbc93701d8acfdd153d25b9c4ac8-3215101753","MERCADO_PAGO_CLIENT_ID":"6752615657925923","MERCADO_PAGO_CLIENT_SECRET":"37OPj64uyGyNK2db7e3GBeqizFIF3fuL","MERCADO_PAGO_WEBHOOK_URL":"https://us-central1-reservaeldia-7a440.cloudfunctions.net/mercadoPagoWebhook","MP_WEBHOOK_SECRET":"27104730db6cc9a5f93bc49e4e3f9c70b22f6090845bf7e56d47f3aa2c1589c5","GOOGLE_MAPS_EMBED_API_KEY":"AIzaSyArR56EXHhdSZ1GmpPXwOELlDkoSK-FYrk","FIREBASE_CONFIG":"{\"projectId\":\"reservaeldia-7a440\",\"storageBucket\":\"reservaeldia-7a440.firebasestorage.app\"}","GCLOUD_PROJECT":"reservaeldia-7a440","EVENTARC_CLOUD_EVENT_SOURCE":"projects/reservaeldia-7a440/locations/us-central1/services/syncLegacyCountdownPresets","FUNCTION_TARGET":"syncLegacyCountdownPresets","LOG_EXECUTION_ID":"true","FUNCTION_SIGNATURE_TYPE":"http"},"maxInstanceCount":100,"ingressSettings":"ALLOW_ALL","uri":"https://synclegacycountdownpresets-vntxuytzsa-uc.a.run.app","serviceAccountEmail":"860495975406-compute@developer.gserviceaccount.com","availableMemory":"256Mi","allTrafficOnLatestRevision":true,"revision":"synclegacycountdownpresets-00177-qam","maxInstanceRequestConcurrency":1,"availableCpu":"0.1666"},"state":"ACTIVE","updateTime":"2026-08-06T16:55:33.187019568Z","labels":{"firebase-functions-hash":"5efaf1777d259b9855b4eeb91a96fbac3aed1a65","deployment-tool":"cli-firebase","deployment-callable":"true"},"environment":"GEN_2","url":"https://us-central1-reservaeldia-7a440.cloudfunctions.net/syncLegacyCountdownPresets","createTime":"2026-02-27T03:14:00.930717759Z","satisfiesPzi":true},{"name":"projects/reservaeldia-7a440/locations/us-central1/functions/publishCountdownPresetDraft","buildConfig":{"build":"projects/860495975406/locations/us-central1/builds/cca5cf55-789d-4371-bd8c-c387d4e9200b","runtime":"nodejs20","entryPoint":"publishCountdownPresetDraft","source":{"storageSource":{"bucket":"gcf-v2-sources-860495975406-us-central1","object":"publishCountdownPresetDraft/function-source.zip","generation":"1786035316574090"}},"environmentVariables":{"GOOGLE_NODE_RUN_SCRIPTS":""},"dockerRepository":"projects/reservaeldia-7a440/locations/us-central1/repositories/gcf-artifacts","sourceProvenance":{"resolvedStorageSource":{"bucket":"gcf-v2-sources-860495975406-us-central1","object":"publishCountdownPresetDraft/function-source.zip","generation":"1786035316574090"}},"dockerRegistry":"ARTIFACT_REGISTRY","serviceAccount":"projects/reservaeldia-7a440/serviceAccounts/860495975406-compute@developer.gserviceaccount.com","automaticUpdatePolicy":{}},"serviceConfig":{"service":"projects/reservaeldia-7a440/locations/us-central1/services/publishcountdownpresetdraft","timeoutSeconds":60,"environmentVariables":{"SUPERADMINS_UIDS":"8mvF9cwdbtYo2leAjO11cNxhaLV2","MERCADO_PAGO_PUBLIC_KEY":"APP_USR-a0795dce-baf8-48f6-98af-4defd053ad42","MERCADO_PAGO_ACCESS_TOKEN":"APP_USR-6752615657925923-021923-055cfbc93701d8acfdd153d25b9c4ac8-3215101753","MERCADO_PAGO_CLIENT_ID":"6752615657925923","MERCADO_PAGO_CLIENT_SECRET":"37OPj64uyGyNK2db7e3GBeqizFIF3fuL","MERCADO_PAGO_WEBHOOK_URL":"https://us-central1-reservaeldia-7a440.cloudfunctions.net/mercadoPagoWebhook","MP_WEBHOOK_SECRET":"27104730db6cc9a5f93bc49e4e3f9c70b22f6090845bf7e56d47f3aa2c1589c5","GOOGLE_MAPS_EMBED_API_KEY":"AIzaSyArR56EXHhdSZ1GmpPXwOELlDkoSK-FYrk","FIREBASE_CONFIG":"{\"projectId\":\"reservaeldia-7a440\",\"storageBucket\":\"reservaeldia-7a440.firebasestorage.app\"}","GCLOUD_PROJECT":"reservaeldia-7a440","EVENTARC_CLOUD_EVENT_SOURCE":"projects/reservaeldia-7a440/locations/us-central1/services/publishCountdownPresetDraft","FUNCTION_TARGET":"publishCountdownPresetDraft","LOG_EXECUTION_ID":"true","FUNCTION_SIGNATURE_TYPE":"http"},"maxInstanceCount":100,"ingressSettings":"ALLOW_ALL","uri":"https://publishcountdownpresetdraft-vntxuytzsa-uc.a.run.app","serviceAccountEmail":"860495975406-compute@developer.gserviceaccount.com","availableMemory":"256Mi","allTrafficOnLatestRevision":true,"revision":"publishcountdownpresetdraft-00179-saf","maxInstanceRequestConcurrency":1,"availableCpu":"0.1666"},"state":"ACTIVE","updateTime":"2026-08-06T16:55:30.695443677Z","labels":{"deployment-callable":"true","firebase-functions-hash":"5efaf1777d259b9855b4eeb91a96fbac3aed1a65","deployment-tool":"cli-firebase"},"environment":"GEN_2","url":"https://us-central1-reservaeldia-7a440.cloudfunctions.net/publishCountdownPresetDraft","createTime":"2026-02-27T02:14:28.560886117Z","satisfiesPzi":true},{"name":"projects/reservaeldia-7a440/locations/us-central1/functions/adminGetIconUsageStatsV2","buildConfig":{"build":"projects/860495975406/locations/us-central1/builds/63ad86be-fd19-48aa-8e52-b5898bc22654","runtime":"nodejs20","entryPoint":"adminGetIconUsageStatsV2","source":{"storageSource":{"bucket":"gcf-v2-sources-860495975406-us-central1","object":"adminGetIconUsageStatsV2/function-source.zip","generation":"1786034072590042"}},"environmentVariables":{"GOOGLE_NODE_RUN_SCRIPTS":""},"dockerRepository":"projects/reservaeldia-7a440/locations/us-central1/repositories/gcf-artifacts","sourceProvenance":{"resolvedStorageSource":{"bucket":"gcf-v2-sources-860495975406-us-central1","object":"adminGetIconUsageStatsV2/function-source.zip","generation":"1786034072590042"}},"dockerRegistry":"ARTIFACT_REGISTRY","serviceAccount":"projects/reservaeldia-7a440/serviceAccounts/860495975406-compute@developer.gserviceaccount.com","automaticUpdatePolicy":{}},"serviceConfig":{"service":"projects/reservaeldia-7a440/locations/us-central1/services/admingeticonusagestatsv2","timeoutSeconds":60,"environmentVariables":{"SUPERADMINS_UIDS":"8mvF9cwdbtYo2leAjO11cNxhaLV2","MERCADO_PAGO_PUBLIC_KEY":"APP_USR-a0795dce-baf8-48f6-98af-4defd053ad42","MERCADO_PAGO_ACCESS_TOKEN":"APP_USR-6752615657925923-021923-055cfbc93701d8acfdd153d25b9c4ac8-3215101753","MERCADO_PAGO_CLIENT_ID":"6752615657925923","MERCADO_PAGO_CLIENT_SECRET":"37OPj64uyGyNK2db7e3GBeqizFIF3fuL","MERCADO_PAGO_WEBHOOK_URL":"https://us-central1-reservaeldia-7a440.cloudfunctions.net/mercadoPagoWebhook","MP_WEBHOOK_SECRET":"27104730db6cc9a5f93bc49e4e3f9c70b22f6090845bf7e56d47f3aa2c1589c5","GOOGLE_MAPS_EMBED_API_KEY":"AIzaSyArR56EXHhdSZ1GmpPXwOELlDkoSK-FYrk","FIREBASE_CONFIG":"{\"projectId\":\"reservaeldia-7a440\",\"storageBucket\":\"reservaeldia-7a440.firebasestorage.app\"}","GCLOUD_PROJECT":"reservaeldia-7a440","EVENTARC_CLOUD_EVENT_SOURCE":"projects/reservaeldia-7a440/locations/us-central1/services/adminGetIconUsageStatsV2","FUNCTION_TARGET":"adminGetIconUsageStatsV2","LOG_EXECUTION_ID":"true"},"maxInstanceCount":100,"ingressSettings":"ALLOW_ALL","uri":"https://admingeticonusagestatsv2-vntxuytzsa-uc.a.run.app","serviceAccountEmail":"860495975406-compute@developer.gserviceaccount.com","availableMemory":"256Mi","allTrafficOnLatestRevision":true,"revision":"admingeticonusagestatsv2-00193-zex","maxInstanceRequestConcurrency":1,"availableCpu":"0.1666"},"state":"ACTIVE","updateTime":"2026-08-06T16:36:08.002298038Z","labels":{"deployment-tool":"cli-firebase","deployment-callable":"true","firebase-functions-hash":"5efaf1777d259b9855b4eeb91a96fbac3aed1a65"},"environment":"GEN_2","url":"https://us-central1-reservaeldia-7a440.cloudfunctions.net/adminGetIconUsageStatsV2","createTime":"2026-03-01T13:41:06.362838584Z","satisfiesPzi":true},{"name":"projects/reservaeldia-7a440/locations/us-central1/functions/preparePublicTemplatePreview","buildConfig":{"build":"projects/860495975406/locations/us-central1/builds/cdc08e7e-2094-4d8a-9f6f-34dd7e0c8792","runtime":"nodejs20","entryPoint":"preparePublicTemplatePreview","source":{"storageSource":{"bucket":"gcf-v2-sources-860495975406-us-central1","object":"preparePublicTemplatePreview/function-source.zip","generation":"1785242812548863"}},"environmentVariables":{"GOOGLE_NODE_RUN_SCRIPTS":""},"dockerRepository":"projects/reservaeldia-7a440/locations/us-central1/repositories/gcf-artifacts","sourceProvenance":{"resolvedStorageSource":{"bucket":"gcf-v2-sources-860495975406-us-central1","object":"preparePublicTemplatePreview/function-source.zip","generation":"1785242812548863"}},"dockerRegistry":"ARTIFACT_REGISTRY","serviceAccount":"projects/reservaeldia-7a440/serviceAccounts/860495975406-compute@developer.gserviceaccount.com","automaticUpdatePolicy":{}},"serviceConfig":{"service":"projects/reservaeldia-7a440/locations/us-central1/services/preparepublictemplatepreview","timeoutSeconds":60,"environmentVariables":{"SUPERADMINS_UIDS":"8mvF9cwdbtYo2leAjO11cNxhaLV2","MERCADO_PAGO_PUBLIC_KEY":"APP_USR-a0795dce-baf8-48f6-98af-4defd053ad42","MERCADO_PAGO_ACCESS_TOKEN":"APP_USR-6752615657925923-021923-055cfbc93701d8acfdd153d25b9c4ac8-3215101753","MERCADO_PAGO_CLIENT_ID":"6752615657925923","MERCADO_PAGO_CLIENT_SECRET":"37OPj64uyGyNK2db7e3GBeqizFIF3fuL","MERCADO_PAGO_WEBHOOK_URL":"https://us-central1-reservaeldia-7a440.cloudfunctions.net/mercadoPagoWebhook","MP_WEBHOOK_SECRET":"27104730db6cc9a5f93bc49e4e3f9c70b22f6090845bf7e56d47f3aa2c1589c5","GOOGLE_MAPS_EMBED_API_KEY":"AIzaSyArR56EXHhdSZ1GmpPXwOELlDkoSK-FYrk","FIREBASE_CONFIG":"{\"projectId\":\"reservaeldia-7a440\",\"storageBucket\":\"reservaeldia-7a440.firebasestorage.app\"}","GCLOUD_PROJECT":"reservaeldia-7a440","EVENTARC_CLOUD_EVENT_SOURCE":"projects/reservaeldia-7a440/locations/us-central1/services/preparePublicTemplatePreview","FUNCTION_TARGET":"preparePublicTemplatePreview","LOG_EXECUTION_ID":"true","FUNCTION_SIGNATURE_TYPE":"http"},"maxInstanceCount":60,"ingressSettings":"ALLOW_ALL","uri":"https://preparepublictemplatepreview-vntxuytzsa-uc.a.run.app","serviceAccountEmail":"860495975406-compute@developer.gserviceaccount.com","availableMemory":"512Mi","allTrafficOnLatestRevision":true,"revision":"preparepublictemplatepreview-00047-qom","maxInstanceRequestConcurrency":1,"availableCpu":"0.3333"},"state":"ACTIVE","updateTime":"2026-07-28T12:47:27.711046616Z","labels":{"deployment-tool":"cli-firebase","deployment-callable":"true","firebase-functions-hash":"d122378e98f45effe92711c767be8035f097d07d"},"environment":"GEN_2","url":"https://us-central1-reservaeldia-7a440.cloudfunctions.net/preparePublicTemplatePreview","createTime":"2026-05-17T15:16:02.627832246Z","satisfiesPzi":true},{"name":"projects/reservaeldia-7a440/locations/us-central1/functions/upsertPublicationDiscountCode","buildConfig":{"build":"projects/860495975406/locations/us-central1/builds/c3503ba9-b25a-49e9-a523-0dd176fa3346","runtime":"nodejs20","entryPoint":"upsertPublicationDiscountCode","source":{"storageSource":{"bucket":"gcf-v2-sources-860495975406-us-central1","object":"upsertPublicationDiscountCode/function-source.zip","generation":"1785243150485192"}},"environmentVariables":{"GOOGLE_NODE_RUN_SCRIPTS":""},"dockerRepository":"projects/reservaeldia-7a440/locations/us-central1/repositories/gcf-artifacts","sourceProvenance":{"resolvedStorageSource":{"bucket":"gcf-v2-sources-860495975406-us-central1","object":"upsertPublicationDiscountCode/function-source.zip","generation":"1785243150485192"}},"dockerRegistry":"ARTIFACT_REGISTRY","serviceAccount":"projects/reservaeldia-7a440/serviceAccounts/860495975406-compute@developer.gserviceaccount.com","automaticUpdatePolicy":{}},"serviceConfig":{"service":"projects/reservaeldia-7a440/locations/us-central1/services/upsertpublicationdiscountcode","timeoutSeconds":60,"environmentVariables":{"SUPERADMINS_UIDS":"8mvF9cwdbtYo2leAjO11cNxhaLV2","MERCADO_PAGO_PUBLIC_KEY":"APP_USR-a0795dce-baf8-48f6-98af-4defd053ad42","MERCADO_PAGO_ACCESS_TOKEN":"APP_USR-6752615657925923-021923-055cfbc93701d8acfdd153d25b9c4ac8-3215101753","MERCADO_PAGO_CLIENT_ID":"6752615657925923","MERCADO_PAGO_CLIENT_SECRET":"37OPj64uyGyNK2db7e3GBeqizFIF3fuL","MERCADO_PAGO_WEBHOOK_URL":"https://us-central1-reservaeldia-7a440.cloudfunctions.net/mercadoPagoWebhook","MP_WEBHOOK_SECRET":"27104730db6cc9a5f93bc49e4e3f9c70b22f6090845bf7e56d47f3aa2c1589c5","GOOGLE_MAPS_EMBED_API_KEY":"AIzaSyArR56EXHhdSZ1GmpPXwOELlDkoSK-FYrk","FIREBASE_CONFIG":"{\"projectId\":\"reservaeldia-7a440\",\"storageBucket\":\"reservaeldia-7a440.firebasestorage.app\"}","GCLOUD_PROJECT":"reservaeldia-7a440","EVENTARC_CLOUD_EVENT_SOURCE":"projects/reservaeldia-7a440/locations/us-central1/services/upsertPublicationDiscountCode","FUNCTION_TARGET":"upsertPublicationDiscountCode","LOG_EXECUTION_ID":"true","FUNCTION_SIGNATURE_TYPE":"http"},"maxInstanceCount":100,"ingressSettings":"ALLOW_ALL","uri":"https://upsertpublicationdiscountcode-vntxuytzsa-uc.a.run.app","serviceAccountEmail":"860495975406-compute@developer.gserviceaccount.com","availableMemory":"256Mi","allTrafficOnLatestRevision":true,"revision":"upsertpublicationdiscountcode-00215-gob","maxInstanceRequestConcurrency":1,"availableCpu":"0.1666"},"state":"ACTIVE","updateTime":"2026-07-28T12:53:17.989432855Z","labels":{"firebase-functions-hash":"d122378e98f45effe92711c767be8035f097d07d","deployment-tool":"cli-firebase","deployment-callable":"true"},"environment":"GEN_2","url":"https://us-central1-reservaeldia-7a440.cloudfunctions.net/upsertPublicationDiscountCode","createTime":"2026-02-20T14:26:45.406431012Z","satisfiesPzi":true},{"name":"projects/reservaeldia-7a440/locations/us-central1/functions/getMyProfileStatus","buildConfig":{"build":"projects/860495975406/locations/us-central1/builds/7d221b80-df8a-44b4-8701-79eec488f161","runtime":"nodejs20","entryPoint":"getMyProfileStatus","source":{"storageSource":{"bucket":"gcf-v2-sources-860495975406-us-central1","object":"getMyProfileStatus/function-source.zip","generation":"1786034902735450"}},"environmentVariables":{"GOOGLE_NODE_RUN_SCRIPTS":""},"dockerRepository":"projects/reservaeldia-7a440/locations/us-central1/repositories/gcf-artifacts","sourceProvenance":{"resolvedStorageSource":{"bucket":"gcf-v2-sources-860495975406-us-central1","object":"getMyProfileStatus/function-source.zip","generation":"1786034902735450"}},"dockerRegistry":"ARTIFACT_REGISTRY","serviceAccount":"projects/reservaeldia-7a440/serviceAccounts/860495975406-compute@developer.gserviceaccount.com","automaticUpdatePolicy":{}},"serviceConfig":{"service":"projects/reservaeldia-7a440/locations/us-central1/services/getmyprofilestatus","timeoutSeconds":60,"environmentVariables":{"SUPERADMINS_UIDS":"8mvF9cwdbtYo2leAjO11cNxhaLV2","MERCADO_PAGO_PUBLIC_KEY":"APP_USR-a0795dce-baf8-48f6-98af-4defd053ad42","MERCADO_PAGO_ACCESS_TOKEN":"APP_USR-6752615657925923-021923-055cfbc93701d8acfdd153d25b9c4ac8-3215101753","MERCADO_PAGO_CLIENT_ID":"6752615657925923","MERCADO_PAGO_CLIENT_SECRET":"37OPj64uyGyNK2db7e3GBeqizFIF3fuL","MERCADO_PAGO_WEBHOOK_URL":"https://us-central1-reservaeldia-7a440.cloudfunctions.net/mercadoPagoWebhook","MP_WEBHOOK_SECRET":"27104730db6cc9a5f93bc49e4e3f9c70b22f6090845bf7e56d47f3aa2c1589c5","GOOGLE_MAPS_EMBED_API_KEY":"AIzaSyArR56EXHhdSZ1GmpPXwOELlDkoSK-FYrk","FIREBASE_CONFIG":"{\"projectId\":\"reservaeldia-7a440\",\"storageBucket\":\"reservaeldia-7a440.firebasestorage.app\"}","GCLOUD_PROJECT":"reservaeldia-7a440","EVENTARC_CLOUD_EVENT_SOURCE":"projects/reservaeldia-7a440/locations/us-central1/services/getMyProfileStatus","FUNCTION_TARGET":"getMyProfileStatus","LOG_EXECUTION_ID":"true","FUNCTION_SIGNATURE_TYPE":"http"},"maxInstanceCount":100,"ingressSettings":"ALLOW_ALL","uri":"https://getmyprofilestatus-vntxuytzsa-uc.a.run.app","serviceAccountEmail":"860495975406-compute@developer.gserviceaccount.com","availableMemory":"256Mi","allTrafficOnLatestRevision":true,"revision":"getmyprofilestatus-00249-quh","maxInstanceRequestConcurrency":1,"availableCpu":"0.1666"},"state":"ACTIVE","updateTime":"2026-08-06T16:49:07.639383751Z","labels":{"deployment-tool":"cli-firebase","deployment-callable":"true","firebase-functions-hash":"5efaf1777d259b9855b4eeb91a96fbac3aed1a65"},"environment":"GEN_2","url":"https://us-central1-reservaeldia-7a440.cloudfunctions.net/getMyProfileStatus","createTime":"2026-02-17T21:25:28.079415305Z","satisfiesPzi":true},{"name":"projects/reservaeldia-7a440/locations/us-central1/functions/verInvitacion","buildConfig":{"build":"projects/860495975406/locations/us-central1/builds/6454e527-95a8-45f7-ba38-5303cfa010a9","runtime":"nodejs20","entryPoint":"verInvitacion","source":{"storageSource":{"bucket":"gcf-v2-sources-860495975406-us-central1","object":"verInvitacion/function-source.zip","generation":"1785243344559582"}},"environmentVariables":{"GOOGLE_NODE_RUN_SCRIPTS":""},"dockerRepository":"projects/reservaeldia-7a440/locations/us-central1/repositories/gcf-artifacts","sourceProvenance":{"resolvedStorageSource":{"bucket":"gcf-v2-sources-860495975406-us-central1","object":"verInvitacion/function-source.zip","generation":"1785243344559582"}},"dockerRegistry":"ARTIFACT_REGISTRY","serviceAccount":"projects/reservaeldia-7a440/serviceAccounts/860495975406-compute@developer.gserviceaccount.com","automaticUpdatePolicy":{}},"serviceConfig":{"service":"projects/reservaeldia-7a440/locations/us-central1/services/verinvitacion","timeoutSeconds":60,"environmentVariables":{"SUPERADMINS_UIDS":"8mvF9cwdbtYo2leAjO11cNxhaLV2","MERCADO_PAGO_PUBLIC_KEY":"APP_USR-a0795dce-baf8-48f6-98af-4defd053ad42","MERCADO_PAGO_ACCESS_TOKEN":"APP_USR-6752615657925923-021923-055cfbc93701d8acfdd153d25b9c4ac8-3215101753","MERCADO_PAGO_CLIENT_ID":"6752615657925923","MERCADO_PAGO_CLIENT_SECRET":"37OPj64uyGyNK2db7e3GBeqizFIF3fuL","MERCADO_PAGO_WEBHOOK_URL":"https://us-central1-reservaeldia-7a440.cloudfunctions.net/mercadoPagoWebhook","MP_WEBHOOK_SECRET":"27104730db6cc9a5f93bc49e4e3f9c70b22f6090845bf7e56d47f3aa2c1589c5","GOOGLE_MAPS_EMBED_API_KEY":"AIzaSyArR56EXHhdSZ1GmpPXwOELlDkoSK-FYrk","FIREBASE_CONFIG":"{\"projectId\":\"reservaeldia-7a440\",\"storageBucket\":\"reservaeldia-7a440.firebasestorage.app\"}","GCLOUD_PROJECT":"reservaeldia-7a440","EVENTARC_CLOUD_EVENT_SOURCE":"projects/reservaeldia-7a440/locations/us-central1/services/verInvitacion","FUNCTION_TARGET":"verInvitacion","LOG_EXECUTION_ID":"true","FUNCTION_SIGNATURE_TYPE":"http"},"maxInstanceCount":100,"ingressSettings":"ALLOW_ALL","uri":"https://verinvitacion-vntxuytzsa-uc.a.run.app","serviceAccountEmail":"860495975406-compute@developer.gserviceaccount.com","availableMemory":"256Mi","allTrafficOnLatestRevision":true,"revision":"verinvitacion-00516-suy","maxInstanceRequestConcurrency":1,"availableCpu":"0.1666"},"state":"ACTIVE","updateTime":"2026-07-28T12:56:11.362606313Z","labels":{"deployment-tool":"cli-firebase","firebase-functions-hash":"d122378e98f45effe92711c767be8035f097d07d"},"environment":"GEN_2","url":"https://us-central1-reservaeldia-7a440.cloudfunctions.net/verInvitacion","createTime":"2025-05-18T10:49:42.969823242Z","satisfiesPzi":true},{"name":"projects/reservaeldia-7a440/locations/us-central1/functions/adminUpsertTextPresetV1","buildConfig":{"build":"projects/860495975406/locations/us-central1/builds/286972ba-d751-4f29-8f90-2c27e53fc4e6","runtime":"nodejs20","entryPoint":"adminUpsertTextPresetV1","source":{"storageSource":{"bucket":"gcf-v2-sources-860495975406-us-central1","object":"adminUpsertTextPresetV1/function-source.zip","generation":"1786034593014324"}},"environmentVariables":{"GOOGLE_NODE_RUN_SCRIPTS":""},"dockerRepository":"projects/reservaeldia-7a440/locations/us-central1/repositories/gcf-artifacts","sourceProvenance":{"resolvedStorageSource":{"bucket":"gcf-v2-sources-860495975406-us-central1","object":"adminUpsertTextPresetV1/function-source.zip","generation":"1786034593014324"}},"dockerRegistry":"ARTIFACT_REGISTRY","serviceAccount":"projects/reservaeldia-7a440/serviceAccounts/860495975406-compute@developer.gserviceaccount.com","automaticUpdatePolicy":{}},"serviceConfig":{"service":"projects/reservaeldia-7a440/locations/us-central1/services/adminupserttextpresetv1","timeoutSeconds":60,"environmentVariables":{"SUPERADMINS_UIDS":"8mvF9cwdbtYo2leAjO11cNxhaLV2","MERCADO_PAGO_PUBLIC_KEY":"APP_USR-a0795dce-baf8-48f6-98af-4defd053ad42","MERCADO_PAGO_ACCESS_TOKEN":"APP_USR-6752615657925923-021923-055cfbc93701d8acfdd153d25b9c4ac8-3215101753","MERCADO_PAGO_CLIENT_ID":"6752615657925923","MERCADO_PAGO_CLIENT_SECRET":"37OPj64uyGyNK2db7e3GBeqizFIF3fuL","MERCADO_PAGO_WEBHOOK_URL":"https://us-central1-reservaeldia-7a440.cloudfunctions.net/mercadoPagoWebhook","MP_WEBHOOK_SECRET":"27104730db6cc9a5f93bc49e4e3f9c70b22f6090845bf7e56d47f3aa2c1589c5","GOOGLE_MAPS_EMBED_API_KEY":"AIzaSyArR56EXHhdSZ1GmpPXwOELlDkoSK-FYrk","FIREBASE_CONFIG":"{\"projectId\":\"reservaeldia-7a440\",\"storageBucket\":\"reservaeldia-7a440.firebasestorage.app\"}","GCLOUD_PROJECT":"reservaeldia-7a440","EVENTARC_CLOUD_EVENT_SOURCE":"projects/reservaeldia-7a440/locations/us-central1/services/adminUpsertTextPresetV1","FUNCTION_TARGET":"adminUpsertTextPresetV1","LOG_EXECUTION_ID":"true","FUNCTION_SIGNATURE_TYPE":"http"},"maxInstanceCount":100,"ingressSettings":"ALLOW_ALL","uri":"https://adminupserttextpresetv1-vntxuytzsa-uc.a.run.app","serviceAccountEmail":"860495975406-compute@developer.gserviceaccount.com","availableMemory":"256Mi","allTrafficOnLatestRevision":true,"revision":"adminupserttextpresetv1-00177-kah","maxInstanceRequestConcurrency":1,"availableCpu":"0.1666"},"state":"ACTIVE","updateTime":"2026-08-06T16:43:34.297821238Z","labels":{"deployment-callable":"true","firebase-functions-hash":"5efaf1777d259b9855b4eeb91a96fbac3aed1a65","deployment-tool":"cli-firebase"},"environment":"GEN_2","url":"https://us-central1-reservaeldia-7a440.cloudfunctions.net/adminUpsertTextPresetV1","createTime":"2026-03-02T13:27:17.067996569Z","satisfiesPzi":true},{"name":"projects/reservaeldia-7a440/locations/us-central1/functions/adminUpsertTemplateTagV1","buildConfig":{"build":"projects/860495975406/locations/us-central1/builds/286972ba-d751-4f29-8f90-2c27e53fc4e6","runtime":"nodejs20","entryPoint":"adminUpsertTemplateTagV1","source":{"storageSource":{"bucket":"gcf-v2-sources-860495975406-us-central1","object":"adminUpsertTemplateTagV1/function-source.zip","generation":"1786034592388681"}},"environmentVariables":{"GOOGLE_NODE_RUN_SCRIPTS":""},"dockerRepository":"projects/reservaeldia-7a440/locations/us-central1/repositories/gcf-artifacts","sourceProvenance":{"resolvedStorageSource":{"bucket":"gcf-v2-sources-860495975406-us-central1","object":"adminUpsertTemplateTagV1/function-source.zip","generation":"1786034592388681"}},"dockerRegistry":"ARTIFACT_REGISTRY","serviceAccount":"projects/reservaeldia-7a440/serviceAccounts/860495975406-compute@developer.gserviceaccount.com","automaticUpdatePolicy":{}},"serviceConfig":{"service":"projects/reservaeldia-7a440/locations/us-central1/services/adminupserttemplatetagv1","timeoutSeconds":60,"environmentVariables":{"SUPERADMINS_UIDS":"8mvF9cwdbtYo2leAjO11cNxhaLV2","MERCADO_PAGO_PUBLIC_KEY":"APP_USR-a0795dce-baf8-48f6-98af-4defd053ad42","MERCADO_PAGO_ACCESS_TOKEN":"APP_USR-6752615657925923-021923-055cfbc93701d8acfdd153d25b9c4ac8-3215101753","MERCADO_PAGO_CLIENT_ID":"6752615657925923","MERCADO_PAGO_CLIENT_SECRET":"37OPj64uyGyNK2db7e3GBeqizFIF3fuL","MERCADO_PAGO_WEBHOOK_URL":"https://us-central1-reservaeldia-7a440.cloudfunctions.net/mercadoPagoWebhook","MP_WEBHOOK_SECRET":"27104730db6cc9a5f93bc49e4e3f9c70b22f6090845bf7e56d47f3aa2c1589c5","GOOGLE_MAPS_EMBED_API_KEY":"AIzaSyArR56EXHhdSZ1GmpPXwOELlDkoSK-FYrk","FIREBASE_CONFIG":"{\"projectId\":\"reservaeldia-7a440\",\"storageBucket\":\"reservaeldia-7a440.firebasestorage.app\"}","GCLOUD_PROJECT":"reservaeldia-7a440","EVENTARC_CLOUD_EVENT_SOURCE":"projects/reservaeldia-7a440/locations/us-central1/services/adminUpsertTemplateTagV1","FUNCTION_TARGET":"adminUpsertTemplateTagV1","LOG_EXECUTION_ID":"true","FUNCTION_SIGNATURE_TYPE":"http"},"maxInstanceCount":100,"ingressSettings":"ALLOW_ALL","uri":"https://adminupserttemplatetagv1-vntxuytzsa-uc.a.run.app","serviceAccountEmail":"860495975406-compute@developer.gserviceaccount.com","availableMemory":"256Mi","allTrafficOnLatestRevision":true,"revision":"adminupserttemplatetagv1-00161-huz","maxInstanceRequestConcurrency":1,"availableCpu":"0.1666"},"state":"ACTIVE","updateTime":"2026-08-06T16:43:33.771143527Z","labels":{"deployment-callable":"true","firebase-functions-hash":"5efaf1777d259b9855b4eeb91a96fbac3aed1a65","deployment-tool":"cli-firebase"},"environment":"GEN_2","url":"https://us-central1-reservaeldia-7a440.cloudfunctions.net/adminUpsertTemplateTagV1","createTime":"2026-03-12T21:47:40.895897103Z","satisfiesPzi":true},{"name":"projects/reservaeldia-7a440/locations/us-central1/functions/adminSetIconPriorityV2","buildConfig":{"build":"projects/860495975406/locations/us-central1/builds/57e95542-d7dd-437d-98c6-b8d327037379","runtime":"nodejs20","entryPoint":"adminSetIconPriorityV2","source":{"storageSource":{"bucket":"gcf-v2-sources-860495975406-us-central1","object":"adminSetIconPriorityV2/function-source.zip","generation":"1786034438360126"}},"environmentVariables":{"GOOGLE_NODE_RUN_SCRIPTS":""},"dockerRepository":"projects/reservaeldia-7a440/locations/us-central1/repositories/gcf-artifacts","sourceProvenance":{"resolvedStorageSource":{"bucket":"gcf-v2-sources-860495975406-us-central1","object":"adminSetIconPriorityV2/function-source.zip","generation":"1786034438360126"}},"dockerRegistry":"ARTIFACT_REGISTRY","serviceAccount":"projects/reservaeldia-7a440/serviceAccounts/860495975406-compute@developer.gserviceaccount.com","automaticUpdatePolicy":{}},"serviceConfig":{"service":"projects/reservaeldia-7a440/locations/us-central1/services/adminseticonpriorityv2","timeoutSeconds":60,"environmentVariables":{"SUPERADMINS_UIDS":"8mvF9cwdbtYo2leAjO11cNxhaLV2","MERCADO_PAGO_PUBLIC_KEY":"APP_USR-a0795dce-baf8-48f6-98af-4defd053ad42","MERCADO_PAGO_ACCESS_TOKEN":"APP_USR-6752615657925923-021923-055cfbc93701d8acfdd153d25b9c4ac8-3215101753","MERCADO_PAGO_CLIENT_ID":"6752615657925923","MERCADO_PAGO_CLIENT_SECRET":"37OPj64uyGyNK2db7e3GBeqizFIF3fuL","MERCADO_PAGO_WEBHOOK_URL":"https://us-central1-reservaeldia-7a440.cloudfunctions.net/mercadoPagoWebhook","MP_WEBHOOK_SECRET":"27104730db6cc9a5f93bc49e4e3f9c70b22f6090845bf7e56d47f3aa2c1589c5","GOOGLE_MAPS_EMBED_API_KEY":"AIzaSyArR56EXHhdSZ1GmpPXwOELlDkoSK-FYrk","FIREBASE_CONFIG":"{\"projectId\":\"reservaeldia-7a440\",\"storageBucket\":\"reservaeldia-7a440.firebasestorage.app\"}","GCLOUD_PROJECT":"reservaeldia-7a440","EVENTARC_CLOUD_EVENT_SOURCE":"projects/reservaeldia-7a440/locations/us-central1/services/adminSetIconPriorityV2","FUNCTION_TARGET":"adminSetIconPriorityV2","LOG_EXECUTION_ID":"true","FUNCTION_SIGNATURE_TYPE":"http"},"maxInstanceCount":100,"ingressSettings":"ALLOW_ALL","uri":"https://adminseticonpriorityv2-vntxuytzsa-uc.a.run.app","serviceAccountEmail":"860495975406-compute@developer.gserviceaccount.com","availableMemory":"256Mi","allTrafficOnLatestRevision":true,"revision":"adminseticonpriorityv2-00184-xar","maxInstanceRequestConcurrency":1,"availableCpu":"0.1666"},"state":"ACTIVE","updateTime":"2026-08-06T16:40:47.598675227Z","labels":{"deployment-callable":"true","firebase-functions-hash":"5efaf1777d259b9855b4eeb91a96fbac3aed1a65","deployment-tool":"cli-firebase"},"environment":"GEN_2","url":"https://us-central1-reservaeldia-7a440.cloudfunctions.net/adminSetIconPriorityV2","createTime":"2026-03-01T13:41:06.392186894Z","satisfiesPzi":true}]}
[debug] [2026-08-13T02:26:31.254Z] Checked if tokens are valid: true, expires at: 1786591103748
[debug] [2026-08-13T02:26:31.254Z] Checked if tokens are valid: true, expires at: 1786591103748
[debug] [2026-08-13T02:26:31.257Z] >>> [apiv2][query] PATCH https://firebasehosting.googleapis.com/v1beta1/projects/-/sites/reservaeldia-7a440/versions/1799c9ca1c2fde0f updateMask=status%2Cconfig
[debug] [2026-08-13T02:26:31.258Z] >>> [apiv2][body] PATCH https://firebasehosting.googleapis.com/v1beta1/projects/-/sites/reservaeldia-7a440/versions/1799c9ca1c2fde0f {"status":"FINALIZED","config":{"rewrites":[{"glob":"/i/**","run":{"serviceId":"verinvitacionpublicada","region":"us-central1"}},{"glob":"/dashboard","path":"/index.html"},{"glob":"/dashboard/**","path":"/index.html"}],"headers":[{"glob":"**/*.html","headers":{"Cache-Control":"no-cache, no-store, must-revalidate"}},{"glob":"/dashboard","headers":{"Cache-Control":"no-cache, no-store, must-revalidate","X-Robots-Tag":"noindex, noarchive"}},{"glob":"/dashboard/**","headers":{"Cache-Control":"no-cache, no-store, must-revalidate","X-Robots-Tag":"noindex, noarchive"}},{"glob":"/admin","headers":{"X-Robots-Tag":"noindex, noarchive"}},{"glob":"/admin/**","headers":{"X-Robots-Tag":"noindex, noarchive"}},{"glob":"/boda/**","headers":{"X-Robots-Tag":"noindex, noarchive"}},{"glob":"/para-diseño/**","headers":{"X-Robots-Tag":"noindex, noarchive"}},{"glob":"/404.html","headers":{"X-Robots-Tag":"noindex"}},{"glob":"/404/**","headers":{"X-Robots-Tag":"noindex"}},{"glob":"/assets/**/*.pdf","headers":{"X-Robots-Tag":"noindex"}},{"glob":"/_next/**","headers":{"Cache-Control":"public, max-age=31536000, immutable"}},{"glob":"/assets/**","headers":{"Cache-Control":"public, max-age=31536000, immutable"}}]}}
[debug] [2026-08-13T02:26:32.097Z] <<< [apiv2][status] PATCH https://firebasehosting.googleapis.com/v1beta1/projects/-/sites/reservaeldia-7a440/versions/1799c9ca1c2fde0f 200
[debug] [2026-08-13T02:26:32.098Z] <<< [apiv2][body] PATCH https://firebasehosting.googleapis.com/v1beta1/projects/-/sites/reservaeldia-7a440/versions/1799c9ca1c2fde0f {"name":"projects/860495975406/sites/reservaeldia-7a440/versions/1799c9ca1c2fde0f","status":"FINALIZED","config":{"headers":[{"headers":{"Cache-Control":"no-cache, no-store, must-revalidate"},"glob":"**/*.html"},{"headers":{"Cache-Control":"no-cache, no-store, must-revalidate","X-Robots-Tag":"noindex, noarchive"},"glob":"/dashboard"},{"headers":{"Cache-Control":"no-cache, no-store, must-revalidate","X-Robots-Tag":"noindex, noarchive"},"glob":"/dashboard/**"},{"headers":{"X-Robots-Tag":"noindex, noarchive"},"glob":"/admin"},{"headers":{"X-Robots-Tag":"noindex, noarchive"},"glob":"/admin/**"},{"headers":{"X-Robots-Tag":"noindex, noarchive"},"glob":"/boda/**"},{"headers":{"X-Robots-Tag":"noindex, noarchive"},"glob":"/para-diseño/**"},{"headers":{"X-Robots-Tag":"noindex"},"glob":"/404.html"},{"headers":{"X-Robots-Tag":"noindex"},"glob":"/404/**"},{"headers":{"X-Robots-Tag":"noindex"},"glob":"/assets/**/*.pdf"},{"headers":{"Cache-Control":"public, max-age=31536000, immutable"},"glob":"/_next/**"},{"headers":{"Cache-Control":"public, max-age=31536000, immutable"},"glob":"/assets/**"}],"rewrites":[{"glob":"/i/**","run":{"serviceId":"verinvitacionpublicada","region":"us-central1"}},{"glob":"/dashboard","path":"/index.html"},{"glob":"/dashboard/**","path":"/index.html"}]},"labels":{"deployment-tool":"cli-firebase"},"createTime":"2026-08-13T02:26:21.718362Z","createUser":{"email":"reservaeldia.invitaciones@gmail.com"},"finalizeTime":"2026-08-13T02:26:31.845541Z","finalizeUser":{"email":"reservaeldia.invitaciones@gmail.com"}}
[debug] [2026-08-13T02:26:32.099Z] [hosting] finalized version for reservaeldia-7a440:[object Object]
[info] +  hosting[reservaeldia-7a440]: version finalized 
[info] i  hosting[reservaeldia-7a440]: releasing new version... 
[debug] [2026-08-13T02:26:32.101Z] Checked if tokens are valid: true, expires at: 1786591103748
[debug] [2026-08-13T02:26:32.102Z] Checked if tokens are valid: true, expires at: 1786591103748
[debug] [2026-08-13T02:26:32.103Z] >>> [apiv2][query] POST https://firebasehosting.googleapis.com/v1beta1/projects/-/sites/reservaeldia-7a440/channels/live/releases versionName=projects%2F860495975406%2Fsites%2Freservaeldia-7a440%2Fversions%2F1799c9ca1c2fde0f
[debug] [2026-08-13T02:26:32.104Z] >>> [apiv2][body] POST https://firebasehosting.googleapis.com/v1beta1/projects/-/sites/reservaeldia-7a440/channels/live/releases {}
[debug] [2026-08-13T02:26:33.172Z] <<< [apiv2][status] POST https://firebasehosting.googleapis.com/v1beta1/projects/-/sites/reservaeldia-7a440/channels/live/releases 200
